<TICKER>;<PER>;<DATE>;<TIME>;<OPEN>;<HIGH>;<LOW>;<CLOSE>;<VOL>
SIBN;D;03/01/18;000000;244.8000000;246.6000000;242.1500000;242.5000000;174440
SIBN;D;04/01/18;000000;243.3500000;245.2500000;242.0500000;243.7000000;193550
SIBN;D;05/01/18;000000;243.8500000;244.7500000;242.0500000;244.2000000;144310
SIBN;D;09/01/18;000000;244.5500000;249.1000000;244.2500000;249.1000000;324490
SIBN;D;10/01/18;000000;249.1000000;253.2500000;246.7500000;253.0000000;419760
SIBN;D;11/01/18;000000;253.7500000;256.8500000;250.2000000;255.7000000;415460
SIBN;D;12/01/18;000000;256.0000000;268.3000000;253.8000000;259.9000000;525590
SIBN;D;15/01/18;000000;261.8500000;264.0000000;257.9500000;258.5500000;259770
SIBN;D;16/01/18;000000;259.6500000;260.7000000;258.0000000;259.1000000;156140
SIBN;D;17/01/18;000000;258.9500000;262.0500000;253.9500000;262.0500000;271740
SIBN;D;18/01/18;000000;261.5500000;271.0000000;261.4500000;269.9500000;702900
SIBN;D;19/01/18;000000;270.0000000;272.1000000;264.0000000;266.4500000;189460
SIBN;D;22/01/18;000000;267.4000000;269.2500000;265.7500000;268.5000000;172430
SIBN;D;23/01/18;000000;269.1500000;270.3500000;265.0000000;269.3500000;330540
SIBN;D;24/01/18;000000;269.0000000;270.9500000;266.5500000;269.0000000;139920
SIBN;D;25/01/18;000000;269.7000000;278.5000000;268.7000000;277.9000000;329150
SIBN;D;26/01/18;000000;278.9500000;280.0000000;274.0000000;276.7000000;211110
SIBN;D;29/01/18;000000;276.7000000;280.0000000;276.1500000;279.6000000;168080
SIBN;D;30/01/18;000000;277.3000000;282.3500000;277.0500000;280.1000000;146880
SIBN;D;31/01/18;000000;280.5500000;281.4500000;278.6000000;279.1000000;221920
SIBN;D;01/02/18;000000;280.5000000;285.2000000;280.1000000;281.2000000;310110
SIBN;D;02/02/18;000000;281.6000000;285.2000000;281.5000000;283.7000000;245980
SIBN;D;05/02/18;000000;283.2500000;283.2500000;279.6000000;281.2000000;351760
SIBN;D;06/02/18;000000;261.0000000;279.0000000;260.7500000;274.0000000;365380
SIBN;D;07/02/18;000000;276.7500000;282.3000000;274.6000000;281.9000000;255910
SIBN;D;08/02/18;000000;278.1000000;287.2000000;276.4500000;286.2000000;213780
SIBN;D;09/02/18;000000;284.0500000;285.0000000;278.7000000;280.1500000;244870
SIBN;D;12/02/18;000000;281.3500000;287.9000000;278.5500000;281.4500000;222220
SIBN;D;13/02/18;000000;281.3500000;284.9500000;278.8000000;282.3000000;271940
SIBN;D;14/02/18;000000;283.0000000;283.3500000;279.4000000;280.0000000;495700
SIBN;D;15/02/18;000000;284.6000000;285.5000000;279.3000000;283.9500000;290340
SIBN;D;16/02/18;000000;285.0000000;285.8000000;276.8000000;278.0500000;407380
SIBN;D;19/02/18;000000;278.6500000;282.5000000;278.6500000;282.3000000;213430
SIBN;D;20/02/18;000000;282.3000000;283.9500000;280.7500000;281.6000000;161780
SIBN;D;21/02/18;000000;282.2000000;282.8500000;280.1000000;281.9500000;114380
SIBN;D;22/02/18;000000;281.9500000;285.0000000;278.2500000;283.0500000;216440
SIBN;D;26/02/18;000000;285.0000000;288.0500000;283.4500000;284.6500000;299190
SIBN;D;27/02/18;000000;284.6500000;287.0000000;283.7000000;286.9000000;210940
SIBN;D;28/02/18;000000;287.2000000;287.8500000;283.9000000;283.9000000;158090
SIBN;D;01/03/18;000000;283.5500000;294.8000000;281.0500000;294.8000000;323300
SIBN;D;02/03/18;000000;293.4000000;293.4500000;287.1000000;291.4500000;109960
SIBN;D;05/03/18;000000;292.4500000;294.5500000;288.1000000;291.8500000;126330
SIBN;D;06/03/18;000000;291.7500000;294.9000000;291.7000000;294.6500000;119570
SIBN;D;07/03/18;000000;293.1500000;294.2000000;290.5500000;291.8500000;77500
SIBN;D;09/03/18;000000;292.2500000;294.2000000;290.3000000;292.7500000;81910
SIBN;D;12/03/18;000000;293.5500000;295.9000000;289.6500000;290.0500000;87350
SIBN;D;13/03/18;000000;291.0000000;292.3000000;286.0000000;288.0000000;234850
SIBN;D;14/03/18;000000;287.6500000;287.7000000;285.4000000;286.7000000;82680
SIBN;D;15/03/18;000000;287.6000000;288.0000000;281.1500000;284.5000000;154110
SIBN;D;16/03/18;000000;284.0000000;289.0500000;282.0000000;289.0500000;195730
SIBN;D;19/03/18;000000;289.0000000;292.1500000;287.3500000;290.3500000;134920
SIBN;D;20/03/18;000000;290.1000000;292.6000000;288.5000000;292.4500000;211460
SIBN;D;21/03/18;000000;292.1500000;293.2500000;291.2000000;292.9000000;107640
SIBN;D;22/03/18;000000;293.0000000;293.2500000;289.0000000;290.0000000;213750
SIBN;D;23/03/18;000000;290.8000000;290.8000000;288.0000000;288.0000000;138910
SIBN;D;26/03/18;000000;288.5500000;291.0000000;288.3500000;288.4500000;82620
SIBN;D;27/03/18;000000;294.0000000;297.0000000;290.5500000;296.9500000;226230
SIBN;D;28/03/18;000000;294.5500000;296.9500000;294.5500000;295.2500000;73930
SIBN;D;29/03/18;000000;295.7500000;297.0000000;295.1000000;295.1000000;51400
SIBN;D;30/03/18;000000;296.7500000;297.0000000;295.8500000;295.8500000;33370
SIBN;D;02/04/18;000000;296.1000000;299.2000000;296.1000000;299.1500000;63420
SIBN;D;03/04/18;000000;296.8000000;300.0000000;292.9500000;298.9000000;203910
SIBN;D;04/04/18;000000;300.2000000;303.3500000;298.8500000;303.3500000;82220
SIBN;D;05/04/18;000000;302.9500000;315.9000000;302.9500000;314.0000000;335140
SIBN;D;06/04/18;000000;314.0000000;314.7000000;310.8000000;312.0500000;115460
SIBN;D;09/04/18;000000;311.0000000;311.9000000;289.8000000;297.4000000;703410
SIBN;D;10/04/18;000000;292.9000000;309.0000000;291.5000000;298.6500000;394770
SIBN;D;11/04/18;000000;298.7500000;305.0000000;287.0000000;288.8000000;441500
SIBN;D;12/04/18;000000;292.2500000;298.3000000;292.2000000;296.7500000;234690
SIBN;D;13/04/18;000000;298.0000000;299.7000000;295.3000000;296.7000000;163640
SIBN;D;16/04/18;000000;292.9500000;304.0000000;291.2500000;302.1000000;281780
SIBN;D;17/04/18;000000;304.0000000;309.8000000;304.0000000;306.5000000;128480
SIBN;D;18/04/18;000000;308.3000000;311.9500000;307.4500000;310.1000000;169010
SIBN;D;19/04/18;000000;311.6500000;313.1000000;296.2000000;302.3500000;351510
SIBN;D;20/04/18;000000;303.8000000;305.7500000;299.8000000;301.1000000;316510
SIBN;D;23/04/18;000000;303.7500000;306.1500000;301.3000000;304.3000000;251670
SIBN;D;24/04/18;000000;305.2500000;305.5500000;299.0500000;299.8500000;166770
SIBN;D;25/04/18;000000;300.0000000;301.5000000;295.4000000;297.0000000;137670
SIBN;D;26/04/18;000000;299.5000000;302.4500000;297.7000000;302.3000000;475250
SIBN;D;27/04/18;000000;303.1500000;306.3000000;301.3500000;305.0000000;298420
SIBN;D;28/04/18;000000;305.9000000;306.8500000;303.6500000;306.0000000;30850
SIBN;D;30/04/18;000000;306.6000000;310.2500000;306.2000000;308.2000000;191710
SIBN;D;02/05/18;000000;308.4500000;312.1500000;308.4500000;309.0000000;189530
SIBN;D;03/05/18;000000;309.0500000;309.2000000;304.0000000;304.1000000;89420
SIBN;D;04/05/18;000000;303.0000000;309.0000000;302.0000000;307.8500000;91480
SIBN;D;07/05/18;000000;308.2500000;315.5000000;308.2500000;315.5000000;323120
SIBN;D;08/05/18;000000;314.8000000;316.8000000;311.6000000;313.7000000;275860
SIBN;D;10/05/18;000000;318.3000000;321.7500000;313.3000000;313.6500000;286500
SIBN;D;11/05/18;000000;313.7500000;332.4500000;313.7500000;332.4500000;420300
SIBN;D;14/05/18;000000;329.8000000;335.0500000;316.2000000;325.1000000;1069090
SIBN;D;15/05/18;000000;325.7500000;328.5000000;324.3000000;326.1500000;352560
SIBN;D;16/05/18;000000;327.0000000;329.9500000;324.5500000;329.8500000;166460
SIBN;D;17/05/18;000000;332.0500000;332.0500000;322.5000000;323.0000000;312110
SIBN;D;18/05/18;000000;323.0000000;327.5000000;323.0000000;325.0000000;143920
SIBN;D;21/05/18;000000;327.1500000;328.5000000;326.2500000;327.4500000;155970
SIBN;D;22/05/18;000000;327.5000000;332.4500000;326.1000000;332.4500000;170520
SIBN;D;23/05/18;000000;331.9000000;336.0000000;329.7500000;333.1000000;215140
SIBN;D;24/05/18;000000;334.1500000;336.0000000;331.2500000;332.2500000;107180
SIBN;D;25/05/18;000000;331.7000000;334.9000000;327.8000000;331.0000000;182610
SIBN;D;28/05/18;000000;329.5000000;335.0000000;327.9000000;331.2000000;49400
SIBN;D;29/05/18;000000;332.3500000;332.4000000;329.0000000;329.9000000;37530
SIBN;D;30/05/18;000000;329.5000000;331.3500000;326.4000000;328.9500000;116700
SIBN;D;31/05/18;000000;327.4000000;328.5500000;318.5000000;321.9000000;121950
SIBN;D;01/06/18;000000;322.9000000;323.6000000;313.0500000;318.0000000;414950
SIBN;D;04/06/18;000000;320.0000000;321.9500000;316.7000000;321.7000000;165010
SIBN;D;05/06/18;000000;322.1000000;326.0000000;321.1500000;326.0000000;179110
SIBN;D;06/06/18;000000;328.2000000;328.2500000;325.0000000;326.0000000;95480
SIBN;D;07/06/18;000000;326.6500000;330.0000000;326.4500000;327.2000000;73410
SIBN;D;08/06/18;000000;327.7500000;330.0000000;325.1500000;326.1000000;85790
SIBN;D;09/06/18;000000;327.5000000;329.0000000;326.3500000;327.3000000;25510
SIBN;D;11/06/18;000000;325.6500000;330.3500000;325.2000000;329.7500000;71640
SIBN;D;13/06/18;000000;328.3000000;329.7000000;320.5500000;322.9500000;140810
SIBN;D;14/06/18;000000;321.0000000;321.4000000;318.0500000;320.0000000;151670
SIBN;D;15/06/18;000000;318.4500000;324.6500000;317.9500000;323.5500000;83200
SIBN;D;18/06/18;000000;323.5500000;323.5500000;320.2500000;322.0000000;53280
SIBN;D;19/06/18;000000;320.1000000;324.0000000;319.4000000;320.0000000;59260
SIBN;D;20/06/18;000000;319.2000000;322.4500000;302.3500000;315.1000000;219130
SIBN;D;21/06/18;000000;314.0000000;314.8500000;305.8500000;314.7500000;373440
SIBN;D;22/06/18;000000;314.9000000;315.9000000;311.4500000;312.4000000;127300
SIBN;D;25/06/18;000000;307.5000000;309.2000000;303.3500000;308.9500000;161680
SIBN;D;26/06/18;000000;306.8000000;309.5500000;304.0500000;309.2000000;163590
SIBN;D;27/06/18;000000;309.5000000;313.7500000;306.5500000;311.0000000;150010
SIBN;D;28/06/18;000000;311.7500000;315.2500000;310.1000000;313.6000000;210570
SIBN;D;29/06/18;000000;312.0000000;328.9500000;312.0000000;324.0000000;266600
SIBN;D;02/07/18;000000;322.9000000;328.7000000;321.2000000;323.9000000;191320
SIBN;D;03/07/18;000000;324.4000000;332.3000000;323.3000000;327.8000000;411590
SIBN;D;04/07/18;000000;329.1000000;334.4000000;324.9500000;334.4000000;261200
SIBN;D;05/07/18;000000;332.4000000;335.1000000;332.1500000;335.0000000;133880
SIBN;D;06/07/18;000000;334.9000000;335.3500000;327.1000000;335.0000000;285390
SIBN;D;09/07/18;000000;336.0000000;339.5000000;334.2500000;339.2000000;229210
SIBN;D;10/07/18;000000;340.4000000;342.5000000;337.9500000;340.3000000;252510
SIBN;D;11/07/18;000000;341.3500000;342.0000000;336.5500000;338.4500000;213300
SIBN;D;12/07/18;000000;339.0500000;339.5000000;336.7500000;339.2000000;144600
SIBN;D;13/07/18;000000;339.5000000;340.3000000;338.3000000;340.1000000;102120
SIBN;D;16/07/18;000000;341.1500000;341.9000000;338.2500000;338.9500000;133880
SIBN;D;17/07/18;000000;338.9000000;339.3000000;334.3000000;338.9000000;120520
SIBN;D;18/07/18;000000;338.7500000;345.7000000;337.2500000;342.1000000;105900
SIBN;D;19/07/18;000000;342.8500000;344.9500000;336.3500000;338.6500000;157220
SIBN;D;20/07/18;000000;339.0000000;341.0000000;337.0000000;337.7500000;87650
SIBN;D;23/07/18;000000;337.7500000;340.9500000;337.7500000;340.9000000;203060
SIBN;D;24/07/18;000000;340.9500000;341.6000000;333.4000000;334.7000000;107080
SIBN;D;25/07/18;000000;335.8500000;336.7500000;329.0500000;330.3500000;204740
SIBN;D;26/07/18;000000;331.8000000;335.7000000;328.0000000;329.7000000;123120
SIBN;D;27/07/18;000000;331.2000000;333.4500000;325.6000000;328.9000000;179410
SIBN;D;30/07/18;000000;329.4000000;331.6500000;320.5000000;325.2000000;189140
SIBN;D;31/07/18;000000;326.9000000;329.3000000;321.4500000;328.2000000;179670
SIBN;D;01/08/18;000000;328.9000000;335.7000000;325.9000000;333.5000000;174050
SIBN;D;02/08/18;000000;330.7000000;335.5000000;328.0000000;328.6000000;86060
SIBN;D;03/08/18;000000;329.2000000;329.4000000;322.1000000;327.0000000;109550
SIBN;D;06/08/18;000000;328.2000000;331.5000000;327.5000000;328.3000000;56370
SIBN;D;07/08/18;000000;328.6000000;332.1000000;328.4000000;329.2000000;83910
SIBN;D;08/08/18;000000;329.8000000;329.9000000;312.5000000;316.0000000;393710
SIBN;D;09/08/18;000000;317.3000000;338.0000000;312.8000000;329.4000000;403710
SIBN;D;10/08/18;000000;330.1000000;337.6000000;328.4000000;330.6000000;279680
SIBN;D;13/08/18;000000;327.0000000;332.8000000;326.2000000;331.6000000;86680
SIBN;D;14/08/18;000000;332.4000000;332.8000000;327.3000000;330.3000000;66120
SIBN;D;15/08/18;000000;331.4000000;334.5000000;327.5000000;332.2000000;214340
SIBN;D;16/08/18;000000;333.0000000;345.0000000;331.1000000;342.8000000;369390
SIBN;D;17/08/18;000000;343.5000000;355.0000000;335.1000000;336.3000000;291470
SIBN;D;20/08/18;000000;337.0000000;339.8000000;332.8000000;336.3000000;132570
SIBN;D;21/08/18;000000;336.0000000;337.2000000;334.3000000;335.0000000;109780
SIBN;D;22/08/18;000000;335.6000000;341.1000000;334.2000000;334.3000000;235750
SIBN;D;23/08/18;000000;335.1000000;337.7000000;330.1000000;330.1000000;193830
SIBN;D;24/08/18;000000;331.5000000;335.0000000;327.2000000;330.3000000;314760
SIBN;D;27/08/18;000000;331.9000000;338.5000000;330.0000000;338.5000000;93860
SIBN;D;28/08/18;000000;338.8000000;339.4000000;335.5000000;335.5000000;109330
SIBN;D;29/08/18;000000;336.6000000;343.0000000;335.7000000;341.2000000;138650
SIBN;D;30/08/18;000000;341.2000000;342.4000000;336.2000000;338.8000000;157270
SIBN;D;31/08/18;000000;338.0000000;338.0000000;335.0000000;335.8000000;67140
SIBN;D;03/09/18;000000;336.1000000;340.4000000;335.9000000;339.9000000;53450
SIBN;D;04/09/18;000000;339.9000000;342.0000000;336.1000000;337.2000000;130170
SIBN;D;05/09/18;000000;336.4000000;336.6000000;332.0000000;332.5000000;100720
SIBN;D;06/09/18;000000;332.2000000;335.8000000;330.3000000;331.3000000;243370
SIBN;D;07/09/18;000000;332.0000000;332.0000000;324.4000000;327.8000000;190330
SIBN;D;10/09/18;000000;327.0000000;334.9000000;327.0000000;334.1000000;218790
SIBN;D;11/09/18;000000;334.5000000;336.3000000;320.5000000;324.3000000;536120
SIBN;D;12/09/18;000000;326.0000000;328.6000000;316.4000000;323.0000000;590340
SIBN;D;13/09/18;000000;322.1000000;325.2000000;317.8000000;323.1000000;482160
SIBN;D;14/09/18;000000;323.9000000;331.1000000;322.3000000;328.7000000;284720
SIBN;D;17/09/18;000000;329.3000000;333.6000000;327.3000000;331.8000000;231880
SIBN;D;18/09/18;000000;330.6000000;334.2000000;327.8000000;332.2000000;337630
SIBN;D;19/09/18;000000;334.0000000;338.0000000;332.7000000;333.4000000;259660
SIBN;D;20/09/18;000000;334.2000000;338.0000000;334.1000000;334.7000000;154010
SIBN;D;21/09/18;000000;334.8000000;338.9000000;333.8000000;335.0000000;245520
SIBN;D;24/09/18;000000;337.7000000;345.0000000;336.0000000;343.4000000;253510
SIBN;D;25/09/18;000000;343.4000000;349.9000000;343.4000000;348.8000000;230010
SIBN;D;26/09/18;000000;350.0000000;359.8000000;348.0000000;356.0000000;554270
SIBN;D;27/09/18;000000;359.1000000;360.2000000;351.5000000;358.2000000;470230
SIBN;D;28/09/18;000000;358.4000000;379.0000000;355.2000000;370.7000000;526820
SIBN;D;01/10/18;000000;372.8000000;384.0000000;363.1000000;368.6000000;389860
SIBN;D;02/10/18;000000;370.2000000;379.5000000;366.6000000;367.0000000;366270
SIBN;D;03/10/18;000000;368.5000000;378.5000000;367.0000000;377.6000000;581680
SIBN;D;04/10/18;000000;379.9000000;386.9000000;373.9000000;383.8000000;518210
SIBN;D;05/10/18;000000;385.0000000;387.0000000;372.1000000;385.5000000;338470
SIBN;D;08/10/18;000000;386.0000000;391.8000000;383.5000000;384.9000000;306860
SIBN;D;09/10/18;000000;389.0000000;404.6000000;388.8000000;395.4000000;467690
SIBN;D;10/10/18;000000;397.9000000;402.0000000;387.0000000;390.8000000;380030
SIBN;D;11/10/18;000000;382.0000000;384.0000000;375.0000000;377.7000000;737930
SIBN;D;12/10/18;000000;379.8000000;387.6000000;377.7000000;386.5000000;193560
SIBN;D;15/10/18;000000;389.2000000;398.9000000;388.8000000;394.2000000;299230
SIBN;D;16/10/18;000000;394.3000000;398.8000000;393.0000000;395.6000000;175970
SIBN;D;17/10/18;000000;398.4000000;399.3000000;383.0000000;383.7000000;199550
SIBN;D;18/10/18;000000;385.9000000;391.6000000;368.7000000;372.0000000;357830
SIBN;D;19/10/18;000000;374.5000000;374.9000000;362.7000000;366.0000000;326180
SIBN;D;22/10/18;000000;367.9000000;375.0000000;362.7000000;367.3000000;248750
SIBN;D;23/10/18;000000;367.5000000;367.5000000;360.2000000;365.1000000;182820
SIBN;D;24/10/18;000000;367.0000000;379.4000000;355.7000000;379.0000000;279140
SIBN;D;25/10/18;000000;376.0000000;377.5000000;362.9000000;372.1000000;308800
SIBN;D;26/10/18;000000;369.8000000;371.9000000;366.1000000;369.8000000;211880
SIBN;D;29/10/18;000000;368.0000000;378.9000000;367.0000000;373.3000000;181390
SIBN;D;30/10/18;000000;375.0000000;382.4000000;374.3000000;378.5000000;175060
SIBN;D;31/10/18;000000;380.0000000;387.0000000;379.5000000;385.0000000;238380
SIBN;D;01/11/18;000000;385.0000000;388.5000000;382.0000000;386.5000000;125550
SIBN;D;02/11/18;000000;388.4000000;395.7000000;383.8000000;387.0000000;444460
SIBN;D;06/11/18;000000;389.0000000;393.0000000;375.0000000;386.0000000;520910
SIBN;D;07/11/18;000000;386.0000000;391.0000000;381.0000000;386.0000000;285430
SIBN;D;08/11/18;000000;389.9000000;394.0000000;389.1000000;389.5000000;345270
SIBN;D;09/11/18;000000;389.2000000;389.2000000;370.0000000;377.0000000;419500
SIBN;D;12/11/18;000000;380.9000000;384.6000000;374.0000000;377.0000000;175300
SIBN;D;13/11/18;000000;380.7000000;389.5000000;375.0000000;375.0000000;689300
SIBN;D;14/11/18;000000;373.5000000;373.5000000;365.2000000;372.2000000;817630
SIBN;D;15/11/18;000000;371.7000000;377.0000000;370.7000000;373.5000000;309380
SIBN;D;16/11/18;000000;377.9000000;384.1000000;376.6000000;377.0000000;414170
SIBN;D;19/11/18;000000;378.0000000;383.5000000;368.3000000;370.6000000;518130
SIBN;D;20/11/18;000000;369.7000000;374.0000000;357.5000000;361.8000000;535040
SIBN;D;21/11/18;000000;360.0000000;369.9000000;356.7000000;363.9000000;535680
SIBN;D;22/11/18;000000;364.3000000;369.2000000;351.7000000;362.8000000;365560
SIBN;D;23/11/18;000000;360.1000000;361.1000000;345.9000000;351.0000000;511790
SIBN;D;26/11/18;000000;352.0000000;357.0000000;340.8000000;345.5000000;427810
SIBN;D;27/11/18;000000;342.4000000;358.8000000;341.9000000;357.6000000;357450
SIBN;D;28/11/18;000000;358.2000000;365.2000000;358.2000000;364.1000000;341890
SIBN;D;29/11/18;000000;364.5000000;368.0000000;356.0000000;359.1000000;527110
SIBN;D;30/11/18;000000;358.6000000;365.0000000;356.5000000;363.2000000;366740
SIBN;D;03/12/18;000000;368.0000000;379.0000000;368.0000000;378.2000000;820220
SIBN;D;04/12/18;000000;379.0000000;387.0000000;378.5000000;385.0000000;666410
SIBN;D;05/12/18;000000;381.1000000;388.0000000;375.2000000;382.1000000;409660
SIBN;D;06/12/18;000000;380.0000000;392.3000000;376.3000000;380.0000000;921290
SIBN;D;07/12/18;000000;381.3000000;385.6000000;377.0000000;382.0000000;709250
SIBN;D;10/12/18;000000;380.8000000;381.0000000;371.0000000;371.0000000;571580
SIBN;D;11/12/18;000000;373.0000000;376.4000000;361.0000000;366.7000000;618550
SIBN;D;12/12/18;000000;367.6000000;370.6000000;363.6000000;365.6000000;329970
SIBN;D;13/12/18;000000;365.6000000;367.0000000;361.0000000;363.8000000;363260
SIBN;D;14/12/18;000000;363.6000000;370.0000000;361.2000000;362.8000000;442960
SIBN;D;17/12/18;000000;363.0000000;368.0000000;361.2000000;363.1000000;402370
SIBN;D;18/12/18;000000;361.6000000;362.5000000;352.6000000;354.2000000;750390
SIBN;D;19/12/18;000000;352.1000000;355.2000000;350.7000000;350.7000000;598120
SIBN;D;20/12/18;000000;350.6000000;351.5000000;346.0000000;350.0000000;583570
SIBN;D;21/12/18;000000;349.5000000;359.5000000;347.7000000;353.0000000;540090
SIBN;D;24/12/18;000000;353.5000000;358.6000000;353.3000000;355.4000000;436650
SIBN;D;25/12/18;000000;353.4000000;355.0000000;344.9000000;351.5000000;505500
SIBN;D;26/12/18;000000;350.2000000;359.8000000;349.4000000;359.5000000;806940
SIBN;D;27/12/18;000000;344.6000000;349.2000000;343.6000000;344.0000000;827480
SIBN;D;28/12/18;000000;343.6000000;348.4000000;341.2000000;344.1000000;452380
SIBN;D;29/12/18;000000;344.2000000;347.0000000;343.6000000;346.7000000;183890
SIBN;D;03/01/19;000000;344.0000000;349.4000000;344.0000000;345.8000000;183410
SIBN;D;04/01/19;000000;347.8000000;348.6000000;345.5000000;348.5000000;259370
SIBN;D;08/01/19;000000;349.1000000;352.9000000;347.1000000;348.8000000;228040
SIBN;D;09/01/19;000000;349.9000000;353.0000000;349.6000000;352.0000000;258880
SIBN;D;10/01/19;000000;352.9000000;356.0000000;350.3000000;354.8000000;313800
SIBN;D;11/01/19;000000;354.4000000;359.8000000;354.4000000;357.7000000;413300
SIBN;D;14/01/19;000000;357.8000000;357.8000000;351.7000000;355.7000000;297290
SIBN;D;15/01/19;000000;356.0000000;357.8000000;355.1000000;355.4000000;227920
SIBN;D;16/01/19;000000;356.0000000;356.6000000;348.0000000;351.0000000;1018830
SIBN;D;17/01/19;000000;352.4000000;352.4000000;343.9000000;345.0000000;694250
SIBN;D;18/01/19;000000;347.8000000;348.5000000;344.4000000;346.0000000;530540
SIBN;D;21/01/19;000000;347.4000000;348.8000000;344.0000000;344.0000000;303440
SIBN;D;22/01/19;000000;345.0000000;346.2000000;343.0000000;344.2000000;311550
SIBN;D;23/01/19;000000;344.0000000;351.0000000;343.5000000;349.3000000;658760
SIBN;D;24/01/19;000000;349.8000000;350.9000000;343.7000000;344.9000000;476860
SIBN;D;25/01/19;000000;348.2000000;348.3000000;343.0000000;343.0000000;339580
SIBN;D;28/01/19;000000;345.6000000;345.6000000;340.6000000;340.6000000;1318450
SIBN;D;29/01/19;000000;340.4000000;343.1000000;328.0000000;340.6000000;596010
SIBN;D;30/01/19;000000;341.0000000;346.5000000;339.2000000;345.5000000;584660
SIBN;D;31/01/19;000000;347.2000000;350.4000000;342.0000000;342.0000000;763930
SIBN;D;01/02/19;000000;343.0000000;345.8500000;342.2500000;345.4500000;482940
SIBN;D;04/02/19;000000;345.8000000;347.5000000;343.5000000;345.1500000;305850
SIBN;D;05/02/19;000000;345.0500000;346.8500000;343.0000000;345.7000000;281320
SIBN;D;06/02/19;000000;345.7500000;346.9000000;344.5000000;345.7000000;184510
SIBN;D;07/02/19;000000;345.4500000;346.3000000;340.4000000;341.9500000;406960
SIBN;D;08/02/19;000000;341.1000000;343.8000000;340.5000000;341.2000000;262020
SIBN;D;11/02/19;000000;343.4000000;344.6000000;341.1000000;341.2000000;275620
SIBN;D;12/02/19;000000;341.7500000;342.8500000;340.6500000;341.0000000;287960
SIBN;D;13/02/19;000000;341.9500000;342.2000000;338.0500000;339.0000000;313930
SIBN;D;14/02/19;000000;336.5000000;344.9000000;333.6500000;343.0000000;572790
SIBN;D;15/02/19;000000;344.5000000;345.1000000;342.3000000;343.4000000;442700
SIBN;D;18/02/19;000000;343.7000000;345.1000000;342.2500000;343.1500000;396250
SIBN;D;19/02/19;000000;342.8000000;344.0000000;337.1000000;337.7500000;242980
SIBN;D;20/02/19;000000;340.0000000;340.9500000;336.2000000;336.8000000;753420
SIBN;D;21/02/19;000000;338.8500000;343.5000000;334.9000000;335.4500000;925650
SIBN;D;22/02/19;000000;336.0000000;337.7000000;335.0000000;335.9000000;354890
SIBN;D;25/02/19;000000;336.4500000;337.0000000;334.0000000;334.8500000;532090
SIBN;D;26/02/19;000000;334.5500000;335.5000000;330.6000000;331.2500000;453550
SIBN;D;27/02/19;000000;331.6500000;334.1000000;326.0500000;327.6000000;709610
SIBN;D;28/02/19;000000;328.2000000;329.0000000;322.2000000;327.9000000;477930
SIBN;D;01/03/19;000000;328.6000000;332.6000000;328.2000000;331.0000000;499730
SIBN;D;04/03/19;000000;331.4000000;334.9500000;329.0000000;334.0000000;292080
SIBN;D;05/03/19;000000;332.6000000;334.8000000;328.4000000;332.0000000;316400
SIBN;D;06/03/19;000000;332.6000000;332.9500000;330.0500000;332.0000000;229310
SIBN;D;07/03/19;000000;331.6000000;331.6000000;328.1000000;329.9000000;245210
SIBN;D;11/03/19;000000;328.0000000;330.6500000;324.6500000;325.0000000;478970
SIBN;D;12/03/19;000000;326.0000000;327.4500000;321.7000000;323.1500000;530050
SIBN;D;13/03/19;000000;324.0000000;324.9000000;321.1000000;322.5000000;203260
SIBN;D;14/03/19;000000;323.1000000;324.2000000;317.7500000;318.5000000;544010
SIBN;D;15/03/19;000000;319.4500000;319.4500000;312.1500000;313.8000000;546730
SIBN;D;18/03/19;000000;314.7000000;319.9500000;313.5500000;318.9500000;509040
SIBN;D;19/03/19;000000;320.0000000;326.4500000;319.0500000;323.7000000;641530
SIBN;D;20/03/19;000000;323.7500000;329.0000000;323.1500000;327.7500000;605570
SIBN;D;21/03/19;000000;327.8500000;333.0000000;327.8500000;332.5500000;880710
SIBN;D;22/03/19;000000;332.7500000;333.0000000;321.9000000;324.1000000;841820
SIBN;D;25/03/19;000000;323.1000000;328.0000000;321.7000000;322.5500000;370170
SIBN;D;26/03/19;000000;322.2000000;324.6500000;320.5000000;322.8500000;181030
SIBN;D;27/03/19;000000;323.1000000;324.0000000;322.4500000;322.4500000;111600
SIBN;D;28/03/19;000000;323.0000000;323.5000000;317.6000000;319.6500000;346860
SIBN;D;29/03/19;000000;320.4500000;325.5000000;319.5500000;324.2500000;362180
SIBN;D;01/04/19;000000;323.6500000;327.0000000;322.9500000;324.6500000;444200
SIBN;D;02/04/19;000000;324.6500000;326.9000000;323.2500000;325.7500000;187240
SIBN;D;03/04/19;000000;326.8000000;329.2500000;325.2000000;325.8500000;194160
SIBN;D;04/04/19;000000;326.2500000;326.5500000;321.6000000;324.0000000;249920
SIBN;D;05/04/19;000000;323.7500000;327.7500000;322.2500000;325.7500000;232090
SIBN;D;08/04/19;000000;327.3000000;336.7500000;326.5500000;336.7500000;832810
SIBN;D;09/04/19;000000;337.5000000;342.0500000;337.4000000;340.7000000;1121070
SIBN;D;10/04/19;000000;341.0000000;345.7000000;340.1000000;345.6500000;501380
SIBN;D;11/04/19;000000;345.6000000;346.0000000;333.0000000;338.5000000;667590
SIBN;D;12/04/19;000000;338.1000000;345.3000000;338.0500000;345.2000000;652540
SIBN;D;15/04/19;000000;345.4000000;354.4000000;345.2500000;346.8000000;1120030
SIBN;D;16/04/19;000000;350.2000000;352.2500000;347.5500000;348.3500000;382800
SIBN;D;17/04/19;000000;350.4500000;350.5000000;349.0000000;349.4500000;219350
SIBN;D;18/04/19;000000;349.3000000;349.3000000;345.0000000;348.4000000;324630
SIBN;D;19/04/19;000000;349.0000000;352.1000000;346.7500000;348.7000000;206300
SIBN;D;22/04/19;000000;351.8000000;357.4000000;347.8000000;354.0000000;435100
SIBN;D;23/04/19;000000;357.4500000;362.1000000;355.9500000;361.4500000;977980
SIBN;D;24/04/19;000000;361.5000000;364.0000000;356.7000000;360.0000000;343070
SIBN;D;25/04/19;000000;360.0000000;366.6500000;360.0000000;365.0000000;764400
SIBN;D;26/04/19;000000;364.4500000;366.0000000;361.1000000;363.8000000;449700
SIBN;D;29/04/19;000000;364.0000000;364.8500000;361.0000000;362.9000000;156830
SIBN;D;30/04/19;000000;362.9000000;364.2000000;355.0000000;360.0000000;681360
SIBN;D;02/05/19;000000;360.2000000;363.7000000;359.0500000;361.7000000;147480
SIBN;D;03/05/19;000000;363.3500000;365.0000000;359.2000000;362.7000000;146770
SIBN;D;06/05/19;000000;358.5500000;361.8500000;357.0000000;359.3000000;174560
SIBN;D;07/05/19;000000;359.5500000;359.9000000;351.8500000;356.9000000;248680
SIBN;D;08/05/19;000000;353.1000000;356.5000000;348.1000000;355.0500000;322600
SIBN;D;10/05/19;000000;353.2000000;357.4000000;345.8500000;349.8000000;468270
SIBN;D;13/05/19;000000;349.8500000;354.0000000;342.5500000;345.2500000;552910
SIBN;D;14/05/19;000000;343.6500000;351.1000000;342.5500000;350.0000000;421140
SIBN;D;15/05/19;000000;350.0500000;355.0000000;344.6000000;348.0000000;620400
SIBN;D;16/05/19;000000;347.0000000;355.3000000;346.4500000;351.8000000;342420
SIBN;D;17/05/19;000000;349.5500000;355.0000000;348.0000000;349.9500000;326160
SIBN;D;20/05/19;000000;351.4000000;352.6000000;345.5000000;351.7000000;397480
SIBN;D;21/05/19;000000;352.7500000;369.9500000;351.0500000;367.0000000;1696430
SIBN;D;22/05/19;000000;368.4500000;385.0000000;368.0000000;380.0000000;1692320
SIBN;D;23/05/19;000000;380.1500000;381.9500000;375.5000000;376.0000000;676910
SIBN;D;24/05/19;000000;377.0000000;380.0000000;372.8000000;375.0000000;396330
SIBN;D;27/05/19;000000;375.0500000;379.0000000;371.4000000;374.7000000;267760
SIBN;D;28/05/19;000000;373.6500000;375.3500000;367.3000000;368.0000000;725170
SIBN;D;29/05/19;000000;368.3000000;371.2500000;364.1500000;370.5000000;286260
SIBN;D;30/05/19;000000;372.8500000;380.6500000;372.8500000;374.0000000;664770
SIBN;D;31/05/19;000000;372.4000000;374.2500000;367.5500000;372.6000000;387430
SIBN;D;03/06/19;000000;370.5000000;374.2500000;366.5000000;370.4000000;1096150
SIBN;D;04/06/19;000000;368.9000000;373.9500000;365.4000000;367.0000000;668980
SIBN;D;05/06/19;000000;368.7000000;373.6000000;366.2500000;368.3000000;1109920
SIBN;D;06/06/19;000000;367.4500000;376.2000000;367.4500000;369.5000000;609890
SIBN;D;07/06/19;000000;371.0500000;374.4500000;367.1500000;369.4500000;627100
SIBN;D;10/06/19;000000;369.1000000;371.9500000;365.7500000;368.1000000;567990
SIBN;D;11/06/19;000000;369.1500000;379.0000000;368.0500000;379.0000000;965800
SIBN;D;13/06/19;000000;377.5000000;392.3000000;376.9000000;392.3000000;1049740
SIBN;D;14/06/19;000000;392.3500000;399.8500000;387.1000000;398.0000000;2270620
SIBN;D;17/06/19;000000;400.0000000;405.0000000;397.7500000;400.1000000;729800
SIBN;D;18/06/19;000000;399.8000000;404.2500000;392.1500000;402.2000000;1049760
SIBN;D;19/06/19;000000;402.6500000;412.0000000;401.2500000;403.3500000;770090
SIBN;D;20/06/19;000000;406.4500000;407.5000000;400.2000000;402.0000000;1336490
SIBN;D;21/06/19;000000;403.0000000;406.9000000;401.1000000;404.9000000;479410
SIBN;D;24/06/19;000000;405.5500000;408.0000000;401.0000000;402.1000000;470740
SIBN;D;25/06/19;000000;402.4500000;402.5500000;397.2000000;399.0500000;465990
SIBN;D;26/06/19;000000;400.0500000;402.3000000;400.0000000;401.6500000;381530
SIBN;D;27/06/19;000000;401.6500000;405.2500000;401.1000000;403.9000000;936210
SIBN;D;28/06/19;000000;398.1500000;402.4000000;397.2000000;400.9500000;822910
SIBN;D;01/07/19;000000;403.0000000;407.0000000;401.3000000;403.4000000;902520
SIBN;D;02/07/19;000000;404.9500000;412.5000000;404.0500000;411.0000000;739810
SIBN;D;03/07/19;000000;410.8500000;415.0000000;406.8000000;412.0500000;437020
SIBN;D;04/07/19;000000;410.5000000;414.5000000;409.7000000;412.1000000;333350
SIBN;D;05/07/19;000000;413.9000000;414.7000000;409.0000000;414.0000000;452860
SIBN;D;08/07/19;000000;413.0000000;415.0000000;408.1000000;409.9000000;346190
SIBN;D;09/07/19;000000;410.2000000;413.8000000;410.0000000;413.3000000;468600
SIBN;D;10/07/19;000000;413.6500000;419.4500000;413.6000000;416.2500000;673810
SIBN;D;11/07/19;000000;417.6000000;420.0000000;410.6000000;414.9000000;583420
SIBN;D;12/07/19;000000;416.0000000;416.7500000;405.8500000;411.0000000;653530
SIBN;D;15/07/19;000000;413.8500000;415.5500000;408.0000000;412.9000000;377580
SIBN;D;16/07/19;000000;410.2500000;411.8500000;408.0500000;409.9500000;710730
SIBN;D;17/07/19;000000;409.9500000;411.7500000;405.8500000;408.0000000;283710
SIBN;D;18/07/19;000000;406.6500000;406.8000000;401.0500000;403.2500000;565900
SIBN;D;19/07/19;000000;404.0000000;405.5000000;401.8000000;402.0000000;366700
SIBN;D;22/07/19;000000;406.0000000;406.9500000;400.3000000;402.6000000;509850
SIBN;D;23/07/19;000000;402.8000000;406.4500000;402.7500000;404.6500000;317720
SIBN;D;24/07/19;000000;405.7000000;409.0000000;404.4000000;408.4500000;1173420
SIBN;D;25/07/19;000000;408.7500000;416.5000000;408.7500000;411.5500000;358370
SIBN;D;26/07/19;000000;413.2500000;416.9500000;410.6000000;415.0000000;508660
SIBN;D;29/07/19;000000;416.0000000;417.5000000;412.9000000;415.1500000;371980
SIBN;D;30/07/19;000000;417.1500000;419.4000000;414.0000000;418.1000000;278290
SIBN;D;31/07/19;000000;418.5500000;427.8500000;416.8000000;426.5500000;556840
SIBN;D;01/08/19;000000;426.5500000;438.1000000;425.0500000;435.9500000;924330
SIBN;D;02/08/19;000000;432.3000000;436.0500000;420.0000000;424.4000000;1437160
SIBN;D;05/08/19;000000;422.0500000;425.7500000;417.7000000;418.1500000;487280
SIBN;D;06/08/19;000000;418.2000000;427.8500000;418.2000000;421.2000000;499050
SIBN;D;07/08/19;000000;421.6000000;424.4500000;418.5000000;422.0000000;613840
SIBN;D;08/08/19;000000;423.5000000;428.8000000;417.9000000;422.0000000;901480
SIBN;D;09/08/19;000000;423.0000000;426.3000000;421.1000000;422.5000000;297830
SIBN;D;12/08/19;000000;422.7500000;426.4500000;422.7500000;425.3500000;197480
SIBN;D;13/08/19;000000;423.4000000;424.2500000;421.1000000;422.6000000;273740
SIBN;D;14/08/19;000000;424.7000000;426.4000000;420.2500000;422.5500000;537450
SIBN;D;15/08/19;000000;422.9500000;423.9500000;418.2500000;419.2000000;530010
SIBN;D;16/08/19;000000;418.5500000;423.3000000;414.0000000;414.0000000;588010
SIBN;D;19/08/19;000000;416.7500000;416.7500000;410.1000000;415.6500000;798380
SIBN;D;20/08/19;000000;415.7000000;417.0500000;412.0500000;416.5000000;333050
SIBN;D;21/08/19;000000;417.0000000;420.7000000;415.9500000;420.2000000;478070
SIBN;D;22/08/19;000000;419.4000000;420.5500000;414.2000000;414.2000000;356930
SIBN;D;23/08/19;000000;417.3500000;419.5000000;411.0000000;418.7000000;428890
SIBN;D;26/08/19;000000;415.9000000;420.3500000;415.1000000;419.6000000;361280
SIBN;D;27/08/19;000000;420.9000000;423.3000000;415.4000000;417.4000000;418980
SIBN;D;28/08/19;000000;418.0500000;419.4000000;413.4000000;417.0000000;574930
SIBN;D;29/08/19;000000;417.5000000;418.9000000;415.3500000;418.2000000;456210
SIBN;D;30/08/19;000000;418.2000000;419.0000000;412.4000000;412.5000000;844500
SIBN;D;02/09/19;000000;413.3000000;416.2000000;412.5000000;414.5000000;369910
SIBN;D;03/09/19;000000;414.8000000;415.8500000;399.1500000;407.4000000;1712880
SIBN;D;04/09/19;000000;408.9000000;420.0000000;407.7000000;408.7000000;994280
SIBN;D;05/09/19;000000;411.9500000;414.3000000;411.3500000;413.8000000;1033100
SIBN;D;06/09/19;000000;410.4500000;413.9000000;409.8000000;409.9000000;562650
SIBN;D;09/09/19;000000;412.4000000;414.2000000;410.2000000;410.2000000;445330
SIBN;D;10/09/19;000000;411.5000000;412.0000000;409.9000000;411.0000000;270720
SIBN;D;11/09/19;000000;412.0000000;415.2000000;410.0000000;413.4000000;830650
SIBN;D;12/09/19;000000;413.2500000;417.8000000;413.1000000;416.5000000;829650
SIBN;D;13/09/19;000000;415.7000000;416.4000000;410.3500000;413.9500000;531120
SIBN;D;16/09/19;000000;419.1000000;429.4500000;417.5000000;427.3000000;2194360
SIBN;D;17/09/19;000000;427.0000000;435.0000000;422.0000000;423.0000000;1330460
SIBN;D;18/09/19;000000;422.7000000;426.1500000;417.5500000;419.1000000;761690
SIBN;D;19/09/19;000000;419.9000000;419.9000000;415.1000000;415.3000000;747860
SIBN;D;20/09/19;000000;415.0500000;419.2000000;414.0000000;416.1000000;460880
SIBN;D;23/09/19;000000;417.0000000;418.0000000;414.0500000;415.0500000;363790
SIBN;D;24/09/19;000000;417.2500000;419.3500000;415.1000000;418.1000000;435120
SIBN;D;25/09/19;000000;415.7500000;418.9000000;415.4500000;418.0000000;673280
SIBN;D;26/09/19;000000;417.9000000;421.7000000;416.5500000;421.0000000;517240
SIBN;D;27/09/19;000000;420.5500000;425.0000000;418.8500000;423.0000000;477240
SIBN;D;30/09/19;000000;423.9000000;426.6000000;420.7000000;423.7500000;363850
SIBN;D;01/10/19;000000;424.8000000;425.2000000;419.8000000;423.1000000;410260
SIBN;D;02/10/19;000000;423.7000000;423.9500000;416.2500000;418.7500000;646080
SIBN;D;03/10/19;000000;418.0000000;418.6000000;412.6500000;415.6000000;432820
SIBN;D;04/10/19;000000;415.5500000;419.9500000;410.6000000;413.6500000;690660
SIBN;D;07/10/19;000000;413.7500000;418.5000000;411.0000000;417.5000000;579790
SIBN;D;08/10/19;000000;415.3000000;418.4000000;413.3000000;414.9000000;346030
SIBN;D;09/10/19;000000;414.1000000;418.6500000;413.9000000;416.8000000;580720
SIBN;D;10/10/19;000000;418.4000000;419.5000000;416.4000000;419.0000000;208050
SIBN;D;11/10/19;000000;420.0000000;424.5000000;418.5000000;422.0000000;637070
SIBN;D;14/10/19;000000;423.9000000;427.3000000;423.0000000;425.9000000;666280
SIBN;D;15/10/19;000000;426.0000000;426.6000000;422.4500000;424.9000000;764900
SIBN;D;16/10/19;000000;425.0000000;428.2000000;424.5500000;428.2000000;1398860
SIBN;D;17/10/19;000000;413.0500000;419.0500000;412.3000000;418.0000000;1642090
SIBN;D;18/10/19;000000;418.7500000;418.7500000;415.0000000;415.0000000;701670
SIBN;D;21/10/19;000000;415.6500000;416.4500000;414.1000000;414.3000000;544230
SIBN;D;22/10/19;000000;415.9500000;417.2500000;414.0000000;415.2000000;489460
SIBN;D;23/10/19;000000;415.8000000;415.8000000;413.2500000;415.0000000;616450
SIBN;D;24/10/19;000000;415.4500000;417.4500000;414.0500000;416.6500000;818910
SIBN;D;25/10/19;000000;417.0000000;417.9000000;415.7500000;417.4500000;628600
SIBN;D;28/10/19;000000;418.1500000;421.1500000;417.4500000;417.4500000;645050
SIBN;D;29/10/19;000000;416.6500000;418.4000000;412.0000000;416.8500000;1069870
SIBN;D;30/10/19;000000;416.7000000;416.8500000;413.4500000;413.4500000;653780
SIBN;D;31/10/19;000000;414.7000000;416.4500000;413.4500000;415.0000000;570750
SIBN;D;01/11/19;000000;415.0500000;416.6000000;413.6500000;416.6000000;572350
SIBN;D;05/11/19;000000;417.0500000;424.0000000;416.8500000;420.9000000;1299080
SIBN;D;06/11/19;000000;422.0000000;422.4000000;417.5500000;421.8000000;762650
SIBN;D;07/11/19;000000;422.4500000;424.5000000;419.2000000;421.5500000;960650
SIBN;D;08/11/19;000000;421.8500000;423.4500000;418.0000000;420.0000000;599700
SIBN;D;11/11/19;000000;420.8000000;424.4000000;419.4500000;423.0000000;673340
SIBN;D;12/11/19;000000;423.0000000;424.4500000;421.5000000;422.1000000;665630
SIBN;D;13/11/19;000000;422.4500000;423.0000000;418.5000000;419.3500000;383290
SIBN;D;14/11/19;000000;418.5000000;421.6000000;416.5500000;417.0000000;980910
SIBN;D;15/11/19;000000;417.0500000;423.2000000;417.0500000;420.8000000;461610
SIBN;D;18/11/19;000000;425.1000000;426.6000000;417.5000000;423.0000000;1654150
SIBN;D;19/11/19;000000;425.1500000;425.9000000;423.5000000;425.1000000;706810
SIBN;D;20/11/19;000000;425.1000000;425.2000000;422.5000000;423.3500000;490460
SIBN;D;21/11/19;000000;424.2500000;425.0000000;421.3000000;424.7500000;458480
SIBN;D;22/11/19;000000;424.8000000;424.9000000;423.5500000;424.9000000;400600
SIBN;D;25/11/19;000000;425.0500000;427.5000000;424.0500000;426.2000000;401620
SIBN;D;26/11/19;000000;426.8500000;427.4000000;423.3000000;424.2000000;407960
SIBN;D;27/11/19;000000;425.4000000;425.6000000;422.0000000;422.0000000;495800
SIBN;D;28/11/19;000000;422.0500000;423.3000000;417.1000000;417.1000000;666040
SIBN;D;29/11/19;000000;417.5500000;420.9000000;417.5500000;418.6000000;713520
SIBN;D;02/12/19;000000;420.1500000;424.0000000;419.0500000;421.0000000;614870
SIBN;D;03/12/19;000000;420.9000000;424.6500000;415.0000000;415.0000000;701730
SIBN;D;04/12/19;000000;415.8000000;419.4500000;414.3500000;416.7000000;770680
SIBN;D;05/12/19;000000;417.9500000;419.4500000;416.3500000;416.6000000;320400
SIBN;D;06/12/19;000000;418.0000000;419.1500000;415.5500000;418.5000000;573190
SIBN;D;09/12/19;000000;419.0000000;421.5000000;418.2000000;419.1000000;560670
SIBN;D;10/12/19;000000;418.8000000;421.4500000;416.7500000;417.2000000;373570
SIBN;D;11/12/19;000000;419.1500000;421.4000000;413.2500000;421.0000000;437640
SIBN;D;12/12/19;000000;421.5500000;422.5000000;419.5000000;422.5000000;635360
SIBN;D;13/12/19;000000;423.0500000;424.0500000;421.2000000;421.8500000;433710
SIBN;D;16/12/19;000000;422.0500000;423.8000000;417.6500000;423.5000000;578990
SIBN;D;17/12/19;000000;423.7000000;424.6500000;421.2500000;423.4000000;599700
SIBN;D;18/12/19;000000;423.4000000;423.8500000;417.7000000;423.3000000;1172900
SIBN;D;19/12/19;000000;422.8000000;424.3000000;421.4000000;424.1000000;518230
SIBN;D;20/12/19;000000;424.5000000;424.8500000;418.7500000;422.9500000;437590
SIBN;D;23/12/19;000000;422.9000000;422.9500000;420.9500000;422.0000000;409320
SIBN;D;24/12/19;000000;421.5500000;423.2500000;411.5000000;418.8000000;604210
SIBN;D;25/12/19;000000;419.5000000;421.0000000;418.1500000;420.0000000;227650
SIBN;D;26/12/19;000000;420.5500000;421.3000000;419.7000000;420.8500000;351680
SIBN;D;27/12/19;000000;421.8000000;422.3000000;420.3000000;421.8000000;321620
SIBN;D;30/12/19;000000;422.0000000;422.2000000;419.6000000;420.1500000;379120
SIBN;D;03/01/20;000000;422.2000000;426.8000000;421.0000000;425.7000000;604990
SIBN;D;06/01/20;000000;426.1000000;428.9500000;425.5500000;426.6500000;379100
SIBN;D;08/01/20;000000;426.7000000;434.4500000;426.5000000;432.0000000;631540
SIBN;D;09/01/20;000000;433.9500000;434.3000000;427.6000000;432.5500000;671770
SIBN;D;10/01/20;000000;432.5500000;450.9000000;431.0000000;446.6000000;2157630
SIBN;D;13/01/20;000000;448.5000000;471.7500000;446.0000000;465.1000000;2520910
SIBN;D;14/01/20;000000;465.2500000;478.5500000;451.0000000;457.6000000;2582940
SIBN;D;15/01/20;000000;459.8000000;464.8000000;453.0500000;458.6500000;1477180
SIBN;D;16/01/20;000000;460.8000000;466.9000000;460.6500000;465.4500000;1217730
SIBN;D;17/01/20;000000;466.0000000;471.0000000;463.0000000;467.7500000;1753800
SIBN;D;20/01/20;000000;468.8000000;471.4000000;463.2500000;470.0000000;772460
SIBN;D;21/01/20;000000;468.3500000;469.8500000;461.3000000;463.0000000;608160
SIBN;D;22/01/20;000000;464.0000000;466.0000000;456.2500000;456.2500000;657670
SIBN;D;23/01/20;000000;452.0000000;452.8000000;446.0000000;450.0000000;1010510
SIBN;D;24/01/20;000000;454.8500000;456.8000000;450.1000000;454.0000000;540430
SIBN;D;27/01/20;000000;449.4000000;455.5000000;440.1500000;444.0000000;1178310
SIBN;D;28/01/20;000000;444.0000000;455.1500000;437.7500000;455.1500000;901060
SIBN;D;29/01/20;000000;455.8000000;460.5000000;453.2000000;457.4000000;646160
SIBN;D;30/01/20;000000;454.5000000;456.9500000;448.5000000;454.1500000;592830
SIBN;D;31/01/20;000000;455.9000000;459.0000000;445.1500000;446.4500000;460100
SIBN;D;03/02/20;000000;443.8500000;446.0000000;440.6000000;442.8000000;551680
SIBN;D;04/02/20;000000;446.0000000;449.6500000;441.0000000;445.7500000;557290
SIBN;D;05/02/20;000000;448.3500000;461.7000000;442.3000000;455.2500000;839190
SIBN;D;06/02/20;000000;460.0000000;460.0000000;448.5000000;450.1500000;471910
SIBN;D;07/02/20;000000;451.0000000;456.3000000;444.0000000;444.5000000;774830
SIBN;D;10/02/20;000000;444.4000000;445.6500000;435.3000000;440.0000000;922790
SIBN;D;11/02/20;000000;442.0000000;458.2500000;439.1000000;455.0000000;1642540
SIBN;D;12/02/20;000000;459.0000000;467.0000000;457.5000000;465.0000000;1452370
SIBN;D;13/02/20;000000;463.5000000;469.0000000;458.1500000;460.8000000;957590
SIBN;D;14/02/20;000000;463.0000000;467.2000000;456.8500000;459.1000000;616580
SIBN;D;17/02/20;000000;459.0000000;462.2000000;454.4000000;458.7000000;759840
SIBN;D;18/02/20;000000;457.0000000;459.6000000;450.0000000;451.0500000;699680
SIBN;D;19/02/20;000000;454.0000000;460.1000000;452.0500000;454.7000000;790590
SIBN;D;20/02/20;000000;458.6500000;461.2000000;456.0000000;459.0000000;493900
SIBN;D;21/02/20;000000;454.8500000;458.9500000;453.7000000;456.8000000;343710
SIBN;D;25/02/20;000000;447.6000000;451.8000000;441.6000000;442.5000000;1235140
SIBN;D;26/02/20;000000;441.5000000;443.2000000;437.0500000;439.3000000;1750660
SIBN;D;27/02/20;000000;437.6500000;438.0000000;421.5000000;430.6000000;1678010
SIBN;D;28/02/20;000000;422.0000000;423.8500000;395.8500000;395.8500000;3310680
SIBN;D;02/03/20;000000;409.0000000;425.3000000;395.0500000;398.7000000;2489470
SIBN;D;03/03/20;000000;408.1000000;410.0000000;401.0000000;407.1500000;1562290
SIBN;D;04/03/20;000000;404.3000000;406.6500000;398.9500000;404.5500000;1571230
SIBN;D;05/03/20;000000;407.9500000;408.9500000;399.1000000;401.6000000;1087460
SIBN;D;06/03/20;000000;396.2000000;399.1000000;373.2500000;375.0500000;3119430
SIBN;D;10/03/20;000000;337.5000000;356.9500000;309.0000000;324.0000000;3916850
SIBN;D;11/03/20;000000;332.8000000;336.7500000;313.1000000;317.7500000;2513420
SIBN;D;12/03/20;000000;307.3500000;307.9000000;285.9000000;285.9000000;3052300
SIBN;D;13/03/20;000000;284.9000000;303.9500000;279.0000000;286.6000000;3312060
SIBN;D;16/03/20;000000;286.5000000;286.5000000;259.0000000;264.0000000;3002620
SIBN;D;17/03/20;000000;264.4000000;289.0000000;243.7000000;252.0000000;2776470
SIBN;D;18/03/20;000000;240.0000000;251.4500000;233.0000000;240.0000000;2309570
SIBN;D;19/03/20;000000;245.1000000;270.0000000;236.0000000;269.0000000;3845500
SIBN;D;20/03/20;000000;277.4000000;299.9500000;274.3500000;281.4000000;5155080
SIBN;D;23/03/20;000000;260.0500000;277.8000000;257.0500000;265.5000000;2976940
SIBN;D;24/03/20;000000;278.9500000;290.0000000;269.5000000;280.0000000;3207250
SIBN;D;25/03/20;000000;288.7500000;306.9500000;281.1000000;291.5000000;4083930
SIBN;D;26/03/20;000000;291.0000000;301.5500000;283.0000000;297.7000000;2280580
SIBN;D;27/03/20;000000;299.8000000;351.9500000;278.7000000;290.0000000;3281040
SIBN;D;30/03/20;000000;282.1000000;290.6500000;280.0000000;287.0500000;2206340
SIBN;D;31/03/20;000000;295.9500000;305.0000000;292.0000000;305.0000000;2559300
SIBN;D;01/04/20;000000;298.7000000;302.8000000;291.2500000;300.7000000;1850560
SIBN;D;02/04/20;000000;315.7000000;325.0000000;305.5000000;315.5000000;3857700
SIBN;D;03/04/20;000000;321.8000000;341.6500000;316.3000000;333.1000000;5992510
SIBN;D;06/04/20;000000;342.0000000;342.0000000;335.2000000;339.4000000;3366360
SIBN;D;07/04/20;000000;343.9000000;346.8000000;332.0500000;336.8000000;2993690
SIBN;D;08/04/20;000000;336.1000000;341.4000000;333.7000000;338.9000000;1466350
SIBN;D;09/04/20;000000;344.2000000;348.2500000;340.1000000;341.6500000;4974080
SIBN;D;10/04/20;000000;341.5000000;342.2000000;327.0000000;337.0000000;1574450
SIBN;D;13/04/20;000000;340.0000000;341.0000000;327.6500000;332.1000000;1682330
SIBN;D;14/04/20;000000;334.4500000;337.6000000;323.7000000;325.0000000;2170670
SIBN;D;15/04/20;000000;320.8500000;323.2500000;305.1000000;308.2000000;2338240
SIBN;D;16/04/20;000000;306.4500000;315.9500000;297.0000000;304.0000000;2878760
SIBN;D;17/04/20;000000;312.7500000;314.7000000;305.7000000;310.1000000;1794530
SIBN;D;20/04/20;000000;307.4500000;312.5500000;306.4500000;310.0000000;1210290
SIBN;D;21/04/20;000000;300.6000000;305.5000000;296.2000000;303.9500000;3116050
SIBN;D;22/04/20;000000;297.0000000;317.5000000;296.9500000;316.0000000;3089280
SIBN;D;23/04/20;000000;319.2000000;322.5000000;313.4500000;319.2000000;2139180
SIBN;D;24/04/20;000000;319.2000000;319.6500000;311.1000000;314.3500000;1380680
SIBN;D;27/04/20;000000;314.2000000;318.5000000;312.0000000;316.0000000;1159210
SIBN;D;28/04/20;000000;321.1500000;344.9000000;319.0000000;321.9500000;4132030
SIBN;D;29/04/20;000000;324.0000000;334.3000000;323.0500000;330.3500000;2827220
SIBN;D;30/04/20;000000;335.6000000;344.5000000;331.0500000;335.4500000;2668480
SIBN;D;04/05/20;000000;331.7000000;331.9500000;323.6000000;329.5500000;1334670
SIBN;D;05/05/20;000000;335.5000000;336.9500000;331.1500000;334.1500000;1721690
SIBN;D;06/05/20;000000;335.2500000;336.2500000;330.5000000;331.0500000;1750700
SIBN;D;07/05/20;000000;332.5500000;333.6500000;328.5000000;329.8500000;2012850
SIBN;D;08/05/20;000000;330.0000000;331.9000000;326.0000000;331.9000000;847890
SIBN;D;12/05/20;000000;330.0000000;331.5000000;325.0000000;328.3000000;1829020
SIBN;D;13/05/20;000000;326.0000000;326.9000000;322.0500000;322.3000000;1040530
SIBN;D;14/05/20;000000;322.0000000;324.2000000;315.6000000;316.6500000;2139940
SIBN;D;15/05/20;000000;321.1000000;323.6000000;318.0500000;320.2000000;1475040
SIBN;D;18/05/20;000000;326.6000000;329.9500000;322.3000000;329.9500000;3025500
SIBN;D;19/05/20;000000;330.1500000;333.1000000;328.0500000;328.0500000;2485820
SIBN;D;20/05/20;000000;329.0000000;334.0000000;326.2000000;333.3000000;2892040
SIBN;D;21/05/20;000000;334.1000000;338.3000000;327.0000000;328.7500000;2008020
SIBN;D;22/05/20;000000;326.0000000;329.0000000;321.0500000;327.4500000;1463900
SIBN;D;25/05/20;000000;326.7000000;333.1500000;326.7000000;332.8500000;939220
SIBN;D;26/05/20;000000;335.3000000;337.3000000;333.0000000;334.0000000;2545820
SIBN;D;27/05/20;000000;333.8000000;335.4500000;330.0000000;334.0000000;2142690
SIBN;D;28/05/20;000000;334.3000000;337.7000000;332.4000000;336.0000000;2236430
SIBN;D;29/05/20;000000;335.0000000;336.0000000;332.3500000;333.0000000;1731520
SIBN;D;01/06/20;000000;336.2000000;339.7000000;334.7500000;337.5000000;1698980
SIBN;D;02/06/20;000000;339.5000000;346.0000000;337.2000000;345.0000000;2754960
SIBN;D;03/06/20;000000;348.8500000;357.6500000;346.5500000;352.4000000;4876280
SIBN;D;04/06/20;000000;352.0000000;352.0000000;342.1000000;345.0000000;3174370
SIBN;D;05/06/20;000000;348.6000000;353.4500000;346.0500000;351.7500000;3182380
SIBN;D;08/06/20;000000;355.1500000;366.0000000;354.0500000;358.0000000;5502530
SIBN;D;09/06/20;000000;358.7000000;359.9500000;352.5000000;358.2000000;2866320
SIBN;D;10/06/20;000000;359.5500000;362.5000000;354.6000000;357.5000000;2403580
SIBN;D;11/06/20;000000;355.5500000;355.8000000;348.0000000;348.8000000;3147110
SIBN;D;15/06/20;000000;344.8500000;350.8500000;337.0500000;350.8500000;2979600
SIBN;D;16/06/20;000000;356.4500000;360.4000000;354.0500000;355.5000000;3451430
SIBN;D;17/06/20;000000;357.7500000;358.0000000;352.0000000;354.0500000;1547400
SIBN;D;18/06/20;000000;354.0500000;355.5000000;349.0000000;351.9000000;1421210
SIBN;D;19/06/20;000000;355.6000000;357.4000000;353.1500000;355.3000000;1725980
SIBN;D;22/06/20;000000;356.0000000;357.7500000;353.2000000;354.9000000;2291770
SIBN;D;23/06/20;000000;355.0000000;356.4500000;353.5500000;354.1000000;4390310
SIBN;D;25/06/20;000000;333.0000000;339.8500000;331.1000000;338.8500000;4280150
SIBN;D;26/06/20;000000;339.2000000;341.7000000;334.9500000;337.0000000;1417180
SIBN;D;29/06/20;000000;334.7500000;336.2500000;328.8500000;335.5500000;2234900
SIBN;D;30/06/20;000000;335.5500000;336.3500000;328.9500000;332.5500000;1518890
SIBN;D;02/07/20;000000;333.3000000;335.0000000;331.0500000;333.2000000;1597180
SIBN;D;03/07/20;000000;332.5500000;334.5000000;331.9500000;334.0000000;609460
SIBN;D;06/07/20;000000;336.0000000;337.5000000;334.8000000;334.8000000;1152530
SIBN;D;07/07/20;000000;334.8000000;335.8000000;328.5000000;330.5500000;1907920
SIBN;D;08/07/20;000000;329.8000000;329.8000000;327.0500000;327.9000000;1048090
SIBN;D;09/07/20;000000;328.9500000;329.1500000;322.4500000;322.6500000;1473780
SIBN;D;10/07/20;000000;321.8000000;327.4500000;320.0000000;324.6000000;1028810
SIBN;D;13/07/20;000000;325.7500000;328.3000000;322.6500000;325.0000000;860180
SIBN;D;14/07/20;000000;323.4000000;325.2000000;317.6000000;321.3500000;1469600
SIBN;D;15/07/20;000000;323.0000000;323.5000000;316.5000000;317.1000000;2525870
SIBN;D;16/07/20;000000;317.5000000;319.9000000;316.6500000;316.6500000;1105610
SIBN;D;17/07/20;000000;317.3000000;318.6000000;313.1000000;317.1500000;1806010
SIBN;D;20/07/20;000000;317.4000000;320.9000000;316.1500000;317.5000000;1456010
SIBN;D;21/07/20;000000;319.9500000;322.8000000;318.0000000;318.0000000;2400610
SIBN;D;22/07/20;000000;318.9000000;322.9500000;318.5000000;321.8000000;1323600
SIBN;D;23/07/20;000000;322.7000000;325.8500000;321.3000000;322.8500000;1304060
SIBN;D;24/07/20;000000;321.7500000;323.4500000;319.0000000;323.3000000;834790
SIBN;D;27/07/20;000000;323.8500000;324.9000000;321.7500000;323.1000000;882030
SIBN;D;28/07/20;000000;325.0000000;325.0000000;322.2500000;324.8500000;871560
SIBN;D;29/07/20;000000;324.5500000;326.6000000;322.6000000;325.5000000;866830
SIBN;D;30/07/20;000000;326.4000000;327.0000000;320.3000000;320.5000000;873060
SIBN;D;31/07/20;000000;321.5000000;325.4000000;320.8000000;320.8000000;636750
SIBN;D;03/08/20;000000;322.5500000;322.8000000;316.1500000;318.7500000;2434820
SIBN;D;04/08/20;000000;318.9500000;320.4000000;317.0000000;319.1000000;1037590
SIBN;D;05/08/20;000000;320.0000000;323.8000000;319.0000000;322.8000000;1522290
SIBN;D;06/08/20;000000;322.9500000;324.5000000;320.0000000;320.5000000;1396450
SIBN;D;07/08/20;000000;320.4500000;322.0000000;319.4000000;321.3000000;684910
SIBN;D;10/08/20;000000;322.7000000;323.3000000;320.7000000;322.3000000;598600
SIBN;D;11/08/20;000000;323.0000000;326.1500000;321.9000000;325.0000000;1227510
SIBN;D;12/08/20;000000;325.0500000;328.7500000;325.0000000;328.7500000;2453970
SIBN;D;13/08/20;000000;329.2500000;333.3000000;328.7500000;331.0000000;2331920
SIBN;D;14/08/20;000000;332.2000000;333.1500000;326.5500000;329.7000000;2001630
SIBN;D;17/08/20;000000;332.1000000;333.0000000;327.1500000;327.4500000;1681310
SIBN;D;18/08/20;000000;328.3500000;330.1500000;326.2500000;326.5500000;889080
SIBN;D;19/08/20;000000;327.1000000;328.1500000;324.0500000;325.5000000;1924520
SIBN;D;20/08/20;000000;324.1500000;324.5000000;318.4000000;319.5500000;2236980
SIBN;D;21/08/20;000000;321.7000000;323.1500000;317.7500000;319.1000000;1439940
SIBN;D;24/08/20;000000;321.0000000;322.4000000;319.2000000;320.1500000;1336890
SIBN;D;25/08/20;000000;321.3000000;321.8000000;319.1500000;319.5000000;1050810
SIBN;D;26/08/20;000000;320.8000000;320.8000000;319.2000000;320.7000000;1189590
SIBN;D;27/08/20;000000;320.8500000;322.3000000;318.1000000;320.0000000;1235890
SIBN;D;28/08/20;000000;319.6500000;320.0500000;317.0000000;317.5500000;913240
SIBN;D;31/08/20;000000;318.9500000;320.0000000;316.5500000;317.9500000;1134690
SIBN;D;01/09/20;000000;318.0500000;318.9000000;316.1000000;317.9500000;1055280
SIBN;D;02/09/20;000000;317.7500000;318.9000000;313.2500000;313.2500000;1694600
SIBN;D;03/09/20;000000;312.9000000;315.1000000;311.7500000;313.3500000;1230420
SIBN;D;04/09/20;000000;313.0000000;315.9000000;311.2000000;314.0000000;621930
SIBN;D;07/09/20;000000;313.9500000;314.8500000;311.3500000;313.4000000;593110
SIBN;D;08/09/20;000000;313.7000000;314.6000000;302.7000000;305.3000000;2041510
SIBN;D;09/09/20;000000;304.5000000;308.9000000;303.4000000;304.4000000;883680
SIBN;D;10/09/20;000000;304.9000000;307.9000000;302.5500000;306.0500000;712760
SIBN;D;11/09/20;000000;303.7500000;309.2000000;303.7500000;307.1500000;661900
SIBN;D;14/09/20;000000;309.3000000;314.9000000;308.6500000;310.3500000;685420
SIBN;D;15/09/20;000000;311.1500000;317.3000000;310.3500000;316.6000000;1229660
SIBN;D;16/09/20;000000;317.8500000;319.5500000;312.1500000;314.5000000;1407140
SIBN;D;17/09/20;000000;312.7500000;313.9500000;304.5000000;305.7000000;2922300
SIBN;D;18/09/20;000000;306.8500000;309.0500000;304.1500000;304.9500000;1409590
SIBN;D;21/09/20;000000;305.0500000;306.4000000;295.1500000;295.6000000;2041650
SIBN;D;22/09/20;000000;296.9000000;299.7000000;295.1500000;295.4000000;1595430
SIBN;D;23/09/20;000000;297.0000000;299.5000000;291.0000000;292.3500000;1764760
SIBN;D;24/09/20;000000;292.0000000;297.0000000;288.5000000;289.6500000;1759370
SIBN;D;25/09/20;000000;292.0500000;293.4500000;289.5000000;292.2000000;982180
SIBN;D;28/09/20;000000;293.1000000;298.5000000;292.2500000;298.5000000;1002920
SIBN;D;29/09/20;000000;299.0500000;302.0000000;293.6000000;293.6000000;846430
SIBN;D;30/09/20;000000;293.8000000;295.4000000;292.0000000;294.8500000;665340
SIBN;D;01/10/20;000000;295.9000000;295.9000000;292.4000000;293.0000000;530630
SIBN;D;02/10/20;000000;291.8500000;291.9500000;287.2000000;289.2000000;993100
SIBN;D;05/10/20;000000;290.5000000;292.4000000;287.4000000;291.7000000;884960
SIBN;D;06/10/20;000000;292.2000000;297.0000000;292.1500000;297.0000000;932530
SIBN;D;07/10/20;000000;294.8500000;295.9500000;287.3500000;288.2500000;1296360
SIBN;D;08/10/20;000000;289.0000000;290.7000000;283.0500000;283.0500000;1226680
SIBN;D;09/10/20;000000;284.5000000;288.2500000;283.5500000;286.0500000;569210
SIBN;D;12/10/20;000000;287.5000000;288.8500000;284.2000000;286.3000000;392530
SIBN;D;13/10/20;000000;286.2500000;287.1500000;281.5000000;283.9500000;825410
SIBN;D;14/10/20;000000;284.1000000;285.0000000;282.1500000;282.2500000;658640
SIBN;D;15/10/20;000000;283.0000000;283.7500000;277.7000000;278.1000000;1202370
SIBN;D;16/10/20;000000;279.0000000;279.4500000;272.5000000;276.5500000;1107300
SIBN;D;19/10/20;000000;276.7000000;278.8000000;273.0000000;273.5000000;832450
SIBN;D;20/10/20;000000;273.9000000;277.7000000;270.6500000;277.0500000;1335240
SIBN;D;21/10/20;000000;277.0500000;281.2000000;275.4000000;278.9000000;1443450
SIBN;D;22/10/20;000000;277.7000000;283.6000000;277.0000000;283.2000000;748250
SIBN;D;23/10/20;000000;284.4000000;288.4000000;280.5000000;284.6500000;991800
SIBN;D;26/10/20;000000;283.0000000;284.6000000;279.3000000;280.8500000;681220
SIBN;D;27/10/20;000000;281.8500000;281.8500000;275.8500000;277.0000000;522520
SIBN;D;28/10/20;000000;275.5000000;276.1000000;270.4500000;272.5000000;1007190
SIBN;D;29/10/20;000000;272.4000000;277.2000000;271.1500000;273.0000000;964420
SIBN;D;30/10/20;000000;272.7000000;275.2000000;270.2000000;273.4500000;765510
SIBN;D;02/11/20;000000;270.6000000;279.5000000;270.2500000;274.0000000;1045200
SIBN;D;03/11/20;000000;276.0000000;284.2000000;275.4000000;284.0000000;1027600
SIBN;D;05/11/20;000000;287.4000000;291.1500000;284.2000000;289.0000000;1549160
SIBN;D;06/11/20;000000;286.9500000;290.8500000;284.0500000;288.1000000;909570
SIBN;D;09/11/20;000000;290.4000000;300.0000000;288.5000000;299.0000000;2476210
SIBN;D;10/11/20;000000;297.9500000;307.4000000;292.2000000;302.8000000;2511350
SIBN;D;11/11/20;000000;305.0000000;312.8000000;305.0000000;308.6000000;3776000
SIBN;D;12/11/20;000000;307.0000000;309.3000000;297.2000000;307.2500000;2203460
SIBN;D;13/11/20;000000;304.3000000;308.9000000;302.7000000;308.9000000;1195970
SIBN;D;16/11/20;000000;310.0500000;314.7500000;308.3000000;314.7000000;1841680
SIBN;D;17/11/20;000000;314.5000000;315.5000000;309.2000000;311.5500000;1928580
SIBN;D;18/11/20;000000;310.0000000;318.6000000;309.5500000;316.0000000;1827010
SIBN;D;19/11/20;000000;314.6500000;317.1000000;313.6500000;314.6000000;1085330
SIBN;D;20/11/20;000000;314.6000000;316.4000000;312.3000000;315.3500000;744320
SIBN;D;23/11/20;000000;316.4000000;319.9000000;315.4500000;316.6000000;1160360
SIBN;D;24/11/20;000000;318.2500000;320.0000000;315.5000000;320.0000000;1761830
SIBN;D;25/11/20;000000;320.9500000;325.5500000;318.6500000;325.5000000;5074500
SIBN;D;26/11/20;000000;325.6500000;327.7000000;319.2000000;322.5000000;1741370
SIBN;D;27/11/20;000000;321.7500000;323.1000000;319.5000000;322.4500000;1024500
SIBN;D;30/11/20;000000;320.1000000;321.3000000;314.4000000;315.8000000;1573450
SIBN;D;01/12/20;000000;317.0000000;331.0000000;306.0500000;323.2000000;5983600
SIBN;D;02/12/20;000000;322.1000000;325.2000000;320.4000000;323.5500000;1552920
SIBN;D;03/12/20;000000;324.5000000;326.5000000;319.2500000;319.4500000;1077120
SIBN;D;04/12/20;000000;322.7000000;325.0000000;322.0000000;322.8000000;1190040
SIBN;D;07/12/20;000000;323.8000000;324.8000000;321.1500000;323.5000000;833400
SIBN;D;08/12/20;000000;322.0000000;324.2500000;319.5000000;322.1500000;797510
SIBN;D;09/12/20;000000;322.5000000;325.6500000;321.1000000;322.3500000;913990
SIBN;D;10/12/20;000000;323.0000000;326.9500000;320.6500000;324.5500000;1316930
SIBN;D;11/12/20;000000;325.9000000;328.0000000;324.5500000;328.0000000;1524220
SIBN;D;14/12/20;000000;329.7000000;331.7000000;323.6500000;325.5000000;2240840
SIBN;D;15/12/20;000000;324.1000000;329.6000000;323.0500000;326.4500000;1084760
SIBN;D;16/12/20;000000;327.1000000;328.5000000;323.6000000;327.8000000;873700
SIBN;D;17/12/20;000000;329.1500000;332.3000000;326.5000000;328.0000000;2111640
SIBN;D;18/12/20;000000;328.1500000;328.3000000;322.0500000;324.4000000;1256040
SIBN;D;21/12/20;000000;322.2000000;322.4500000;312.3500000;312.8000000;2327780
SIBN;D;22/12/20;000000;312.5000000;319.3000000;310.0500000;315.7500000;1542300
SIBN;D;23/12/20;000000;316.5000000;320.5000000;315.7500000;318.0500000;802350
SIBN;D;24/12/20;000000;320.0500000;321.0500000;317.6500000;319.1000000;642550
SIBN;D;25/12/20;000000;320.6000000;320.9500000;318.9000000;319.0000000;782280
SIBN;D;28/12/20;000000;317.1000000;317.4500000;315.0000000;316.9000000;1775010
SIBN;D;29/12/20;000000;316.7500000;318.5000000;316.1000000;317.1500000;639020
SIBN;D;30/12/20;000000;316.9500000;319.2000000;316.2500000;316.9500000;1157270
SIBN;D;04/01/21;000000;319.0500000;324.2000000;318.3500000;322.7500000;1336920
SIBN;D;05/01/21;000000;322.0000000;324.3000000;319.5000000;323.9000000;871870
SIBN;D;06/01/21;000000;326.0500000;329.6000000;324.5000000;326.7000000;2252750
SIBN;D;08/01/21;000000;329.2500000;337.0000000;328.1500000;337.0000000;3120920
SIBN;D;11/01/21;000000;335.0500000;339.1500000;330.8500000;334.3000000;2440180
SIBN;D;12/01/21;000000;337.0000000;338.5000000;332.5000000;334.3000000;1661440
SIBN;D;13/01/21;000000;336.1000000;338.5000000;332.7000000;333.7500000;1540860
SIBN;D;14/01/21;000000;333.8000000;345.5500000;331.7000000;342.1000000;3478220
SIBN;D;15/01/21;000000;342.5000000;349.9000000;339.7000000;341.3500000;3069390
SIBN;D;18/01/21;000000;339.5000000;341.8500000;334.3000000;339.8000000;1264970
SIBN;D;19/01/21;000000;341.9500000;343.7500000;336.7500000;337.3000000;1103400
SIBN;D;20/01/21;000000;338.3000000;340.9000000;337.2000000;338.7000000;852270
SIBN;D;21/01/21;000000;339.2000000;339.8000000;329.2000000;332.3000000;1998540
SIBN;D;22/01/21;000000;332.2000000;332.2000000;321.8500000;323.5000000;2152070
SIBN;D;25/01/21;000000;324.5000000;327.4500000;322.2000000;325.2000000;1087440
SIBN;D;26/01/21;000000;323.7500000;327.0500000;321.5000000;325.8500000;894580
SIBN;D;27/01/21;000000;326.2000000;327.7000000;321.0000000;322.0000000;975040
SIBN;D;28/01/21;000000;321.0000000;324.1000000;317.1000000;322.2000000;1067540
SIBN;D;29/01/21;000000;321.0000000;321.6000000;314.7000000;315.7000000;1789280
SIBN;D;01/02/21;000000;316.6500000;316.9500000;313.1500000;315.0000000;1027440
SIBN;D;02/02/21;000000;318.1000000;322.2000000;316.7500000;320.7500000;1817210
SIBN;D;03/02/21;000000;320.1000000;323.9000000;318.0000000;318.5000000;1263690
SIBN;D;04/02/21;000000;320.6000000;326.9500000;318.6000000;325.8500000;1933860
SIBN;D;05/02/21;000000;328.2000000;335.0500000;327.5500000;334.9500000;2992930
SIBN;D;08/02/21;000000;337.4500000;343.1000000;336.2000000;343.1000000;2112590
SIBN;D;09/02/21;000000;345.1000000;347.9000000;337.2500000;339.6500000;1327510
