-- phpMyAdmin SQL Dump
-- version 5.1.0
-- https://www.phpmyadmin.net/
--
-- Хост: database:3306
-- Время создания: Апр 12 2021 г., 19:11
-- Версия сервера: 5.7.33
-- Версия PHP: 7.4.16

SET SQL_MODE = "NO_AUTO_VALUE_ON_ZERO";
START TRANSACTION;
SET time_zone = "+00:00";


/*!40101 SET @OLD_CHARACTER_SET_CLIENT=@@CHARACTER_SET_CLIENT */;
/*!40101 SET @OLD_CHARACTER_SET_RESULTS=@@CHARACTER_SET_RESULTS */;
/*!40101 SET @OLD_COLLATION_CONNECTION=@@COLLATION_CONNECTION */;
/*!40101 SET NAMES utf8mb4 */;

--
-- База данных: `CONTROL_FA`
--

-- --------------------------------------------------------

--
-- Структура таблицы `bookings`
--

CREATE TABLE `bookings` (
  `id` int(11) NOT NULL,
  `client_id` int(11) NOT NULL,
  `date_in` date NOT NULL,
  `date_out` date NOT NULL,
  `cost` float NOT NULL,
  `staff_id` int(11) NOT NULL,
  `house_id` int(11) NOT NULL
) ENGINE=InnoDB DEFAULT CHARSET=utf8;

--
-- Дамп данных таблицы `bookings`
--

INSERT INTO `bookings` (`id`, `client_id`, `date_in`, `date_out`, `cost`, `staff_id`, `house_id`) VALUES
(1, 3, '2019-12-18', '2020-01-11', 47417.3, 1, 1),
(2, 3, '2019-09-13', '2019-10-05', 52498.2, 2, 2),
(3, 3, '2017-09-29', '2017-10-14', 112785, 3, 3),
(4, 5, '2017-05-11', '2017-05-16', 12574, 4, 4),
(5, 5, '2014-01-03', '2014-01-25', 66472.3, 5, 5),
(6, 5, '2014-03-30', '2014-04-29', 128981, 6, 6),
(7, 5, '2016-07-02', '2016-07-19', 123426, 7, 7),
(8, 5, '2019-03-15', '2019-03-25', 51489, 8, 8),
(9, 7, '2013-06-04', '2013-06-21', 128361, 9, 9),
(10, 7, '2021-02-07', '2021-02-13', 23757.2, 10, 10),
(11, 14, '2012-06-27', '2012-07-27', 231270, 11, 11),
(12, 17, '2013-03-03', '2013-03-13', 29019.9, 12, 12),
(13, 17, '2015-11-06', '2015-11-25', 111988, 13, 13),
(14, 17, '2015-12-03', '2015-12-27', 130447, 14, 14),
(15, 17, '2018-06-14', '2018-06-22', 48408, 15, 15),
(16, 18, '2018-07-08', '2018-07-26', 39786.1, 16, 16),
(17, 18, '2013-06-21', '2013-07-18', 47938.2, 17, 17),
(18, 18, '2012-06-01', '2012-06-05', 26381.7, 18, 18),
(19, 18, '2019-03-03', '2019-03-25', 171484, 19, 19),
(20, 18, '2020-07-11', '2020-07-16', 29943.5, 20, 20),
(21, 19, '2015-08-28', '2015-09-02', 21742.4, 21, 21),
(22, 20, '2019-02-07', '2019-02-08', 4483.22, 22, 22),
(23, 20, '2019-01-06', '2019-01-19', 103057, 23, 23),
(24, 20, '2017-04-18', '2017-04-20', 6292.64, 24, 24),
(25, 20, '2014-06-07', '2014-06-18', 86068.3, 25, 25),
(26, 20, '2015-06-26', '2015-07-11', 89220.5, 26, 26),
(27, 21, '2017-07-30', '2017-08-28', 49214.7, 27, 27),
(28, 21, '2018-08-16', '2018-08-26', 39693.7, 28, 28),
(29, 21, '2015-05-30', '2015-06-15', 57664.2, 29, 29),
(30, 21, '2014-05-06', '2014-05-09', 16387.3, 30, 30),
(31, 21, '2012-11-18', '2012-12-10', 170843, 1, 31),
(32, 22, '2012-05-29', '2012-06-02', 15277.9, 2, 32),
(33, 22, '2016-02-16', '2016-03-05', 106992, 3, 33),
(34, 22, '2020-03-15', '2020-03-18', 13111.5, 4, 34),
(35, 22, '2017-03-24', '2017-04-11', 91317.4, 5, 35),
(36, 22, '2016-01-23', '2016-02-04', 20200.4, 6, 36),
(37, 23, '2013-10-07', '2013-10-12', 19823.2, 7, 37),
(38, 23, '2020-09-04', '2020-09-11', 45038.9, 8, 38),
(39, 23, '2012-11-19', '2012-12-19', 143201, 9, 39),
(40, 24, '2014-12-18', '2014-12-20', 9480.28, 10, 40),
(41, 24, '2015-07-04', '2015-07-28', 47417.3, 11, 1),
(42, 26, '2018-04-29', '2018-05-23', 57270.7, 12, 2),
(43, 26, '2016-09-12', '2016-10-10', 210531, 13, 3),
(44, 26, '2021-03-14', '2021-03-16', 5029.58, 14, 4),
(45, 28, '2014-03-22', '2014-04-14', 69493.8, 15, 5),
(46, 29, '2012-10-16', '2012-10-27', 47293.1, 16, 6),
(47, 29, '2011-11-26', '2011-12-07', 79863.9, 17, 7),
(48, 30, '2012-12-12', '2012-12-16', 20595.6, 18, 8),
(49, 30, '2016-08-31', '2016-09-15', 113259, 19, 9),
(50, 30, '2018-12-13', '2018-12-19', 23757.2, 20, 10),
(51, 30, '2016-04-30', '2016-05-17', 131053, 21, 11),
(52, 31, '2019-08-25', '2019-08-26', 2901.99, 22, 12),
(53, 31, '2016-09-09', '2016-09-13', 23576.4, 23, 13),
(54, 31, '2017-02-17', '2017-03-01', 65223.7, 24, 14),
(55, 32, '2018-01-09', '2018-01-30', 127071, 25, 15),
(56, 32, '2016-09-10', '2016-10-05', 55258.5, 26, 16),
(57, 32, '2019-02-05', '2019-02-07', 3550.98, 27, 17),
(58, 32, '2013-09-27', '2013-10-23', 171481, 28, 18),
(59, 33, '2016-04-28', '2016-05-24', 202663, 29, 19),
(60, 33, '2017-04-16', '2017-04-21', 29943.5, 30, 20),
(61, 34, '2014-04-14', '2014-04-25', 47833.4, 1, 21),
(62, 34, '2018-03-06', '2018-03-19', 58281.9, 2, 22),
(63, 34, '2016-06-01', '2016-07-01', 237823, 3, 23),
(64, 34, '2011-06-26', '2011-07-10', 44048.5, 4, 24),
(65, 34, '2019-05-14', '2019-05-15', 7824.39, 5, 25),
(66, 36, '2017-01-28', '2017-02-08', 65428.3, 6, 26),
(67, 36, '2018-10-09', '2018-10-24', 25455.9, 7, 27),
(68, 38, '2017-01-19', '2017-02-17', 115112, 8, 28),
(69, 38, '2014-04-18', '2014-05-09', 75684.2, 9, 29),
(70, 38, '2011-09-22', '2011-10-06', 76473.9, 10, 30),
(71, 40, '2017-04-24', '2017-05-02', 62124.6, 11, 31),
(72, 40, '2013-02-18', '2013-03-18', 106945, 12, 32),
(73, 40, '2014-02-01', '2014-02-27', 154545, 13, 33),
(74, 40, '2019-12-03', '2019-12-10', 30593.6, 14, 34),
(75, 40, '2016-05-23', '2016-06-15', 116683, 15, 35),
(76, 43, '2021-04-09', '2021-05-06', 45451, 16, 36),
(77, 43, '2017-09-05', '2017-09-15', 39646.3, 17, 37),
(78, 43, '2013-01-02', '2013-01-13', 70775.4, 18, 38),
(79, 43, '2017-01-28', '2017-02-02', 23866.9, 19, 39),
(80, 43, '2014-09-20', '2014-09-24', 18960.6, 20, 40),
(81, 44, '2016-03-17', '2016-03-28', 21732.9, 21, 1),
(82, 45, '2019-08-24', '2019-08-28', 9545.12, 22, 2),
(83, 45, '2014-08-05', '2014-08-13', 60151.8, 23, 3),
(84, 45, '2018-06-08', '2018-06-14', 15088.7, 24, 4),
(85, 45, '2019-11-04', '2019-11-20', 48343.5, 25, 5),
(86, 45, '2015-11-17', '2015-12-11', 103185, 26, 6),
(87, 47, '2015-07-26', '2015-08-22', 196029, 27, 7),
(88, 47, '2018-11-06', '2018-11-15', 46340.1, 28, 8),
(89, 48, '2013-02-22', '2013-02-28', 45303.8, 29, 9),
(90, 48, '2019-03-05', '2019-03-08', 11878.6, 30, 10),
(91, 49, '2018-07-05', '2018-07-17', 92508, 1, 11),
(92, 51, '2017-01-16', '2017-01-22', 17411.9, 2, 12),
(93, 51, '2013-01-14', '2013-02-11', 165035, 3, 13),
(94, 51, '2013-02-05', '2013-02-15', 54353.1, 4, 14),
(95, 52, '2011-07-29', '2011-08-26', 169428, 5, 15),
(96, 52, '2017-06-28', '2017-07-27', 64099.9, 6, 16),
(97, 52, '2013-07-12', '2013-08-10', 51489.2, 7, 17),
(98, 53, '2017-03-28', '2017-04-06', 59358.8, 8, 18),
(99, 54, '2012-11-11', '2012-11-16', 38973.6, 9, 19),
(100, 54, '2015-04-05', '2015-04-24', 113785, 10, 20),
(101, 54, '2011-06-28', '2011-07-02', 17394, 11, 21),
(102, 54, '2016-09-13', '2016-10-09', 116564, 12, 22),
(103, 54, '2018-02-20', '2018-03-18', 206113, 13, 23),
(104, 56, '2011-07-12', '2011-07-24', 37755.8, 14, 24),
(105, 56, '2019-05-16', '2019-06-10', 195610, 15, 25),
(106, 56, '2013-10-23', '2013-11-13', 124909, 16, 26),
(107, 56, '2020-09-02', '2020-09-14', 20364.7, 17, 27),
(108, 58, '2014-07-27', '2014-08-26', 119081, 18, 28),
(109, 58, '2013-05-26', '2013-05-28', 7208.02, 19, 29),
(110, 59, '2015-06-11', '2015-07-06', 136560, 20, 30),
(111, 59, '2019-12-05', '2020-01-02', 217436, 21, 31),
(112, 59, '2015-07-11', '2015-08-10', 114584, 22, 32),
(113, 63, '2016-09-05', '2016-09-16', 65384.2, 23, 33),
(114, 68, '2015-10-08', '2015-10-20', 52446.1, 24, 34),
(115, 70, '2020-06-07', '2020-06-16', 45658.7, 25, 35),
(116, 70, '2014-03-21', '2014-04-06', 26933.9, 26, 36),
(117, 70, '2016-08-27', '2016-09-26', 118939, 27, 37),
(118, 73, '2011-06-17', '2011-06-25', 51473, 28, 38),
(119, 73, '2011-10-03', '2011-10-05', 9546.76, 29, 39),
(120, 73, '2020-05-21', '2020-05-23', 9480.28, 30, 40),
(121, 73, '2019-09-28', '2019-10-15', 33587.2, 1, 1),
(122, 74, '2014-12-01', '2014-12-26', 59657, 2, 2),
(123, 75, '2019-07-31', '2019-08-06', 45113.8, 3, 3),
(124, 75, '2013-08-03', '2013-08-11', 20118.3, 4, 4),
(125, 75, '2011-08-21', '2011-09-20', 90644.1, 5, 5),
(126, 75, '2016-05-06', '2016-05-30', 103185, 6, 6),
(127, 75, '2013-02-18', '2013-03-14', 174248, 7, 7),
(128, 77, '2012-07-24', '2012-07-29', 25744.5, 8, 8),
(129, 79, '2013-06-04', '2013-06-11', 52854.4, 9, 9),
(130, 82, '2018-12-13', '2019-01-06', 95028.7, 10, 10),
(131, 82, '2018-02-22', '2018-03-20', 200434, 11, 11),
(132, 82, '2021-02-21', '2021-03-15', 63843.8, 12, 12),
(133, 82, '2017-06-05', '2017-06-16', 64835, 13, 13),
(134, 85, '2016-12-16', '2017-01-12', 146753, 14, 14),
(135, 85, '2017-09-19', '2017-10-17', 169428, 15, 15),
(136, 85, '2013-09-11', '2013-10-06', 55258.5, 16, 16),
(137, 85, '2020-03-18', '2020-04-16', 51489.2, 17, 17),
(138, 88, '2017-04-06', '2017-04-11', 32977.1, 18, 18),
(139, 89, '2019-06-08', '2019-07-02', 187074, 19, 19),
(140, 89, '2013-08-29', '2013-09-24', 155706, 20, 20),
(141, 89, '2019-05-19', '2019-06-15', 117409, 21, 21),
(142, 91, '2011-07-01', '2011-07-15', 62765.1, 22, 22),
(143, 91, '2018-10-30', '2018-11-26', 214041, 23, 23),
(144, 91, '2019-10-15', '2019-11-07', 72365.4, 24, 24),
(145, 91, '2020-05-17', '2020-06-02', 125190, 25, 25),
(146, 91, '2013-10-04', '2013-10-11', 41636.2, 26, 26),
(147, 92, '2016-01-08', '2016-01-17', 15273.5, 27, 27),
(148, 92, '2019-02-01', '2019-02-02', 3969.37, 28, 28),
(149, 92, '2020-06-16', '2020-07-03', 61268.2, 29, 29),
(150, 92, '2014-05-12', '2014-05-30', 98323.6, 30, 30),
(151, 93, '2021-03-24', '2021-04-23', 232967, 1, 31),
(152, 93, '2016-08-09', '2016-08-14', 19097.4, 2, 32),
(153, 93, '2012-06-23', '2012-07-10', 101048, 3, 33),
(154, 93, '2020-10-11', '2020-10-19', 34964.1, 4, 34),
(155, 93, '2015-02-04', '2015-02-20', 81171, 5, 35),
(156, 94, '2013-03-03', '2013-04-02', 50501.1, 6, 36),
(157, 97, '2015-01-03', '2015-01-28', 99115.8, 7, 37),
(158, 97, '2011-10-08', '2011-10-14', 38604.8, 8, 38),
(159, 98, '2016-06-02', '2016-07-02', 143201, 9, 39);

-- --------------------------------------------------------

--
-- Структура таблицы `clients`
--

CREATE TABLE `clients` (
  `id` int(11) NOT NULL,
  `first_name` varchar(40) NOT NULL,
  `last_name` varchar(40) NOT NULL,
  `email` varchar(40) NOT NULL,
  `phone` varchar(40) NOT NULL,
  `document_title` varchar(40) NOT NULL,
  `document_file` varbinary(2000) NOT NULL,
  `document_text` varchar(400) NOT NULL,
  `document_comments` varchar(400) DEFAULT NULL,
  `special_requests` varchar(400) DEFAULT NULL
) ENGINE=InnoDB DEFAULT CHARSET=utf8;

--
-- Дамп данных таблицы `clients`
--

INSERT INTO `clients` (`id`, `first_name`, `last_name`, `email`, `phone`, `document_title`, `document_file`, `document_text`, `document_comments`, `special_requests`) VALUES
(1, 'Suzanne', 'Lawrence', 'pahomseliverstov@hotmail.com', '8 (903) 717-4528', 'Паспорт', 0xf624382ace89829ea98f7a8bc39fd4b36cdb5d8ae223019bcb0abb61e1a50b9d94a3f8703c8a90b19d8ad0daea6f464da1c06058457bead555a771276ab4a89061bdd79a66aadc52bbbc37bb8ff45105d1f16b16698136b88eb62875b6e365b2a41142d3, 'ID 9528 35451334', 'ok', NULL),
(2, 'Mr.', 'Miah', 'anastasija_2016@mail.ru', '+74397517481', 'Паспорт', 0x91842c06fe440c386fe363d7c7af330c17788aa00180844a7ce0197131f8e0f7e41169a38ad5050c797db0388e2c802401fb5797942512937469054c12d76a0c539e5d3da11b213e699c5be597933e75e6d6ce82df33956039ec9f6ecf192ffdbba50580, 'ID 6848 33229300', 'ok', NULL),
(3, 'Dr.', 'Thompson', 'karl_90@mail.ru', '8 434 803 83 63', 'Паспорт', 0x9b4b2177d2fc93f770b29afae694b581973f59bcbca3e855cd8f9b9dda14dfed5a7d591a6f1daceeb22f4f7a638c21595a6109aeca28f2f090e894020d3a1d0e054e8d21a6607b6272eb6ad764175a0a1427956bf5491224e5f992cde05879ad639cdb50, 'ID 7896 10844317', 'срок действия заканчивется', NULL),
(4, 'Elliot', 'Shaw', 'afinogenbelousov@zao.biz', '+7 (904) 156-91-58', 'Паспорт', 0xfd178cd15a53d7dccca7366e9ab4411695f5a909f6a0209aa667d1fd54ec4d5e4c5a82410a403a6dc6cf3c0d83074bdb81d9ab22c0f597d21c724ab9a8e4c3231b4077c868d28cf8f58f05176fe5e24f16dd001438653b111b2c8a9a1391434d8149fe61, 'ID 9027 19665542', 'срок действия заканчивется', NULL),
(5, 'Kenneth', 'Warren', 'savinippolit@gruppa.edu', '8 (036) 257-84-86', 'Паспорт', 0x4fa03f05744a427dfd8279ac7f188f3164bbfd3b90bba5e2f0e262f889d6c428980c0fd34fe2d9f596382c69ca836476abc26a68f3e584f1bee70fbc1376d4eba9c8edc9247c1fec314b2b6b544e321a8f0bb6c8e754413ec726fdaa77cf5b05091b423c, 'ID 8276 10880198', 'ok', NULL),
(6, 'Karl', 'Newman', 'ipat1988@mail.ru', '8 670 802 6662', 'Паспорт', 0xe1f8b066ac8f11e0193764a54c8a621e42d1fd4ebc4a869fa42310fe1664631bc7d7a04b3fad1b1eba361d06ae99f17e2271444abc8b1ea4bd241027f472a5dd6cebf27d47a9c216f373729ec1f68b2de2e181542b7e82a9ac6f4e61aff289825e55fffd, 'ID 6799 46981194', NULL, NULL),
(7, 'Dawn', 'Collier', 'qantonova@ooo.com', '+75354699773', 'Паспорт', 0xeeee24014d264c8c3bb415dca99e0f951eb48eee06642619e17cee865a1dbf6693eb830c37228821d2f8544241db856156dac798963610be9359532c364dbc28f5b4027f801d9e3bf4ae16f03648e2fbf239b62fd3fc185570cba84a1de6d956d4644894, 'ID 7419 54091210', 'срок действия заканчивется', NULL),
(8, 'Sara', 'Parkin', 'elena95@rambler.ru', '8 800 851 2102', 'Паспорт', 0x0bd331bce670d591505e02deaeee231ebbc9aa621e6c0e11d27e6c0bcfa38ca69538616f39163b7ac85bb7e3c0c49b5386b87bb6af1e89aa6e64571f3b52b1f71fce497558a3f5ac9cd53b83d02a1412e9cdf51ff8d7abc01e463a2cd50cfb9c0abea74f, 'ID 3482 87104809', 'ok', NULL),
(9, 'Mr.', 'Cross', 'kuzminefim@rambler.ru', '8 110 967 51 56', 'Паспорт', 0x36920d054fe8f1b5e58ff6c0e51b64fa5f33cd59dbc5f668bac78f481ae1cd0347a2b0ad630e5799f8ae42d8b2349e65151abb1807a60f8f6bd09c306cf823a6e6bd724bec9d7887726af8c64dff921660c1c4e6e8cd556683f27a470e9e451845c5bf27, 'ID 5569 75870553', NULL, NULL),
(10, 'Kevin', 'Finch', 'azari_70@mamontov.org', '8 (034) 359-25-10', 'Паспорт', 0xd1c215a0a72ad9def51b3b6292aca210ddc6ebbda7d6c1d4bc9c839e3ce01ecc9ebf861d2bfd8644c85a2139f3c18bed85a3c75364a35142efd9a001ea853a6288458df898f35d478f1e3e9a6893ca2d1a36320430c6d2625dfaecab8c27cb6e683a009c, 'ID 2985 32107069', 'ok', NULL),
(11, 'Irene', 'Gibson', 'epifan_36@hotmail.com', '+7 (324) 538-45-81', 'Паспорт', 0x05ec1b9de16b4d70ca13b5efc78b9b376bab30addd8bb02df6a315d72449c1ff7acb3598a1c9eec921c89b5f97d3511488ce71276fcbeb0a914558073880fc3323e9d17295213745e9cfc53c70556aa07e2510124778487e786d3fab97d0852f2627aa07, 'ID 8055 56293927', NULL, NULL),
(12, 'Kayleigh', 'Fox', 'pfokin@zueva.com', '+7 434 886 5388', 'Паспорт', 0xc761f7521c78a1e3e639682dae557665f2e0502d252e455d2c1f264431f030889129fa27d043a2c91af35e9a5c81d0f883c4905476ff43115dba38d73c8d1cc128771ab74c8c1b40cf470139791770331c644d343d24015214d41c8f9703766d41aa22cb, 'ID 9283 84070394', 'ok', NULL),
(13, 'Toby', 'Johnson', 'gennadirusakov@gmail.com', '+74260038566', 'Паспорт', 0xab94e1794474750dcdd9127860a884cfb6acbcfba42923ee97a3b8dbaf5b07f4b0d93ba763e6acab4319e94e4618f2cf58c437611a2d34aaef052eb5edda6c04a85c4c668a03be9994bfbab106658ae9a356b93e9af11468ae802f10581afb256578703b, 'ID 0283 32781744', 'срок действия заканчивется', NULL),
(14, 'Ricky', 'Jones', 'firs_2006@yahoo.com', '+7 (357) 863-7236', 'Паспорт', 0xfd8a6864fe72a834a2993af96d8441fd6b39252a8daebd45921b64ff57d7e2ba8cc88ee039f3207317785003ce37aebb67aa2bccbaa1121edf59ef1c744495aa6be4a8e81e6c67a9849e9a27f2fcf9937300e69d7c3a7661ebe8fffe69615a30fef12f05, 'ID 3727 24436795', NULL, NULL),
(15, 'Susan', 'Macdonald', 'sorokinserge@mail.ru', '+7 (686) 534-9647', 'Паспорт', 0xbe7d1663e6698b77f1eb6840706ca14f8e78132f0fd9a6fdc2070ecf14b32d976f8b2479d9d84bb1f2c10271bdedd197b8a7f92c849a2ecb62fed12093519438d67f867e5214b448b720d2a3502a4213a195b01d63e4bf2bc4fe464347efebd7755f399d, 'ID 7430 73959087', 'срок действия заканчивется', NULL),
(16, 'Frank', 'Ford', 'tvorimir36@oao.org', '8 (889) 204-13-02', 'Паспорт', 0x2f046ec12629049390a13e88305b93d4f1f2e67c059736babdd73b990dbfb45af4df25e193a3fb4f3247e38c7547be4cff8454ca6f3cc05a5b084c794810030da0fcb1a667af379c9644c53681656623fb6954791d21a8139134a609a4665b28d4166ce2, 'ID 9436 81075839', NULL, NULL),
(17, 'Teresa', 'Stokes', 'ostap_1983@zao.net', '+7 (611) 333-3483', 'Паспорт', 0xe993eec1c3d360c44f33c80a5e71364bb6b4b3b83e7b6d236253e4e9ffba6e3a03fa7ed03331d6893c740ee3904986f2232874370008a14ead26d83c7d148a3953083029b4ae259f164e4acd66022952261aaad8955073d31847b64a907c829c28412aad, 'ID 2840 16001819', NULL, NULL),
(18, 'Neil', 'Shepherd-Taylor', 'nina_1972@mail.ru', '+7 (155) 426-0668', 'Паспорт', 0x1a634344a78e74f11c4769371c3858651039349245860b7ac5b780905dcf3a9d9bfc9b5562c9ee0a6ff9744a54df749bfeada56e48c52b251c4dc99c536d68013d1917ade07063baba9cdef36281217d936cd639edc74405feab1b6c24a51646d081eb1e, 'ID 4000 57024929', NULL, NULL),
(19, 'Henry', 'Smith', 'lfedorova@hotmail.com', '81237673393', 'Паспорт', 0xabb097ee7c833adbc7f2c7eb9add30446e650286ba5227f14894b88110021720b0c2a931fb8062a6f1ab7f089ce509b6a4770490b7f996e7f0f55614ba136e880d0175189c69879afc982befc629fff50fc84e64c4ff3e5da69ecf924f284184ed979d36, 'ID 9408 58184339', NULL, NULL),
(20, 'Tom', 'Young', 'sergeevkarp@yandex.ru', '+7 (090) 647-0405', 'Паспорт', 0xaefabcdbab6b13322f3782493d7e2cd12ed36c8fc9aa9adce0b59423fe3edf4456bb68ab63cb8b957341a49b55dcbe35bd50b7c46058077d6fab1903b6f6dcd39b1355be2a3bfb25c82e877f9f841019d95313c94f3e6ddcab97b29a4ceada03d2548820, 'ID 3774 95964070', 'ok', NULL),
(21, 'Gregory', 'Taylor', 'ninel40@bobrov.biz', '+72997086752', 'Паспорт', 0xab9aa29ec2a4e1de98156306ffa9ee6a2d0420c84f5b3c789c72bb8b6a94562a80d9c1d87981063310498b43f356895f2e257479f9e1d7eb2a523c3e5514c69a44c9d4facb6690f39c412e3ebe6d01f98d417536b9f62ebf0e591f265c96887909e8ef6d, 'ID 5493 93238769', 'срок действия заканчивется', NULL),
(22, 'Alex', 'Norman-Gardner', 'vjacheslavjakovlev@rambler.ru', '+7 957 997 97 75', 'Паспорт', 0x72ffc441b367eef5a0bcc673ad60bfb269faf7f30dbdeb5842a59416dbedfbaa00b34dd4f77684e338a0a6d794c85912cddd0a560f563087fa3f490ca9888b3a4bbb84a1a1f91228e972c927a3f3e3fb465c9cac15a5d875b6d5a50fc8ab55f3f3fa75c6, 'ID 7805 09884182', 'ok', NULL),
(23, 'Melanie', 'Coles', 'feofankrjukov@oao.net', '8 812 726 7510', 'Паспорт', 0xdad68a0976a7ce04d308b5affefdc601f935448f7c7c2e8216ccec8154adc0dd5d656b21226259b2d9f41ac1eea0f33f49f6e4d05eb107a70804786ad8b68cdbd898fac76ef18ab3526173871e6c914f9abd5c1e6914dfb0434a7816d9c2ab02cae466fe, 'ID 9509 84131155', 'ok', NULL),
(24, 'Hugh', 'Dixon-Gray', 'ustinkuzmin@rambler.ru', '8 402 727 9122', 'Паспорт', 0x842ee8be8bfd1af43f1cc71ecae09b629286edf26dc51786ad4414a43e237219f111b7e535c3ce1e007fd7eb4342335cd5248b36af20fef2b2e24132c04f7e54652d46c74b339e1b61d6f294098a74fc4cdc3241dc1aed09c99471b02e506fda8ca73f1a, 'ID 1038 11083836', NULL, NULL),
(25, 'Joshua', 'Cox-Smith', 'ylazarev@ooo.edu', '+7 585 966 62 93', 'Паспорт', 0xe40a89b5856a4e880e99279ba67e55b7e318581f9b102c1acf637270e70fad3c4f37b178a32b6c96fc87feabdd01018406876168f832f1b892cf9c5d3f9fe2d0d57df6d1a2bdb561a5470fe768d8f28d88c6f177655d1fa5b3dff578737d7de3243c5f22, 'ID 6149 41467035', 'срок действия заканчивется', NULL),
(26, 'Marc', 'Barker', 'gleb_29@makarov.info', '+70353574857', 'Паспорт', 0x6150a192dce2fcba5aa82d483e5e7dcb80f3a63d6a11126ed3e5344c51a82fc81df6bf814b5658ad4b2787de0c95959e53923fe80348d6058e377db72107e982390f73bda990db609b0eb14221774c4934b2e35a89a1041fae84b20b6f6cad398690e0ba, 'ID 2662 50622861', NULL, NULL),
(27, 'Rosemary', 'Hodgson', 'amvrosi_45@npo.ru', '89163403000', 'Паспорт', 0x0a73be21ca6709eb6a9ac8b09778e2d167170deb87f3153423670ad47be134df3e14a5576c474c17c511367107c4135d15fe61d11bd19de2a8b3b869ea8eb69fdb737b62812d7664a654f62a18979b8d9be24849fc6a27336d4def97797dd9da67f9145b, 'ID 8753 69097639', 'ok', NULL),
(28, 'Mrs.', 'Johnson', 'nifont64@gmail.com', '+7 508 614 73 93', 'Паспорт', 0xbc68ddfa1297b408e886bbc408d8a7f494118f7e0e43c256637e8f272b15ef716db05d9c7acf3db859bc61f8e7164bd60fb0f21512b8a76bb471c71eae03705f86c2d437758dc22e7923137f2e47ef065d44f0061d861be920797c51a3f06f57f4e8399f, 'ID 6549 61756390', 'срок действия заканчивется', NULL),
(29, 'John', 'Evans-Owen', 'konstantin2012@neftmagistral.biz', '81405744580', 'Паспорт', 0x72dc1ba09abba7524b48d58f38882cef12443dc56cf2204e821d32b72a04d67344cfccdfba68c55fd40eb79ba6978fbef410673def70f59d455eada2a438e7413d755ca00991ccc657d85b8441056dd40d3465655c4f0c34e65623896fd4a057370d1cee, 'ID 6330 65546469', NULL, NULL),
(30, 'Damian', 'Little-Parry', 'porfiri_97@yandex.ru', '85204821076', 'Паспорт', 0xe6f3964900ef042cb9bb8af9ae7ba9fbb8e0ccfd8a8ce65becc209f60fe4ccf47ee0607f31060fc6d7d89db0a0c7096dac68a6136929029a3431d6108b26b2771bcf12dd914880636458392197a75fba1b2174fdc04f9a4f8fb8f88b2c36ba0406134093, 'ID 1702 00504253', 'ok', NULL),
(31, 'Mr.', 'Goddard', 'vera82@gmail.com', '+79604633937', 'Паспорт', 0x416fb9f6161098fac41af1471f0ec3c6128ec56d45c34d9d04a37e6251ac5ad90b3071d8b84d8cd745d60dc0d801f133be483c5a08924c8f8beaf6c2bb65a88289dc5625952526ccf79d255cabb4931d069d156a4a505a35419a6cc0819aaf770041f830, 'ID 8341 50826008', 'срок действия заканчивется', NULL),
(32, 'Mohamed', 'Morton', 'kasjan1985@mail.ru', '8 (242) 615-9847', 'Паспорт', 0xd197f933dcaab5034669519603db404d9df3124b639ccbba2fab6ac72c88e141de0b999901783760cbbc3f95e74b041bdda32a1d8a59f2ecf557b628535543d466c2efa5c0aecda60c59cad9848266f44b6e9aec8da094921beedad51228cbef5f18d07e, 'ID 7100 35720044', 'срок действия заканчивется', NULL),
(33, 'Stephen', 'Barry', 'andre_37@zao.com', '+7 576 753 7932', 'Паспорт', 0x32f6e18067dcac5b7dbc135711e6e2a527d7923066d36a5720a196571dc218f430c70a33635650c6f4c35ceb24d9c7de394292b2d18dc8322db91b0d7405ad5fd8b88b99f334fcfed14dd2724af279e74894aaa3afbde1e22e3431af578c9e115114bc09, 'ID 1584 81280963', NULL, NULL),
(34, 'Janice', 'Jones', 'vinogradovanikita@loginova.info', '+7 (068) 235-5242', 'Паспорт', 0x2c5c74eb43144297bf53e3c780831fffd7182cf0f1f38e1b79f479fe1ea4bd98e8e094e5af80a3fe33e271aea2496c0a13b52080046dcd0a2b56d10bf74ef4b332401a06c966e124c486245859b2776c5221bf2b764bc391a9db3fbe46aca07ab11b19cb, 'ID 6832 43003260', 'срок действия заканчивется', NULL),
(35, 'Simon', 'Carter', 'davidovvladilen@yandex.ru', '+7 360 097 3839', 'Паспорт', 0x36b996ee3e231b7d08f85e757dafbecb132c0c46c98b5aae97e9af831c2400808db9b24824e9a5693057b35f23ac4b12e8cb2ac2b5a8de8d84b21841c0367af8fd0feae313f964640bcb2cd475ade918c4c1cd02cab56816b45399588d5f7d06a1ff1dce, 'ID 4262 09765262', 'срок действия заканчивется', NULL),
(36, 'Andrea', 'Scott', 'fedotovantip@ao.info', '+7 (932) 534-05-10', 'Паспорт', 0xd19cdc2e751a07ffb7e7f4a6735ef7954d82cd6977643e9eb5c65c9b617ff774c8865e29a4310b8382c1964fcc0b7d88fe460157dbadb02f7fa2f11f1bb35b593a07c372d6b55fc2f2e76316f5c9c63b3e856a06ef7b807e7d3b7c3bd807fc11b2d3fc66, 'ID 1396 98702127', 'ok', NULL),
(37, 'Mr.', 'Cook', 'zinovi_1991@baranova.edu', '8 464 500 96 14', 'Паспорт', 0x3e6b91a04a9a951965083f0f64f9ec49df43d554abb8c716d8c269abb2b245e40b5490219f3fb8ad5cc0de8f736d82ab40c5a09757a24f7adff0566cdb2bca43dd0248b21e9e6a820890dc92582bed1d19b11ee11e711794a2953883eee94921876643cc, 'ID 5144 91459443', 'срок действия заканчивется', NULL),
(38, 'Miss', 'Martin', 'vissarion_1990@gk.info', '+7 838 246 51 99', 'Паспорт', 0x7072211db7216934e894396f106b93cba68f60de35e65c7e4103c82c348e699aa803413b8774289fdcc5f498baaa1376f5b38282eeb838c3aceb8f70ee36005d24fc240890834d53f99a1b529c12f13ff42bdf7a1e2caaea42190ff9f3f4d41241a4abee, 'ID 9098 39766283', 'ok', NULL),
(39, 'Conor', 'Turner', 'hariton2014@yandex.ru', '86467784798', 'Паспорт', 0x76b5dd53444b9e61b763f95600440e56eaaae75c29468a5f6d4a463c410120b2b8946900184bcf5ebb3c19a705e161191c4bfc63ee27d0bc0cddce662477585533073cc783c809111c187a742cb890717c4301de7f9dc2698eac949fc26c1c6ccd5ea5a5, 'ID 7263 25411418', NULL, NULL),
(40, 'Adam', 'Cooper', 'belozerovaverjan@evropa.net', '8 730 966 92 48', 'Паспорт', 0xc28b885ae71a358542ecb9db0fc9810a416d9934c802567b66759598df73c6e7ce88143ff5167289a7dc1bae0f972aa879905cd1e2d4e97fcf987aef7ae7e626d385e8764057dccc33acfff1e38ebd1c00c1eeeff1d08629e4add1b22395987f8a751e49, 'ID 5812 40363881', 'ok', NULL),
(41, 'Claire', 'Marsh', 'ljubosmislshubin@rambler.ru', '8 (079) 333-31-20', 'Паспорт', 0x32e668d46399f963a504c7ac62affe2c987e897e5bb4893f3070b11d8b3203071b33743d0741ae08e7050d0a2a05f015f8e319aee3fbb2fd4da20663ea04e1009f2f0b93445dca1d9a3d547f7cbfc446c7656ca02125505bd72cbc9b8abee2e0b5cc6d06, 'ID 1984 98378359', NULL, NULL),
(42, 'Karl', 'Bibi', 'novikovtihon@zao.ru', '8 105 438 99 36', 'Паспорт', 0xc8c748971be0ed98cc16d5c65034a00b55fa152a71de37692dae58809e672f9f525e5a7481d9270a9b4117e0165ce534a2db0728d6a014bb0a29a42e6ab2d8e3d31d2a8144040814be345f3a4746dc3709ed378cb6dd5f4660d53c7ff395df2869fcb8ff, 'ID 3112 79486058', NULL, NULL),
(43, 'Chloe', 'Sharp', 'silinazinaida@hotmail.com', '8 003 341 9447', 'Паспорт', 0x32a5e13c1d3c2bbe36a8bd5a4abb440dad2c0d5b2c00d305c863db53cea434408b34fd80e63a610b97af6f231c3624a31a0d473ec4528c1ae46d423076771969f0784009286a79088d8c64ef2847bbe018bcf7f7af0283ed11dcbad1d0fe6cfe4b4b236c, 'ID 2175 86909769', 'ok', NULL),
(44, 'Bernard', 'Brown', 'teterinalora@ip.info', '87629065253', 'Паспорт', 0x4ec65d6e079186d7a2d7f27d1865655d8557166745303a77542eeb30292fd9227a885f4879f1aff12d19931c73f96f228201156c84ceb1334c8282d694acc287fb790b98e744edd263b4e24f61d4ba19a27ef48f2b9991d5351fe3bc424d24dbe4e336a6, 'ID 5959 52996037', 'срок действия заканчивется', NULL),
(45, 'Jake', 'Mason', 'miron1999@oao.org', '+7 116 150 15 02', 'Паспорт', 0x94b08d803a7d0f9c28efaaaffa87f309209362e45eaf33d58ef8a414f6eb452c505be3ae883a70ea3edf22fe6c4c8565249cdcbe79514b97bfea956d9ab19be9f4856c63999d39437b681ba5d8727d3e4b374298e5811f8b2ca1ebe4cc06d01668f59d92, 'ID 8355 65176615', 'срок действия заканчивется', NULL),
(46, 'Harriet', 'Griffiths', 'doroninnazar@yahoo.com', '8 807 060 30 15', 'Паспорт', 0xf00ce498870b435fb8ed45d869be3b92c3762b9f0c3a65d6ddb6bf047786846e5d356283a528e9d2532e9fe73166e10950b4a133ecdc8f3fe61d6a197f5b9f18614f47dde487aea4ec2f1c6ab37c5cda08f589a09ac96a14e359ffc6a8015130efb7cf84, 'ID 6562 85099656', NULL, NULL),
(47, 'Mr.', 'Poole', 'kozlovkuzma@mail.ru', '8 266 296 67 48', 'Паспорт', 0x1c1a3226f6b10858d197078cbd7b7437cd1feede9a4cf8a4bef65d274d0166a5263138c303d555be65b751b56de4bd78e69d9385686237505b250de2d21e657b246b3638ae59b0e31369dcb6af5bd9a329590396c46318c49feeb056b2a8043929f6617b, 'ID 3619 01376326', 'ok', NULL),
(48, 'Dr.', 'Clark', 'kira60@yahoo.com', '8 (424) 726-64-08', 'Паспорт', 0xabd9035df409d355ea5a38bf52219e1b66a1ee63a73ae71f182d9da8a69f09a82cdc65064a37fd3b782fc9326075dbde5fb716fad9b3403b452f7471995bcdf5e35c5e44734b874e924e4e6eb808fc8afdc3856a47900db6799faf8524ea3d5bdaf00483, 'ID 6382 72487191', NULL, NULL),
(49, 'Ben', 'Johnson', 'azari2006@yandex.ru', '8 130 876 43 97', 'Паспорт', 0xa5b3d66107561a672f88f81b46fdf742505e144de4b25c65e50f2706aecc79cc55df4fcc54a086fd2d5013dd2e51300e85add3f6201f759df66bff383f5d37a204dc764a4e5a715e3ae22e2016f48cbd501e698f0a07159aea8d39bacb27fa8c7aeb6917, 'ID 6506 41887825', 'срок действия заканчивется', NULL),
(50, 'Mr.', 'Lucas', 'arhiparhipov@rambler.ru', '85717253072', 'Паспорт', 0x0692ec7db51b9bd7ac31d00e1376b2da0d62e5b2f17c7fd1f905ffd65b222d9087d7e0a798e7d8b78561399f5481e92a0e5ed742b7a61045ee3b5ec392bcaf20c376d99892eeaebd435407e86db276bce0b80cac9b632409d6b4ed1d2bbf865d69c5e025, 'ID 8124 42230663', 'срок действия заканчивется', NULL),
(51, 'Dennis', 'Henderson', 'polikarp_2012@yandex.ru', '86502352173', 'Паспорт', 0x8014ebcf713d777cb54cd2430610c922829034f8d67ed122b87fc683068992bd5217958575ba60ec247c3bcf48e6abf51faf7a950ac4ed9618a1d0f0e0e7a89da115ac9a4bdc36ae0bdea0f880369dfbb790ebd3b97789ff65894761e740f6dceca8a473, 'ID 9115 27279363', 'ok', NULL),
(52, 'Ms.', 'Jones', 'maksimiljanmamontov@yandex.ru', '+75179891235', 'Паспорт', 0x26958afb05c1494e8e9107cdffcbf5fc1325036167e802cc8c3f28bcbe64c959896ec9cfea8cb9386a051de3a0db156d7c3ead3361192760d8298717ea2d38695522b467cbe0e4ba77d36f0f450bd97391a91ac7558f34accc2cb3f6614bab3b0e37dca7, 'ID 2846 32647227', 'срок действия заканчивется', NULL),
(53, 'Bryan', 'Austin', 'david_85@rao.info', '8 (170) 879-7883', 'Паспорт', 0xf5dace4559343c06498ed27a54167e4503ea9e546bfeba07a47c4bd3d3600560c57932c8b071f100e93b12d74cc5be6531f33acff71a9d431bcc287243324d17b6ef2f99b39a8129a85e31a1021ccb6d10eef137440033e460e8c5974a579bcd0fac9500, 'ID 6285 84216650', NULL, NULL),
(54, 'Thomas', 'Hayes-Marsh', 'zuevandronik@oao.info', '+7 (806) 423-3645', 'Паспорт', 0x3cb4f7125edc5acb88d74b9003ca028d2c1ebe9f77210aa5912136a88158b31a1cae7f684e4d494c0db10b9282120ee9bc0b895f9afaf2cf16315e05b559bbddd8ae02c52473ded45db7baef4e5831bfafaf65481e40e9211babae976fe406a402c2bec2, 'ID 7079 72750714', NULL, NULL),
(55, 'Georgina', 'Green-Thompson', 'ysokolov@ip.org', '8 (184) 901-7585', 'Паспорт', 0x5cbdb892cd19a814ef71d870f675b7167fcfcfc5bd9927c1f7349039634b1953bcd2d2dcb900f348592a9da04bbe13f87bd42938225b1bba9ec916c3741d08022eda16049f426b87ab6de92157bbec2c5e32b031caf7f4500f6039818f0d58511f9e7060, 'ID 2807 07894774', 'срок действия заканчивется', NULL),
(56, 'Dr.', 'Williams', 'bpavlova@npo.com', '+7 622 691 8159', 'Паспорт', 0xfab584ba77ba47408bc6f97bdf1b007fae3147d9471320e0f638e4068ea43bbccf23eb0b298e1cfc349d45d88ba2b2d4eaac2f612c52701f602629b271b24a32f1eb88c693da828bc5e04df139f9b413fb2b57fffab56484e2e88bc673060e7326f5207e, 'ID 4381 15143604', NULL, NULL),
(57, 'Sally', 'Davidson', 'rjabovafaina@yahoo.com', '+7 963 395 3352', 'Паспорт', 0x507e563917ce4a7d6b763509e16ebacb3202d11a0a56f83a353efad04e2234ec445fd262cc25a9cca00a91bdef9bd4343dbf69a0ea2ccdc33813069d076cec8f5e72a7e487d0e60b1d452ddac57d1323d6a907928d56a002769686bfe9dc3651bb7ef5a3, 'ID 2210 27692976', NULL, NULL),
(58, 'Dr.', 'Hunt', 'petrilin@yahoo.com', '+79706307107', 'Паспорт', 0x8c31a3819290bbbe72459a0d4752524dd6b3390e60eb10b9d86611877e06f63ea53435f1556bff5e77da4cd7e6f15a3e06d2377f1bd709f58b880617ec483a57166be5a0031ef99b0470f863eb731dcbc4a47cca7b4e6341fe7e9f97e5ac918ceba968de, 'ID 5326 51576022', 'срок действия заканчивется', NULL),
(59, 'Josephine', 'Walker', 'uustinov@hotmail.com', '+7 (741) 659-73-84', 'Паспорт', 0xf02ae45f0631a31000c60ee08caa4681b547080edc4d37df1cc9c0e33b018377a5e7b446902c207ea59c216a1540abf9ea740d9310c67a76d4007041ab329d160dabe1af8200f4b307aa2c5ef210728349f25c8f9f9265a18979be5eade2960e68e2d18b, 'ID 2565 36845869', 'ok', NULL),
(60, 'Mr.', 'Hammond', 'evgraf_88@npo.edu', '8 948 561 6860', 'Паспорт', 0x49c58584425988f822b16cb578b9861c882079a6c83231dfee89570f7001ccb69bae507828bea56d4f62879cc29199ebdc5aee8558e731da57afa8cff0d51617a9e4556289a2b54775012a023efe9e28b37798ce8d498773e162266597ddfa2859878476, 'ID 5924 26679355', 'срок действия заканчивется', NULL),
(61, 'Patrick', 'Rose', 'andreevratibor@seleznev.ru', '+7 099 689 9607', 'Паспорт', 0x4fa646d81aecea482d31b2d9228b6bae96ae50ddd7f47465d5674c3d19ee7c84e81a7d572e1da1a28ced3e89a098d2697ac7ce1c73152a263e2b203ca1d0ae665a17aa60cc21a4af03e0f4edcebcbad608838827673c06e2679c699d433bfc5afea42dea, 'ID 8307 41240527', 'ok', NULL),
(62, 'Darren', 'Lees', 'fnikonov@ooo.info', '+7 (246) 638-7449', 'Паспорт', 0xd7d260f52d0908c56e7f9f23cd00b746092c1d843934c9038172fe3f8bc10a8a0973f910ddb1d47fbb5432da926e6b48d7091dceaac24e07ecf82b2a4b33bba97cfb0beded5e3a11730dd32782bab5eb611e489c31436d374b01046a0631c2f0eaaed62c, 'ID 5758 86695925', NULL, NULL),
(63, 'Sean', 'Webster-Dixon', 'gordeevairina@rao.net', '8 (568) 671-38-33', 'Паспорт', 0x4928a5deaa464b1202c5a940bb8f5f746da20cc7d8b49d262b7342f20bf0b601dcb77e744cb31faf40b940e15c6407ed4b863fccf97fb5291a5463d2239facebf7f8c378238df994babf6dc4a488085d20faf91ac76468a03d889f9812b8c4faf060b0c1, 'ID 1633 92195856', 'срок действия заканчивется', NULL),
(64, 'Dr.', 'Kirby', 'kopilovmakar@yandex.ru', '84257257659', 'Паспорт', 0x799e349ee641aee1be6ed1f5c09a2eaf9f11ec7bf2c0575eb7a4d2068bf09cceddee92a9a155da14857426f27b2d6fa15018713a587b66bc0e2e3301c410f831d86f5459b74541cb2d8873998894dbfb281fdebdf29a321573e76e7970b38d3d5062fdc4, 'ID 9909 60374279', 'ok', NULL),
(65, 'Mrs.', 'Jenkins', 'faina_1981@yahoo.com', '+7 057 651 33 63', 'Паспорт', 0x2cc3e9713e26ee17651df572cf5533ef6547a11b454fb62858a75fd2bc96819707d83e215e2810071333bb8845fc8ad12df6f4cd1a7d82efc1a7ce69c42fc5f7749d8ab9988e32c6cd1ad3e1d3fba7239346319328647fc29a90ad834dc120e07fa51f37, 'ID 2515 47235165', 'ok', NULL),
(66, 'Ricky', 'Bartlett', 'foti1976@rusgidro.ru', '+74878384387', 'Паспорт', 0x10961baf271505417df37c8e07a4d70f412e55c010c5f44aff0d857ecdb846a67239e0e178585a0c94f0827eb4d83147cf95774b9fbdf96ad313ecb56b011d2636a196cdd5f86d8f46914e522ca74895a302fc989b02a04b99c63efde520b14b9a6fdc08, 'ID 4489 39478031', 'срок действия заканчивется', NULL),
(67, 'Bryan', 'Curtis', 'radovankalinin@yahoo.com', '+79989942855', 'Паспорт', 0x6e26d91723750544e13bd0ce92cd4e6104baa550c6c872ba16d60f563daf8526448a74bfde287af172cafa93b36b542827c8c9cd610d378767d97682d141b1d76924a8ea8abcc8cda42e9a7200ecd3e78e1766e3b34faa0012ad5e53d84be404a3162516, 'ID 3526 22674658', 'ok', NULL),
(68, 'Suzanne', 'Mills', 'avdeevairaida@yahoo.com', '88344521726', 'Паспорт', 0x0e31c6460db8baec5c79b720270e4cb02ddcd435177b14c0d1d9e1d2573073222d485a707cd45676c06e806241fa71593a5f5a07d6d0b94ddedb19e362bb97eadb39f740da21d3772a2da7ff93572cd52e7039a3459838c11de0033f6dadbce34cfe5717, 'ID 3403 76173963', 'срок действия заканчивется', NULL),
(69, 'Stewart', 'Smith', 'lavr_50@zao.info', '+74970828706', 'Паспорт', 0x1c81a1c4457d48ad067a6f727f7716aa70a671471c3b35b0152333235589a1fbd8992cbf335ed9832ea5d639843006b797aafbcdabf49dd79e15ed429961914d01ed0acfba621ceeb928237ed197a064e8d633cc6a1c14794855233752b08bd0a39d9eac, 'ID 0844 79653776', 'ok', NULL),
(70, 'Bernard', 'Davies-Hardy', 'bronislav79@ao.com', '8 472 326 7051', 'Паспорт', 0x3716ac7d245ad517e8d95cab15af8d35ca7812677f8aba5bd632514de6939d7f2c457368fe9c6b91a8ddbf926dd7b9a800c908da617f2c36a43a280c840f124ee281fb6be6178fe467299ab79d57c07f71aee2f445349f0683b8c211467d83b95c55d385, 'ID 9198 65867242', 'ok', NULL),
(71, 'Dennis', 'Wells', 'molchanovpanfil@tgk-2.org', '88920855985', 'Паспорт', 0xfe5ba245090f569ce340bd972594ec7ae6e9e6490bfc832aee14b802ad51f14dfd4d0e335def72c4a07e0954845906f0965f938df3896688714b2bca0e9e4ad08b8579a8f7a217f98b971a2679af234d1f9df3c61e9beebf8d363c254d423fc78e24263a, 'ID 0405 69188505', 'срок действия заканчивется', NULL),
(72, 'Miss', 'Owen', 'stanislavloginov@efimov.edu', '+7 712 124 4209', 'Паспорт', 0xb10fab32670891ffc75b9060f5f9507bda94d69333180da54b5ff85156e2d74dc081c71780ca18bd19e21ea06675a64f2cc853059d9ed30e6bf1d9d0dbaa31a1dec794ca0126400b02fe3b12d8f51014871e44d17dff3a45ba56dc7a8ff36638e8170ef9, 'ID 3554 01524561', 'ok', NULL),
(73, 'Antony', 'Barnes', 'agge_21@rambler.ru', '+7 924 281 13 49', 'Паспорт', 0x6d6eedc8388d64250ace050e0f863acb244cdb854b9014f4bc75190b98f6f81ee4650539f101f7341d9d6b2520f0a94ae59a6209e5247f98855201e76d8a3a9719578761a55f2e3029f2b90a3d851282aaa6f920fdc1dff854f92d163b19c76123260ad7, 'ID 5144 73058875', 'срок действия заканчивется', NULL),
(74, 'Graham', 'Briggs', 'gennadi_29@zao.biz', '8 (609) 336-15-08', 'Паспорт', 0xda20ede635ac9848669e07f72acc7f8b364c11d2777b2d99d426abf93a834020e87d6d9ba6072431131c7c67ce93f57ee7b2200b9b16641e3ae7de1f88ead72e549ae01b6e9aecb6f39780b14f5bbef3931e72c8122c9209f315572eacf38ccf4c8ae9ec, 'ID 4725 10035981', 'срок действия заканчивется', NULL),
(75, 'Diana', 'Wilkins', 'oktjabrina76@rambler.ru', '+7 (316) 500-8968', 'Паспорт', 0xcd948f0d79811df3ee4a8e0daf4c2dc5a9f78e2dc9f4d3338bfc6f429cce35a912f208da2a2176d9349a3a75af81b7d1141c15ea7b55339015a024f3b17fd32270bfe0d4cc728d8726681e73be4ffdb3e2af3ccc3f0680c43c207912f95eb9007fa9f888, 'ID 1101 35376193', 'срок действия заканчивется', NULL),
(76, 'Gemma', 'Rogers', 'kuzmamamontov@npo.edu', '8 (582) 874-6055', 'Паспорт', 0x2669130813eea9a800e9e0276e50648e81d88504405f06af7dd1d8999836252627beb356d82ea2a0de6c934c18d1c6be424e6a2d6e30d18c354716f7f8bd9051c1bda0079afb1f0d38a58e6e6efba364ebfa71334ecc4547ee87f0d3489a1828ad3456ef, 'ID 9009 53660829', 'ok', NULL),
(77, 'Beverley', 'Reid', 'gostomisl_29@ip.edu', '+76370182098', 'Паспорт', 0x181c512fc5486397e9714b9aae3462246e6f1ab72734443ca69c9df17ddc734128c3f21e4fe72827ce02881ed327c8e6f36eafde2462587c46ee3275c401dab6a6ea88cf946feadede867bfd382c7de57aa125c45a2ba628bbe2d774bb965c68280f0989, 'ID 8371 93387233', 'срок действия заканчивется', NULL),
(78, 'Sophie', 'Brown-Day', 'konstantinovamilitsa@gmail.com', '+7 (910) 125-74-05', 'Паспорт', 0x528136501d8b57672315e01f5155c4d1cd7e8da782d359a5d2504a4ce46eb2634376df6f65c29ad83479b94a851d103a2fdd41e4c7d74c3544db2f113dad16a73c14cc49cfdc858b4b23b9fe92445c4ba6f2ffdd441d4a15f47cd89ad4f0b02845e9b0d1, 'ID 0549 15666085', 'срок действия заканчивется', NULL),
(79, 'Glenn', 'Carter', 'zosima_65@ao.ru', '+7 869 098 28 34', 'Паспорт', 0xde84e01dbd0c724453fd2199ceb525db1f49dab8fb31281ec80d38a8f5dfd94b8537341405d55322b84c008c862bfe5aa8a2d288d6e67e536c89c603bbd05a310174ebd181f73a88a5b68cd7d192d293083b7f33887d9c0466cf6df3054f53d384975bc5, 'ID 3089 15025021', 'срок действия заканчивется', NULL),
(80, 'Suzanne', 'Hughes', 'vasili1978@yandex.ru', '8 (830) 545-8549', 'Паспорт', 0x1089c2e6eb19571cf97937d430cb3d55e261cc4cddfe366436e5df191b8251909259d608849428f57e8ec2cd16d70ee63efc24f77c0c6cb496e9046fcf2c013ee563538cfe1bab318f60f8c9cdfb33ad7289cebd53c3ca16d9c5d7215e6b06b43b45bebd, 'ID 8404 05482121', NULL, NULL),
(81, 'Declan', 'Griffiths', 'smirnovavalentina@ooo.net', '+7 (264) 372-41-39', 'Паспорт', 0x1bbe674d9bbcecb2ec1635e83860873df63cb7f0043e3c5d4cb3f9a3f27dc5df1099d65f08cc209aa0a03b7f020992517087955405849a53bd7d03116bae7b02106ddffc6a0d0412eb36ac6c08decbbc24f95df3fb8f134b595d4824cceb6f3fa1c07775, 'ID 2165 82172076', NULL, NULL),
(82, 'Ms.', 'Young', 'davidmartinov@npo.org', '+7 818 267 76 48', 'Паспорт', 0x2a92c139598f19ee43e350a980d5a0fed9de716e854646f0116d3c5780bae7bd0b6fb298a12f243224b3cf2c6e44d5c469daf3a2b13b2444f746a970d8de4fdce4529a8ca4162f599a7f57f6899a31b703893b6f5a299110bf1232d46e6b78dcaa05c448, 'ID 1229 50608568', NULL, NULL),
(83, 'Dr.', 'Norman', 'averki73@yandex.ru', '+7 879 420 3686', 'Паспорт', 0xf461f7a1be1d3f1b318848e7d1a4d00d009f1c1c1e291aff794a3aa37ca2d7dbcf283cd229d083fd5e0b51e9c6eb1cc043a92f992698d62aea153cf26f6f38dac57843bb4a19b0bb9deab326670777a5c73c3670061a92fc3ee04efc0d794d374b7b9e11, 'ID 6753 17345555', NULL, NULL),
(84, 'Miss', 'Kirk', 'ilarion_2014@korporatsija.ru', '8 110 121 0610', 'Паспорт', 0xb560ee44172ecc946107092de0a22d72f5a7cab355da174dc6b72d64acaff31b1ea9fbd2498b4eb5c7549923ee73c43017dae2ab9dda1dcad9cf98004894ac6e38bea85d3e188e9d3d8ddd14cfd349ede0d5892c5bdce4702f93697b875237490c78e4d6, 'ID 9051 23864177', 'ok', NULL),
(85, 'Carl', 'Hancock', 'andron_1991@npo.ru', '87674324010', 'Паспорт', 0xd385230e5c7cc4f0d7146df1f4cd333534be987a897088cfd4f68d263752397b73ee36fdf7f8eddd904cc6df617b0c7ffe4d9937795f1ccd48b0c27e717cfdf9eda8ef7f729487a9b4fa4a6428168e99ceedab7f4de1fe138c9432cfc4094c831b8897b6, 'ID 4385 82644434', NULL, NULL),
(86, 'Dr.', 'Russell', 'ckulakov@hotmail.com', '+7 (814) 500-93-81', 'Паспорт', 0x53e0681bdc8792948fdc3d30267139f1fe4ab55fb68ab24c89b9b052488e519df73f7df5046da1f9dafcead97c808fd2329d367ad9565cdabe5ed4bac28f10a4afc05138bfe9afd4250c5dafb77a7506fa9b0f4e26ea9afbef3171f53d56c230ac8b50d9, 'ID 9299 24515877', NULL, NULL),
(87, 'Mr.', 'Dunn', 'ivanovaskold@yahoo.com', '+70635424085', 'Паспорт', 0x676dc1331dfe7e85e68c7f53b8a641d89409a5f4ce1d2ad47304485447800c3f532615c4043b56ef5238c2c98247c242ed8dc9e00a13b6d0bab21095edebdf1c6bb864adfa2a416a0adfc01781ed9b50764745ef395ff5806e3f3d8dd1f9382d49503db0, 'ID 6027 44264031', 'ok', NULL),
(88, 'Rosie', 'Armstrong', 'fade45@gruppa.ru', '8 921 412 43 30', 'Паспорт', 0x82e317371af686e351ef195614fe84cd88c1f1bf5a710c7316f17d5ceb07be7f81f5e8a02b7c0ae5de95236130fc1d225bc7573356cf775a355eefba036fbe9bffeff7936e828a9032a6b7e59e4130352684921d0ea26b8b291e3ac548bc08d31b510e8c, 'ID 5454 06623878', NULL, NULL),
(89, 'Dr.', 'Turner', 'davidaleksandrov@yandex.ru', '+7 (584) 600-88-27', 'Паспорт', 0xe97b93f337e87b4faf38dede5d32eb95e813f910fe30fd0de9bfe90517cb1ee33f8538c3b4b919fbb7a4a1a1c42b18238f780ebb446eb06eb4db49893e641bc8a0d4c7b83e5a04eda6218c24d42b0d3dd88b90d96ae0a21b57d5dcd3f3faed9a0614b481, 'ID 4046 08592764', NULL, NULL),
(90, 'Gemma', 'Wright-Mitchell', 'odorofeeva@rambler.ru', '8 (644) 086-8061', 'Паспорт', 0x8a5b7c33d5c724755ff22f8e81ad387f668f8ab9901a55130699adae6e8dea4a7cf034c37627f419714f6312c57249250658dc6c2a5edaad9ad207f6e9f635e060eb0a8e772c0befe2a1422822700d8fa32a89c25a92c755b2a240a636d41073762f33bb, 'ID 0053 51601149', 'срок действия заканчивется', NULL),
(91, 'Mary', 'Cooper-Mann', 'miron_1996@rao.net', '+7 304 215 67 99', 'Паспорт', 0x749f54000fc865f8a7118590d187b6aec3894f1b8413b3f9035f337788f85cd5fe082d298a4c7ad2dbc4ad59a1a6a7df1de228685eba7a5574087df5ba91ef9e91a21fa5dd2aa9e3e416c19a2314914650748917ca413e8ff48b8b577285c54863525511, 'ID 5181 40875001', 'срок действия заканчивется', NULL),
(92, 'Karen', 'Jackson', 'marfa_28@hotmail.com', '+7 313 993 4448', 'Паспорт', 0xce8b172fd730796d0fd209657624801c4372b03cb3ac84828698168d4a81dce36386b38616ebf64ec4662cef5d4dff616ffa64ddf224af16ae24b3a7e861f7e5faec8ef92433fac827547933fab178548a787b5fd3487b81c2207e26f23ab3c0244d9a5a, 'ID 5483 34336164', NULL, NULL),
(93, 'Tina', 'Edwards', 'izjaslav88@ao.ru', '83719682485', 'Паспорт', 0x025cfa41a3ca3b11ae6265e4022c90d1050fa0e5d15da6f7706d7ba7aac1035020935022edd3c9a9c037fd543f96b2ab5a7b9799a951568f4fcf101ea7e246e0b501a86e3be0254f623bb718b989426952a4475e4db2636e7d74d532cbd6ee59614cbb12, 'ID 7172 30902209', 'срок действия заканчивется', NULL),
(94, 'Derek', 'Hancock', 'bazhen34@ip.com', '+7 075 173 8657', 'Паспорт', 0xd1a3433698f1349761375f0cb3b6562fac07635ad54cf5bb914eb046a9c17f03f2fd449e874d604d7720bd4ddea3610768ab14516a49e8f9b13a976b11fd83da50644714ad0d66ae198f2664a46b9229a6edd80e0cca6ea2ac112718297ddf23bdf7e943, 'ID 0568 62141763', 'ok', NULL),
(95, 'Roger', 'Sullivan', 'stepan69@npo.org', '+7 (183) 092-2315', 'Паспорт', 0xe859dfb4e4678e498f921fd6de5aef848f7440f1d542e4b838fa900296d3a57343bbfe7d54c984ade7706fa0d0b3decf8fb027de1e26323f758395b535ac705a53cd7bf737ac6436ba45447ac176d24146c05921a1e0b363bb76cd9ea5e2e0e3ca41fe75, 'ID 6815 21474059', 'срок действия заканчивется', NULL),
(96, 'Aaron', 'Allen-Harrison', 'zhukovgorde@rao.edu', '8 (933) 115-3177', 'Паспорт', 0xe75776059d0a7debaee066cffce45e1fa1c1a7ffa8e1374563b193387a68daaa0bb2282e4b6466868b65426d084dd02caa13a9d63e57ad91e6099aedc19eb5341ce07232426d0f5bdf800a028271ab629bf7c822c62892a9613fb9a02dacc08e603975e8, 'ID 1814 30990194', 'ok', NULL),
(97, 'Louise', 'Griffiths-Clark', 'veniaminsolovev@rambler.ru', '+7 406 998 0377', 'Паспорт', 0xe6a83c74779abd3abd76ed960fe1b1a685720c72f242a93e47191a3940be392a13d0b186e61711ed829aded0d12c59b4268e1dd837e511669dbc989c1bbf8d7c27b868e30578a232a8a3d683ed4b657a75c002bad0be58df7307c4fea5fc9a217d31e0f7, 'ID 1717 45109091', 'срок действия заканчивется', NULL),
(98, 'Gerard', 'Smith-Smith', 'shilovkapiton@yandex.ru', '8 798 469 97 40', 'Паспорт', 0x8ddce703b9217110366d0b350a1a66153be15693415862cf19c32024ef94e29861ea309b4f65f397411a7ab00998efe3fa7420b00d5e18e9a5dbdd1acb5e137613c7f3587172b637a25d4ccd5d93498c4ae5fbd820b0b775821ff2a3e312e0deef8563a7, 'ID 9242 81106029', 'срок действия заканчивется', NULL),
(99, 'Ben', 'Jones', 'medvedevaelizaveta@hotmail.com', '8 (264) 684-0475', 'Паспорт', 0x16d07f34623452d6adab600fe810fdb9fafbcd651a5c24ecb28c810730685126cb6f15b5fd73a699efc8818346c333ace6b20e4f009474d2807d775fd999f2c59751f451a69376d31242bbd1a548b6e12e2e3dc4f0ea3b533ddd15dfd61b99e2aa3af88c, 'ID 0919 96807310', 'срок действия заканчивется', NULL),
(100, 'Dr.', 'Pearson', 'emeljan1990@zao.info', '8 (139) 210-04-31', 'Паспорт', 0x85f2ec3daefcb9bc3b877591ea1d66c65487bf8152281076567f0a8c718ee1b0f06fcffa5ccb8f8556c8d37268029eb85c0a472cb334e45d64b8c39891600c746acca5c1e1b2d4664932c6850b3ef1ac30836c9d9d01b6172e41aad0d68181754ab4ae13, 'ID 8296 55232521', 'ok', NULL);

-- --------------------------------------------------------

--
-- Структура таблицы `houses`
--

CREATE TABLE `houses` (
  `id` int(11) NOT NULL,
  `name` varchar(40) NOT NULL,
  `price` float NOT NULL,
  `ac` int(11) NOT NULL,
  `tv` int(11) NOT NULL,
  `safe` int(11) NOT NULL,
  `description` varchar(400) DEFAULT NULL,
  `type` varchar(40) DEFAULT NULL
) ENGINE=InnoDB DEFAULT CHARSET=utf8;

--
-- Дамп данных таблицы `houses`
--

INSERT INTO `houses` (`id`, `name`, `price`, `ac`, `tv`, `safe`, `description`, `type`) VALUES
(1, 'Пентхаус SAEPE DOLOREM', 1975.72, 1, 1, 1, 'Описание для дома с id 1', 'Пентхаус'),
(2, 'Пентхаус QUIDEM RERUM', 2386.28, 1, 1, 0, 'Описание для дома с id 2', 'Пентхаус'),
(3, 'Пентхаус OCCAECATI MAGNAM', 7518.97, 1, 0, 1, 'Описание для дома с id 3', 'Пентхаус'),
(4, 'Таунхаус MAIORES ITAQUE', 2514.79, 0, 1, 1, 'Описание для дома с id 4', 'Таунхаус'),
(5, 'Коттедж QUASI VOLUPTATE', 3021.47, 1, 0, 1, 'Описание для дома с id 5', 'Коттедж'),
(6, 'Пентхаус DEBITIS RATIONE', 4299.37, 0, 1, 1, 'Описание для дома с id 6', 'Пентхаус'),
(7, 'Коттедж VOLUPTAS SEQUI', 7260.35, 0, 0, 0, 'Описание для дома с id 7', 'Коттедж'),
(8, 'Коттедж EA ERROR', 5148.9, 1, 1, 1, 'Описание для дома с id 8', 'Коттедж'),
(9, 'Бунгало DIGNISSIMOS VENIAM', 7550.63, 0, 0, 1, 'Описание для дома с id 9', 'Бунгало'),
(10, 'Коттедж ASPERIORES EA', 3959.53, 0, 1, 1, 'Описание для дома с id 10', 'Коттедж'),
(11, 'Таунхаус FUGIT NUMQUAM', 7709, 1, 0, 0, 'Описание для дома с id 11', 'Таунхаус'),
(12, 'Коттедж EA MINUS', 2901.99, 1, 1, 1, 'Описание для дома с id 12', 'Коттедж'),
(13, 'Вилла ASPERIORES MODI', 5894.09, 1, 0, 1, 'Описание для дома с id 13', 'Вилла'),
(14, 'Бунгало VOLUPTATEM VITAE', 5435.31, 0, 0, 1, 'Описание для дома с id 14', 'Бунгало'),
(15, 'Вилла ODIT EXPLICABO', 6051, 0, 0, 1, 'Описание для дома с id 15', 'Вилла'),
(16, 'Пентхаус FACERE AUTEM', 2210.34, 1, 1, 0, 'Описание для дома с id 16', 'Пентхаус'),
(17, 'Бунгало NEMO ALIQUID', 1775.49, 1, 1, 0, 'Описание для дома с id 17', 'Бунгало'),
(18, 'Коттедж FACILIS TEMPORIBUS', 6595.42, 0, 0, 0, 'Описание для дома с id 18', 'Коттедж'),
(19, 'Вилла EXPLICABO AT', 7794.73, 0, 1, 1, 'Описание для дома с id 19', 'Вилла'),
(20, 'Коттедж QUOD IPSA', 5988.7, 0, 0, 0, 'Описание для дома с id 20', 'Коттедж'),
(21, 'Вилла CULPA NOBIS', 4348.49, 0, 1, 0, 'Описание для дома с id 21', 'Вилла'),
(22, 'Таунхаус FUGIT REPUDIANDAE', 4483.22, 0, 0, 0, 'Описание для дома с id 22', 'Таунхаус'),
(23, 'Таунхаус SEQUI QUOD', 7927.44, 1, 1, 1, 'Описание для дома с id 23', 'Таунхаус'),
(24, 'Бунгало ACCUSAMUS RERUM', 3146.32, 0, 0, 0, 'Описание для дома с id 24', 'Бунгало'),
(25, 'Пентхаус EXCEPTURI SINT', 7824.39, 0, 1, 0, 'Описание для дома с id 25', 'Пентхаус'),
(26, 'Таунхаус AMET SOLUTA', 5948.03, 1, 0, 0, 'Описание для дома с id 26', 'Таунхаус'),
(27, 'Таунхаус AMET TEMPORIBUS', 1697.06, 0, 0, 1, 'Описание для дома с id 27', 'Таунхаус'),
(28, 'Таунхаус MAIORES TOTAM', 3969.37, 1, 1, 1, 'Описание для дома с id 28', 'Таунхаус'),
(29, 'Коттедж MOLESTIAS INVENTORE', 3604.01, 1, 1, 0, 'Описание для дома с id 29', 'Коттедж'),
(30, 'Пентхаус CONSEQUATUR ARCHITECTO', 5462.42, 1, 1, 0, 'Описание для дома с id 30', 'Пентхаус'),
(31, 'Бунгало A PERSPICIATIS', 7765.57, 1, 0, 0, 'Описание для дома с id 31', 'Бунгало'),
(32, 'Бунгало MAIORES QUIA', 3819.48, 0, 1, 1, 'Описание для дома с id 32', 'Бунгало'),
(33, 'Вилла UT DISTINCTIO', 5944.02, 1, 0, 0, 'Описание для дома с id 33', 'Вилла'),
(34, 'Пентхаус VENIAM ILLUM', 4370.51, 1, 0, 1, 'Описание для дома с id 34', 'Пентхаус'),
(35, 'Бунгало ALIQUAM DIGNISSIMOS', 5073.19, 1, 1, 1, 'Описание для дома с id 35', 'Бунгало'),
(36, 'Вилла RERUM SIMILIQUE', 1683.37, 0, 0, 0, 'Описание для дома с id 36', 'Вилла'),
(37, 'Таунхаус SUSCIPIT DOLOREM', 3964.63, 0, 0, 1, 'Описание для дома с id 37', 'Таунхаус'),
(38, 'Пентхаус ASPERIORES EX', 6434.13, 0, 1, 1, 'Описание для дома с id 38', 'Пентхаус'),
(39, 'Коттедж QUAM SAPIENTE', 4773.38, 0, 1, 1, 'Описание для дома с id 39', 'Коттедж'),
(40, 'Пентхаус EXPLICABO OPTIO', 4740.14, 0, 1, 1, 'Описание для дома с id 40', 'Пентхаус');

-- --------------------------------------------------------

--
-- Структура таблицы `orders`
--

CREATE TABLE `orders` (
  `id` int(11) NOT NULL,
  `order_date` date NOT NULL,
  `client_id` int(11) NOT NULL,
  `cost` float NOT NULL
) ENGINE=InnoDB DEFAULT CHARSET=utf8;

--
-- Дамп данных таблицы `orders`
--

INSERT INTO `orders` (`id`, `order_date`, `client_id`, `cost`) VALUES
(1, '2020-03-14', 2, 42910.9),
(2, '2020-12-03', 2, 76126.9),
(3, '2020-11-17', 2, 23468.3),
(4, '2020-12-04', 2, 31006.5),
(5, '2020-06-09', 2, 45835.9),
(6, '2020-08-18', 2, 40186.6),
(7, '2020-11-19', 2, 20023.8),
(8, '2020-03-16', 2, 47993.9),
(9, '2020-09-01', 2, 73183.6),
(10, '2019-07-29', 2, 34484.5),
(11, '2020-03-16', 4, 58401.1),
(12, '2020-05-21', 4, 77195),
(13, '2020-07-17', 4, 40218),
(14, '2021-01-17', 4, 46457.8),
(15, '2019-11-05', 5, 18109.4),
(16, '2020-06-08', 5, 73687),
(17, '2020-12-05', 5, 99957.6),
(18, '2020-04-24', 5, 34224.4),
(19, '2019-06-25', 5, 83085.8),
(20, '2020-09-28', 5, 15176),
(21, '2019-05-14', 9, 21714.7),
(22, '2020-03-24', 9, 11893.2),
(23, '2020-11-13', 9, 90591.5),
(24, '2020-03-22', 9, 39082.2),
(25, '2019-07-05', 9, 7977.2),
(26, '2020-12-29', 9, 33435.2),
(27, '2020-02-06', 9, 8384.6),
(28, '2019-05-19', 9, 11284.9),
(29, '2020-09-08', 9, 62451.7),
(30, '2020-09-24', 9, 6251.68),
(31, '2020-06-30', 9, 5970.6),
(32, '2020-07-30', 9, 23753.5),
(33, '2020-03-10', 10, 73029.1),
(34, '2020-08-29', 10, 78151.1),
(35, '2020-02-22', 10, 29549.2),
(36, '2020-12-01', 10, 19805.1),
(37, '2020-03-09', 11, 44647.4),
(38, '2019-06-20', 11, 11455.5),
(39, '2021-02-07', 11, 20989.2),
(40, '2019-06-13', 11, 38370.3),
(41, '2020-08-11', 11, 23135.1),
(42, '2019-12-07', 11, 97042),
(43, '2020-10-10', 11, 76823.3),
(44, '2020-11-18', 11, 375.04),
(45, '2019-04-27', 11, 44200.4),
(46, '2019-05-07', 11, 43975.7),
(47, '2019-12-29', 11, 36971),
(48, '2019-04-24', 11, 48294.2),
(49, '2019-05-01', 11, 8850.6),
(50, '2020-08-21', 11, 87592.2),
(51, '2019-06-14', 11, 36942.1),
(52, '2019-04-17', 11, 18734.5),
(53, '2020-04-28', 11, 90467.7),
(54, '2020-09-24', 12, 96218),
(55, '2020-05-29', 12, 17126.7),
(56, '2021-04-05', 12, 17128.4),
(57, '2020-09-08', 12, 7397.7),
(58, '2019-05-13', 12, 74403.4),
(59, '2020-11-10', 12, 69558.8),
(60, '2020-03-16', 12, 37537.6),
(61, '2019-07-02', 12, 48603.3),
(62, '2020-12-27', 12, 6897.6),
(63, '2019-07-23', 12, 44471.6),
(64, '2019-08-19', 12, 91274.5),
(65, '2019-10-12', 12, 9622.95),
(66, '2021-01-20', 12, 44014.9),
(67, '2019-10-28', 12, 38555.6),
(68, '2021-01-20', 12, 59601.6),
(69, '2020-07-21', 12, 41527),
(70, '2020-04-20', 13, 62078.1),
(71, '2019-05-09', 13, 18701.4),
(72, '2019-06-27', 13, 62531.8),
(73, '2021-01-08', 13, 20994.9),
(74, '2019-11-02', 13, 1325.5),
(75, '2019-06-27', 13, 15146.3),
(76, '2019-12-29', 13, 29316.2),
(77, '2019-08-08', 13, 15488.3),
(78, '2020-02-23', 17, 23289.2),
(79, '2020-03-15', 17, 61453.3),
(80, '2020-09-08', 17, 52928.2),
(81, '2020-02-16', 19, 64596.5),
(82, '2019-04-21', 19, 99725.4),
(83, '2020-05-21', 19, 45532.9),
(84, '2021-02-28', 19, 10579.3),
(85, '2020-11-04', 19, 49710.1),
(86, '2020-11-13', 19, 67238.2),
(87, '2019-09-06', 19, 67539.3),
(88, '2019-06-26', 19, 22898.4),
(89, '2019-12-29', 19, 8281.62),
(90, '2020-07-23', 19, 29150.8),
(91, '2020-03-08', 19, 36119.4),
(92, '2020-09-02', 20, 72029.1),
(93, '2019-06-03', 20, 83776.1),
(94, '2019-09-27', 20, 26332),
(95, '2020-10-26', 20, 23417.3),
(96, '2020-09-01', 20, 60956.2),
(97, '2021-01-23', 20, 12510.5),
(98, '2020-10-05', 20, 50770.5),
(99, '2019-11-20', 20, 71132.8),
(100, '2020-01-20', 20, 10400),
(101, '2020-06-15', 20, 7241.09),
(102, '2020-05-04', 20, 56557.8),
(103, '2021-03-25', 20, 96067.2),
(104, '2019-10-29', 20, 62206),
(105, '2020-01-21', 20, 38287.6),
(106, '2020-12-24', 20, 96797.3),
(107, '2020-07-30', 20, 14883.7),
(108, '2019-05-31', 22, 23342.8),
(109, '2019-10-19', 22, 17587.9),
(110, '2020-04-11', 22, 77248.7),
(111, '2020-06-28', 22, 4665.39),
(112, '2020-09-01', 23, 7904.88),
(113, '2019-10-12', 25, 36140.8),
(114, '2019-11-26', 25, 65396.8),
(115, '2019-04-17', 25, 18247.5),
(116, '2020-07-16', 25, 10346.1),
(117, '2020-07-22', 25, 36804.1),
(118, '2020-05-15', 25, 79012.2),
(119, '2021-03-29', 25, 39852.6),
(120, '2021-04-03', 25, 50370.9),
(121, '2019-06-01', 25, 15810.9),
(122, '2019-10-27', 25, 27597.3),
(123, '2019-04-24', 25, 58556.6),
(124, '2019-12-19', 25, 87650.5),
(125, '2019-09-08', 25, 70489.4),
(126, '2020-04-16', 25, 39114.8),
(127, '2021-02-22', 25, 23515),
(128, '2020-04-22', 28, 8020.01),
(129, '2020-01-12', 28, 39533.7),
(130, '2021-03-02', 28, 60894.5),
(131, '2020-10-28', 28, 23067.3),
(132, '2020-09-15', 28, 8186.04),
(133, '2020-07-21', 28, 75958.7),
(134, '2019-10-24', 28, 85018.2),
(135, '2020-12-17', 28, 61594),
(136, '2020-01-16', 28, 39577.4),
(137, '2021-03-20', 29, 48147.1),
(138, '2019-12-08', 29, 42158.2),
(139, '2019-06-04', 29, 9176.84),
(140, '2020-03-21', 29, 62145.6),
(141, '2020-12-10', 31, 51982.8),
(142, '2020-05-21', 31, 65204.7),
(143, '2019-11-29', 31, 7069.1),
(144, '2019-06-17', 31, 7904.06),
(145, '2019-09-12', 31, 7256.07),
(146, '2020-07-27', 31, 43909.2),
(147, '2020-11-12', 31, 18856.6),
(148, '2019-08-12', 31, 5893.84),
(149, '2020-10-07', 31, 80693.8),
(150, '2019-12-13', 31, 76911.2),
(151, '2020-06-18', 31, 11036.9),
(152, '2020-01-27', 31, 97708.1),
(153, '2019-11-13', 31, 47032.1),
(154, '2020-10-25', 31, 78903.6),
(155, '2020-01-28', 31, 33069.2),
(156, '2021-03-06', 31, 66504.7),
(157, '2020-01-11', 31, 46259.5),
(158, '2020-10-28', 32, 56453.2),
(159, '2020-08-12', 32, 33090.6),
(160, '2020-06-12', 32, 66107.9),
(161, '2020-07-27', 32, 56955.7),
(162, '2020-08-28', 32, 17958.2),
(163, '2020-06-01', 32, 23491.1),
(164, '2019-08-04', 32, 37497.7),
(165, '2020-10-15', 32, 14996.7),
(166, '2019-06-22', 32, 87296.1),
(167, '2019-11-17', 32, 43524.3),
(168, '2021-03-12', 32, 86672.2),
(169, '2020-10-27', 32, 51711.4),
(170, '2021-01-25', 32, 45394.5),
(171, '2019-12-31', 32, 56609.5),
(172, '2020-12-03', 37, 37434.2),
(173, '2020-06-23', 37, 14560.2),
(174, '2020-04-24', 37, 43567.6),
(175, '2019-05-25', 37, 76791.9),
(176, '2021-04-09', 37, 29780.1),
(177, '2020-08-13', 37, 40467.3),
(178, '2019-11-05', 37, 60108.1),
(179, '2019-08-18', 37, 38812.9),
(180, '2019-12-11', 37, 40187.4),
(181, '2019-07-12', 37, 31959.2),
(182, '2019-05-08', 37, 5527.92),
(183, '2020-07-01', 37, 48517.6),
(184, '2020-12-09', 37, 43188.3),
(185, '2020-10-04', 39, 35272.9),
(186, '2020-07-06', 39, 37578.3),
(187, '2020-12-27', 39, 62548.3),
(188, '2020-09-11', 39, 19875.6),
(189, '2020-08-05', 39, 16481.3),
(190, '2019-11-06', 39, 2305.76),
(191, '2020-09-21', 39, 74332.2),
(192, '2020-01-17', 39, 15476.1),
(193, '2020-02-04', 39, 31795.3),
(194, '2020-12-07', 39, 45755.3),
(195, '2020-11-18', 43, 53188.1),
(196, '2020-04-28', 43, 68361.6),
(197, '2020-12-18', 43, 76180.9),
(198, '2019-10-12', 43, 32510.1),
(199, '2020-12-21', 43, 74077.5),
(200, '2019-06-23', 43, 97296.5),
(201, '2020-02-05', 43, 69143.7),
(202, '2019-07-04', 43, 19570.9),
(203, '2020-03-18', 43, 64470.1),
(204, '2019-10-22', 43, 17092.8),
(205, '2020-12-07', 43, 64837),
(206, '2019-04-23', 43, 28650.7),
(207, '2019-09-09', 46, 88790.1),
(208, '2020-12-14', 46, 53444.6),
(209, '2020-06-17', 47, 21868.7),
(210, '2020-07-28', 47, 55758.8),
(211, '2021-02-14', 54, 26260.5),
(212, '2020-02-12', 54, 15265.9),
(213, '2020-04-08', 54, 8016.1),
(214, '2020-02-03', 54, 766.22),
(215, '2020-10-20', 54, 18663.6),
(216, '2019-10-02', 54, 55543),
(217, '2020-05-13', 54, 25585.6),
(218, '2019-06-23', 55, 49775.5),
(219, '2020-10-07', 55, 3146.27),
(220, '2020-04-06', 55, 29210.3),
(221, '2020-04-24', 55, 48379.9),
(222, '2021-02-06', 55, 45725.7),
(223, '2020-05-16', 55, 10435.1),
(224, '2019-05-18', 55, 42882.9),
(225, '2019-10-01', 55, 54993.8),
(226, '2020-09-24', 55, 24183),
(227, '2019-11-25', 55, 9000.78),
(228, '2020-03-19', 55, 34316.6),
(229, '2020-07-08', 55, 66296.8),
(230, '2020-04-25', 55, 31799.9),
(231, '2019-06-06', 55, 37975.9),
(232, '2019-04-25', 55, 18836.6),
(233, '2020-05-07', 55, 26052.3),
(234, '2020-06-11', 55, 26264.9),
(235, '2020-09-28', 55, 20415.1),
(236, '2020-01-31', 55, 37554.3),
(237, '2020-04-17', 55, 35305.5),
(238, '2019-11-13', 58, 1662.7),
(239, '2019-05-18', 58, 39023.3),
(240, '2021-03-06', 58, 25257.8),
(241, '2019-05-24', 58, 57448.7),
(242, '2021-02-17', 58, 53755.4),
(243, '2020-07-23', 58, 24660.9),
(244, '2020-08-09', 58, 75662.4),
(245, '2020-01-04', 59, 8313.06),
(246, '2019-10-21', 59, 25791.5),
(247, '2020-04-21', 59, 56760.5),
(248, '2020-11-26', 59, 65093.1),
(249, '2020-02-27', 62, 72081.8),
(250, '2020-04-18', 62, 49911.9),
(251, '2019-07-08', 62, 18327.6),
(252, '2020-10-15', 62, 65275.3),
(253, '2019-10-05', 62, 23596.2),
(254, '2019-05-05', 62, 22383.7),
(255, '2020-05-20', 62, 78196.6),
(256, '2019-04-14', 62, 78421.2),
(257, '2021-02-13', 62, 13751.3),
(258, '2020-02-16', 64, 83954),
(259, '2020-06-21', 64, 52050.9),
(260, '2020-03-09', 64, 55365.6),
(261, '2021-01-17', 64, 53459.1),
(262, '2020-11-21', 64, 89986.9),
(263, '2019-12-12', 64, 49115.4),
(264, '2020-04-24', 65, 21890.3),
(265, '2020-07-28', 65, 74669.1),
(266, '2020-06-17', 65, 82510),
(267, '2020-10-24', 65, 10544.4),
(268, '2020-03-26', 69, 56581.3),
(269, '2020-05-21', 69, 57823.6),
(270, '2020-09-09', 69, 72262.2),
(271, '2019-05-16', 69, 25472.7),
(272, '2020-02-12', 69, 26925.8),
(273, '2020-09-03', 69, 19564.6),
(274, '2019-06-05', 69, 22053.8),
(275, '2020-05-07', 69, 2466.72),
(276, '2021-01-19', 69, 24741.6),
(277, '2020-09-18', 69, 59899.3),
(278, '2020-07-17', 69, 60068.1),
(279, '2020-02-15', 69, 25195),
(280, '2020-11-15', 69, 44966.8),
(281, '2020-05-12', 69, 121.08),
(282, '2020-04-05', 70, 55005.1),
(283, '2019-08-28', 70, 500.38),
(284, '2019-05-29', 70, 64822),
(285, '2020-08-23', 70, 47519.2),
(286, '2019-07-01', 70, 38258.7),
(287, '2020-01-22', 70, 78979.7),
(288, '2020-09-25', 70, 9200.46),
(289, '2020-04-13', 70, 26907.3),
(290, '2019-07-10', 70, 8003.65),
(291, '2020-10-21', 70, 75594.7),
(292, '2020-12-05', 70, 57664.8),
(293, '2020-09-07', 70, 66916.2),
(294, '2020-05-27', 70, 83723.6),
(295, '2020-05-18', 70, 58241.4),
(296, '2020-09-21', 70, 70627.8),
(297, '2020-03-28', 70, 62120),
(298, '2019-06-11', 70, 5938.74),
(299, '2020-07-21', 70, 37538.2),
(300, '2020-09-23', 70, 66392.9),
(301, '2021-03-10', 70, 67343.4),
(302, '2019-05-26', 73, 66998.2),
(303, '2019-09-21', 73, 2906.2),
(304, '2020-05-21', 73, 6329.64),
(305, '2020-05-10', 73, 75547.6),
(306, '2020-12-01', 73, 68125.4),
(307, '2020-11-08', 73, 6972.72),
(308, '2020-09-30', 73, 67728.7),
(309, '2019-10-21', 73, 50566.2),
(310, '2020-06-23', 73, 23590.5),
(311, '2020-12-24', 73, 57571.1),
(312, '2019-06-26', 73, 6843.69),
(313, '2020-05-24', 73, 63555.4),
(314, '2019-05-06', 73, 80615.9),
(315, '2020-06-06', 73, 8822.8),
(316, '2020-04-04', 73, 34499.9),
(317, '2020-09-18', 73, 22849.2),
(318, '2019-11-06', 73, 31741.2),
(319, '2020-06-17', 75, 72190),
(320, '2020-01-29', 75, 64325.6),
(321, '2019-05-17', 75, 89842),
(322, '2020-06-25', 75, 39762.7),
(323, '2019-06-15', 75, 55083.5),
(324, '2020-04-19', 75, 21665.7),
(325, '2019-11-01', 75, 33944.9),
(326, '2020-04-09', 75, 78759.2),
(327, '2020-07-24', 75, 46019.9),
(328, '2019-04-29', 75, 67193.8),
(329, '2021-03-05', 78, 53910.9),
(330, '2020-08-01', 78, 45128.5),
(331, '2021-02-16', 78, 36234),
(332, '2019-11-24', 78, 38216),
(333, '2019-11-14', 78, 49443.3),
(334, '2019-09-06', 78, 79995.1),
(335, '2019-12-02', 78, 79534.1),
(336, '2020-05-09', 78, 101268),
(337, '2019-04-30', 81, 60304.1),
(338, '2020-04-13', 81, 11803.5),
(339, '2020-06-30', 81, 40525.7),
(340, '2021-01-22', 81, 65297.5),
(341, '2020-10-07', 81, 22673.7),
(342, '2020-06-15', 81, 24324.7),
(343, '2019-07-03', 81, 9669.24),
(344, '2020-05-27', 81, 65523.8),
(345, '2021-03-24', 81, 56822.5),
(346, '2020-12-25', 81, 27631.6),
(347, '2020-08-20', 81, 26083),
(348, '2021-02-17', 81, 41238.5),
(349, '2019-07-25', 81, 53692.9),
(350, '2020-09-07', 81, 27564.3),
(351, '2020-05-20', 81, 11693),
(352, '2020-01-28', 81, 15617.2),
(353, '2019-11-01', 81, 77775.8),
(354, '2020-11-29', 81, 75575.1),
(355, '2019-11-30', 81, 44776.3),
(356, '2020-04-28', 82, 51343.8),
(357, '2020-01-08', 82, 35155.8),
(358, '2019-04-15', 82, 62366.3),
(359, '2020-11-10', 83, 64862.5),
(360, '2019-07-02', 83, 6388.9),
(361, '2020-12-15', 83, 73079.7),
(362, '2020-01-03', 83, 29282.7),
(363, '2019-12-04', 83, 79899.6),
(364, '2020-11-27', 84, 36778.6),
(365, '2020-07-17', 84, 37198.1),
(366, '2019-05-19', 84, 622.16),
(367, '2020-12-06', 84, 96190.7),
(368, '2020-06-20', 84, 77187.9),
(369, '2019-08-01', 84, 28282.7),
(370, '2021-01-03', 84, 17796.6),
(371, '2020-10-04', 84, 62691.3),
(372, '2021-02-09', 84, 14209.9),
(373, '2020-05-05', 84, 28772.8),
(374, '2020-04-18', 84, 56564.4),
(375, '2020-12-28', 85, 67278.8),
(376, '2020-07-30', 85, 19414),
(377, '2019-12-24', 85, 12450),
(378, '2020-01-29', 85, 14062.2),
(379, '2019-07-06', 85, 61565.2),
(380, '2020-01-28', 85, 13745.9),
(381, '2020-02-17', 86, 60873.8),
(382, '2019-12-19', 91, 72294.3),
(383, '2019-10-08', 91, 50414.6),
(384, '2019-07-21', 91, 13635.7),
(385, '2020-01-12', 94, 64127.4),
(386, '2019-12-20', 97, 32730.9),
(387, '2020-05-30', 97, 15356.9),
(388, '2020-07-23', 97, 43586.7),
(389, '2019-07-26', 97, 20423.3),
(390, '2019-08-28', 97, 11154.2),
(391, '2020-01-04', 97, 84301),
(392, '2019-06-08', 97, 26030.6),
(393, '2019-11-28', 97, 2759),
(394, '2021-03-30', 97, 40281.3),
(395, '2019-09-12', 97, 35808.2),
(396, '2019-06-19', 99, 19793.6),
(397, '2020-09-03', 99, 24545.1),
(398, '2020-06-14', 99, 79904.7),
(399, '2020-08-16', 99, 73805.3),
(400, '2019-10-31', 99, 64455.9),
(401, '2020-02-06', 99, 88449),
(402, '2021-04-10', 100, 45044.1),
(403, '2020-05-21', 100, 81783.7),
(404, '2020-01-15', 100, 38250.9),
(405, '2020-07-03', 100, 82107.2),
(406, '2020-08-24', 100, 16863.5),
(407, '2019-11-10', 100, 68583.9),
(408, '2019-05-25', 100, 47582.7),
(409, '2021-01-23', 100, 48014.6),
(410, '2020-07-21', 100, 5426.04),
(411, '2020-02-26', 100, 12475.1),
(412, '2020-06-12', 100, 86358.8),
(413, '2019-12-14', 100, 19560.7);

-- --------------------------------------------------------

--
-- Структура таблицы `products`
--

CREATE TABLE `products` (
  `id` int(11) NOT NULL,
  `title` varchar(40) NOT NULL,
  `price` float NOT NULL
) ENGINE=InnoDB DEFAULT CHARSET=utf8;

--
-- Дамп данных таблицы `products`
--

INSERT INTO `products` (`id`, `title`, `price`) VALUES
(1, 'табак', 982.51),
(2, 'зарплата', 89.13),
(3, 'зачем', 370.43),
(4, 'бригада', 218.12),
(5, 'исполнять', 627.87),
(6, 'блин', 473.11),
(7, 'задрать', 978.54),
(8, 'интеллектуальный', 318.55),
(9, 'пространство', 242.59),
(10, 'близко', 549.99),
(11, 'карман', 877.33),
(12, 'невыносимый', 182.75),
(13, 'помолчать', 667.52),
(14, 'чем', 969.19),
(15, 'идея', 222.98),
(16, 'июнь', 731.05),
(17, 'забирать', 670.37),
(18, 'соответствие', 83.29),
(19, 'зима', 84.57),
(20, 'направо', 864.26),
(21, 'отметить', 816.63),
(22, 'правление', 564.56),
(23, 'жестокий', 889.99),
(24, 'пища', 130.07),
(25, 'зарплата', 154.92),
(26, 'отметить', 920.86),
(27, 'мелькнуть', 107.65),
(28, 'упор', 107.2),
(29, 'настать', 547),
(30, 'граница', 824.42),
(31, 'зима', 307.05),
(32, 'пасть', 294.25),
(33, 'стакан', 929.98),
(34, 'естественный', 990.66),
(35, 'командир', 832.34),
(36, 'проход', 381.46),
(37, 'грустный', 126.73),
(38, 'дружно', 244.96),
(39, 'правление', 321.44),
(40, 'ученый', 769.64),
(41, 'помимо', 845.34),
(42, 'опасность', 884.36),
(43, 'ведь', 81.34),
(44, 'а', 599.49),
(45, 'кузнец', 23.05),
(46, 'место', 945.78),
(47, 'дьявол', 706.66),
(48, 'тяжелый', 970.9),
(49, 'дрогнуть', 190.02),
(50, 'роса', 73.13),
(51, 'передо', 710.99),
(52, 'добиться', 817.52),
(53, 'пропасть', 554.44),
(54, 'инфекция', 717.63),
(55, 'актриса', 287.44),
(56, 'слишком', 863.05),
(57, 'аж', 613.12),
(58, 'сверкать', 261.84),
(59, 'настать', 889.49),
(60, 'разнообразный', 368.45),
(61, 'пространство', 749.55),
(62, 'спичка', 578.25),
(63, 'место', 986.73),
(64, 'умирать', 482.32),
(65, 'лететь', 649.4),
(66, 'зато', 86.67),
(67, 'скрытый', 746.52),
(68, 'кпсс', 795.07),
(69, 'порода', 611.69),
(70, 'вперед', 761.23),
(71, 'ломать', 816.59),
(72, 'сутки', 264.26),
(73, 'избегать', 600.09),
(74, 'хозяйка', 891.42),
(75, 'художественный', 124.88),
(76, 'протягивать', 183.77),
(77, 'остановить', 549.43),
(78, 'правый', 897.09),
(79, 'ночь', 575.97),
(80, 'счастье', 705.9),
(81, 'свежий', 408.99),
(82, 'головной', 124.21),
(83, 'интеллектуальный', 154.41),
(84, 'вздрогнуть', 200.12),
(85, 'вообще', 134.1),
(86, 'премьера', 108.36),
(87, 'поймать', 340.02),
(88, 'бровь', 598.57),
(89, 'вытаскивать', 387.4),
(90, 'подземный', 3.17),
(91, 'мягкий', 755.02),
(92, 'вскакивать', 335.35),
(93, 'аж', 145.05),
(94, 'прошептать', 458.74),
(95, 'солнце', 359.05),
(96, 'зато', 481.5),
(97, 'степь', 306.57),
(98, 'помимо', 826.66),
(99, 'некоторый', 842.57),
(100, 'обида', 582.12),
(101, 'бровь', 229.35),
(102, 'армейский', 307.86),
(103, 'мгновение', 571.58),
(104, 'прощение', 351.2),
(105, 'призыв', 109.9),
(106, 'необычный', 767.72),
(107, 'место', 58.99),
(108, 'нож', 435.73),
(109, 'анализ', 800),
(110, 'написать', 716.35),
(111, 'плавно', 338.98),
(112, 'призыв', 22.8),
(113, 'правый', 739.51),
(114, 'кидать', 639.71),
(115, 'провал', 227.18),
(116, 'похороны', 662.42),
(117, 'совещание', 562.26),
(118, 'добиться', 366.09),
(119, 'еврейский', 114.19),
(120, 'светило', 649.43),
(121, 'пропадать', 761.52),
(122, 'спалить', 644.71),
(123, 'светило', 915.71),
(124, 'медицина', 613.42),
(125, 'скользить', 545.13),
(126, 'коричневый', 938.39),
(127, 'плод', 387.7),
(128, 'выдержать', 907.15),
(129, 'смеяться', 661.84),
(130, 'казнь', 429.33),
(131, 'уничтожение', 631.91),
(132, 'ломать', 33.63),
(133, 'столетие', 568.29),
(134, 'космос', 696.61),
(135, 'лететь', 862.82),
(136, 'тесно', 50.14),
(137, 'левый', 233.64),
(138, 'устройство', 743.71),
(139, 'носок', 542.96),
(140, 'кожа', 445.61),
(141, 'совещание', 251.11),
(142, 'опасность', 456.52),
(143, 'заявление', 575.94),
(144, 'развитый', 44.69),
(145, 'ночь', 596.52),
(146, 'развернуться', 750.12),
(147, 'стакан', 38.01),
(148, 'развернуться', 696.27),
(149, 'лапа', 722.15),
(150, 'вздрагивать', 624.58),
(151, 'юный', 726.65),
(152, 'число', 343.93),
(153, 'способ', 682.68),
(154, 'сверкать', 915.99),
(155, 'металл', 460.46),
(156, 'вперед', 166.15),
(157, 'руководитель', 739.33),
(158, 'забирать', 590.22),
(159, 'лапа', 305.45),
(160, 'салон', 823.86),
(161, 'конструкция', 919.87),
(162, 'прежний', 514.66),
(163, 'дремать', 399.78),
(164, 'остановить', 328.92),
(165, 'тюрьма', 630.68),
(166, 'дрогнуть', 195.89),
(167, 'выражаться', 669.97),
(168, 'помолчать', 462.08),
(169, 'сынок', 675.45),
(170, 'песенка', 458.87),
(171, 'плавно', 183.45),
(172, 'еврейский', 435.1),
(173, 'деньги', 548.3),
(174, 'низкий', 49.32),
(175, 'теория', 609.39),
(176, 'порядок', 568.25),
(177, 'возникновение', 984.36),
(178, 'рассуждение', 655.96),
(179, 'запеть', 294.27),
(180, 'поколение', 845.68),
(181, 'наслаждение', 962.16),
(182, 'уронить', 110.54),
(183, 'коричневый', 656.31),
(184, 'блин', 973.33),
(185, 'природа', 116.09),
(186, 'крутой', 175.04),
(187, 'издали', 29.48),
(188, 'аллея', 635.69),
(189, 'мимо', 776.4),
(190, 'идея', 139.01),
(191, 'инфекция', 850.1),
(192, 'боец', 36.96),
(193, 'вскакивать', 630.66),
(194, 'очко', 618.74),
(195, 'поговорить', 655.78),
(196, 'инструкция', 422.27),
(197, 'а', 368.32),
(198, 'слишком', 976.98),
(199, 'заложить', 498.22),
(200, 'терапия', 240.33),
(201, 'очко', 131.36),
(202, 'мгновение', 523.78),
(203, 'горький', 974.29),
(204, 'угол', 985.62),
(205, 'крутой', 988.56),
(206, 'реклама', 79.96),
(207, 'отметить', 57.42),
(208, 'ученый', 984.92),
(209, 'тута', 828.27),
(210, 'деньги', 280.41),
(211, 'шлем', 355.77),
(212, 'демократия', 378.8),
(213, 'падать', 44.03),
(214, 'пастух', 362.71),
(215, 'плод', 913.06),
(216, 'разнообразный', 819.26),
(217, 'лететь', 121.73),
(218, 'лапа', 780.02),
(219, 'около', 101.7),
(220, 'увеличиваться', 256.9),
(221, 'порядок', 835.65),
(222, 'плод', 325.93),
(223, 'виднеться', 956.87),
(224, 'теория', 736.16),
(225, 'научить', 586.67),
(226, 'печатать', 417.37),
(227, 'июнь', 779.21),
(228, 'грустный', 314.43),
(229, 'каюта', 845.16),
(230, 'ход', 314.55),
(231, 'вывести', 650.07),
(232, 'упор', 226.51),
(233, 'монета', 596.58),
(234, 'поймать', 908.3),
(235, 'задрать', 787.4),
(236, 'мгновение', 422.16),
(237, 'песенка', 974.54),
(238, 'очередной', 394.96),
(239, 'легко', 418.88),
(240, 'выраженный', 416.47),
(241, 'очко', 749.6),
(242, 'сутки', 487.5),
(243, 'обида', 67.93),
(244, 'кидать', 939.29),
(245, 'намерение', 573.93),
(246, 'сустав', 649.46),
(247, 'зачем', 268.91),
(248, 'подземный', 229.49),
(249, 'природа', 148.14),
(250, 'выраженный', 824.26),
(251, 'потянуться', 318),
(252, 'выкинуть', 286.01),
(253, 'забирать', 32.19),
(254, 'полевой', 748.15),
(255, 'мягкий', 890.56),
(256, 'наступать', 454.47),
(257, 'страсть', 534.99),
(258, 'встать', 289.94),
(259, 'забирать', 603.07),
(260, 'советовать', 954.33),
(261, 'сходить', 59),
(262, 'угодный', 444.66),
(263, 'дыхание', 533.35),
(264, 'тревога', 453.67),
(265, 'уронить', 974.76),
(266, 'остановить', 408.14),
(267, 'хозяйка', 699.66),
(268, 'войти', 670.96),
(269, 'тяжелый', 442.5),
(270, 'нервно', 704.89),
(271, 'куча', 590.8),
(272, 'порт', 591.84),
(273, 'прежде', 372.96),
(274, 'покидать', 6.79),
(275, 'тревога', 646.98),
(276, 'правильный', 545.14),
(277, 'уронить', 56.58),
(278, 'освободить', 233.05),
(279, 'умолять', 270.04),
(280, 'низкий', 644.07),
(281, 'сохранять', 269.08),
(282, 'карман', 72.74),
(283, 'жидкий', 903.24),
(284, 'цепочка', 272.2),
(285, 'четко', 378.07),
(286, 'белье', 968.87),
(287, 'бабочка', 977.78),
(288, 'что', 166.94),
(289, 'вперед', 678.16),
(290, 'вариант', 435.44),
(291, 'потрясти', 94.96),
(292, 'крыса', 545.28),
(293, 'витрина', 759.92),
(294, 'валюта', 987.3),
(295, 'монета', 941.6),
(296, 'полностью', 657.69),
(297, 'мрачно', 956.3),
(298, 'виднеться', 565.23),
(299, 'успокоиться', 404.04),
(300, 'анализ', 947.43),
(301, 'полюбить', 821.56),
(302, 'привлекать', 841.21),
(303, 'подробность', 866.41),
(304, 'обида', 101.02),
(305, 'ломать', 580.03),
(306, 'палка', 168.42),
(307, 'металл', 305.83),
(308, 'школьный', 874.43),
(309, 'соответствие', 469.53),
(310, 'кпсс', 31.51),
(311, 'шлем', 356.65),
(312, 'ход', 901.93),
(313, 'дьявол', 748.56),
(314, 'пропасть', 989.61),
(315, 'госпожа', 27.62),
(316, 'выразить', 767.08),
(317, 'сустав', 166.92),
(318, 'мальчишка', 717.81),
(319, 'кпсс', 101.93),
(320, 'спешить', 445.4),
(321, 'вряд', 209.92),
(322, 'построить', 11.44),
(323, 'увеличиваться', 165.77),
(324, 'райком', 947.31),
(325, 'монета', 558.66),
(326, 'около', 938.73),
(327, 'сходить', 507.99),
(328, 'результат', 944.65),
(329, 'развитый', 160.38),
(330, 'сверкающий', 131.11),
(331, 'место', 733.09),
(332, 'рабочий', 807.57),
(333, 'выгнать', 939.99),
(334, 'равнодушный', 957.04),
(335, 'потом', 624.79),
(336, 'порог', 634.25),
(337, 'бетонный', 659.01),
(338, 'важный', 494.47),
(339, 'строительство', 234.81),
(340, 'факультет', 307.1),
(341, 'налево', 852.3),
(342, 'покидать', 57.97),
(343, 'плод', 249.78),
(344, 'появление', 68.24),
(345, 'да', 156.3),
(346, 'дыхание', 733.07),
(347, 'коробка', 747.12),
(348, 'умирать', 485.59),
(349, 'уничтожение', 59.81),
(350, 'очередной', 645.88),
(351, 'совещание', 509.62),
(352, 'конструкция', 399.72),
(353, 'палата', 303.96),
(354, 'функция', 874.2),
(355, 'инструкция', 744.36),
(356, 'задержать', 798.97),
(357, 'казнь', 590.5),
(358, 'плод', 463.93),
(359, 'поговорить', 959.32),
(360, 'наткнуться', 773.99),
(361, 'юный', 732.31),
(362, 'слать', 387.14),
(363, 'дальний', 114.39),
(364, 'демократия', 505.59),
(365, 'темнеть', 336.44),
(366, 'научить', 786.07),
(367, 'райком', 30.76),
(368, 'правый', 276.68),
(369, 'ленинград', 734.28),
(370, 'отдел', 451.7),
(371, 'нервно', 341.06),
(372, 'лиловый', 344.47),
(373, 'бровь', 383.36),
(374, 'естественный', 531.83),
(375, 'развитый', 243.75),
(376, 'оборот', 610.95),
(377, 'палата', 74.03),
(378, 'полностью', 927.98),
(379, 'костер', 479.72),
(380, 'блин', 323.13),
(381, 'деньги', 284.76),
(382, 'аллея', 61.39),
(383, 'равнодушный', 758.36),
(384, 'ремень', 623.78),
(385, 'поговорить', 382.56),
(386, 'факультет', 663.54),
(387, 'набор', 366.01),
(388, 'уронить', 252.31),
(389, 'отдел', 3.55),
(390, 'смертельный', 763.7),
(391, 'невозможно', 949.92),
(392, 'провал', 37.77),
(393, 'ломать', 878.9),
(394, 'мусор', 895),
(395, 'покинуть', 731.78),
(396, 'интеллектуальный', 723.22),
(397, 'крутой', 577.15),
(398, 'художественный', 908.75),
(399, 'неудобно', 560.74),
(400, 'пасть', 827.6),
(401, 'терапия', 686.92),
(402, 'иной', 636.11),
(403, 'ныне', 570.33),
(404, 'висеть', 774.91),
(405, 'отметить', 270.06),
(406, 'четко', 69.61),
(407, 'слишком', 805.45),
(408, 'лиловый', 63.21),
(409, 'рота', 415.97),
(410, 'приятель', 491.7),
(411, 'возникновение', 417.17),
(412, 'лететь', 445.15),
(413, 'карман', 711.76),
(414, 'мелочь', 932.68),
(415, 'полюбить', 275.18),
(416, 'зима', 697.63),
(417, 'да', 950.93),
(418, 'неожиданный', 278.54),
(419, 'социалистический', 252.65),
(420, 'освободить', 910.88),
(421, 'пропаганда', 964.76),
(422, 'карман', 860.56),
(423, 'сохранять', 919.41),
(424, 'головка', 778.75),
(425, 'сохранять', 361.75),
(426, 'тута', 721.74),
(427, 'тута', 553.57),
(428, 'командир', 346.25),
(429, 'карандаш', 832.11),
(430, 'хозяйка', 492.82),
(431, 'головка', 44.97),
(432, 'намерение', 33.51),
(433, 'научить', 229.13),
(434, 'отъезд', 973.72),
(435, 'вряд', 920.69),
(436, 'термин', 569.45),
(437, 'головной', 72.17),
(438, 'мелькнуть', 339.12),
(439, 'процесс', 93.76),
(440, 'ставить', 421.89),
(441, 'дьявол', 438.96),
(442, 'неудобно', 238.05),
(443, 'через', 407.82),
(444, 'страсть', 585.65),
(445, 'очутиться', 918.68),
(446, 'отдел', 112.37),
(447, 'команда', 445.11),
(448, 'опасность', 168.18),
(449, 'команда', 540.59),
(450, 'гулять', 652.03),
(451, 'болото', 267.4),
(452, 'художественный', 218.03),
(453, 'возможно', 446.74),
(454, 'находить', 69.83),
(455, 'способ', 881.4),
(456, 'порт', 717.07),
(457, 'господь', 482.59),
(458, 'темнеть', 119.26),
(459, 'фонарик', 827.11),
(460, 'горький', 156.76),
(461, 'дьявол', 76.44),
(462, 'выражаться', 845.02),
(463, 'появление', 644.14),
(464, 'что', 661.01),
(465, 'дьявол', 918.86),
(466, 'стакан', 70.84),
(467, 'валюта', 134.16),
(468, 'лететь', 596.29),
(469, 'рота', 657.88),
(470, 'тута', 683.43),
(471, 'призыв', 694.33),
(472, 'анализ', 177.49),
(473, 'космос', 308.91),
(474, 'трясти', 60.35),
(475, 'жестокий', 333.49),
(476, 'мягкий', 154.7),
(477, 'казнь', 134.29),
(478, 'необычный', 872.55),
(479, 'зато', 101.53),
(480, 'спорт', 351.75),
(481, 'смелый', 592.09),
(482, 'инструкция', 721.2),
(483, 'карандаш', 934.34),
(484, 'эффект', 729.11),
(485, 'засунуть', 507.46),
(486, 'строительство', 584.84),
(487, 'скрытый', 429.48),
(488, 'очко', 454.06),
(489, 'господь', 410.15),
(490, 'уронить', 137.71),
(491, 'беспомощный', 710.7),
(492, 'падаль', 545.1),
(493, 'перебивать', 475.12),
(494, 'вывести', 952.67),
(495, 'полюбить', 533.45),
(496, 'конструкция', 486.04),
(497, 'вскинуть', 78.81),
(498, 'ночь', 727.02),
(499, 'упор', 940.97),
(500, 'покидать', 115.77),
(501, 'страсть', 44.66),
(502, 'крыса', 732.41),
(503, 'прежний', 322.99),
(504, 'рис', 913.13),
(505, 'инвалид', 731.16),
(506, 'тута', 15.97),
(507, 'торопливый', 316.97),
(508, 'запеть', 125.09),
(509, 'лететь', 742.02),
(510, 'прощение', 758.18),
(511, 'набор', 963.13),
(512, 'теория', 543.95),
(513, 'добиться', 44.65),
(514, 'коммунизм', 877.29),
(515, 'перебивать', 754.51),
(516, 'поезд', 453.72),
(517, 'цвет', 438.19),
(518, 'роса', 586.28),
(519, 'порода', 47.19),
(520, 'табак', 271.78),
(521, 'песня', 731.67),
(522, 'народ', 938.15),
(523, 'разуметься', 510.92),
(524, 'задержать', 484.62),
(525, 'отъезд', 376.89),
(526, 'появление', 763.02),
(527, 'виднеться', 846.25),
(528, 'кольцо', 422.89),
(529, 'шлем', 480.1),
(530, 'порода', 689.94),
(531, 'о', 813.31),
(532, 'бегать', 184.6),
(533, 'цель', 512.98),
(534, 'точно', 633.98),
(535, 'мгновение', 566.5),
(536, 'пища', 660.73),
(537, 'вариант', 472.7),
(538, 'сутки', 794.37),
(539, 'дьявол', 856.26),
(540, 'трясти', 384.23),
(541, 'один', 881.08),
(542, 'страсть', 462.35),
(543, 'холодно', 918.77),
(544, 'выражаться', 550.05),
(545, 'господь', 496.9),
(546, 'промолчать', 597.92),
(547, 'пространство', 78.31),
(548, 'торговля', 752.39),
(549, 'ныне', 653.23),
(550, 'результат', 95.25),
(551, 'песенка', 481.92),
(552, 'остановить', 942.21),
(553, 'провинция', 744.58),
(554, 'собеседник', 122.05),
(555, 'следовательно', 745.26),
(556, 'князь', 690.32),
(557, 'похороны', 146.04),
(558, 'крыса', 125.1),
(559, 'приходить', 15.72),
(560, 'слишком', 377.37),
(561, 'рис', 284.88),
(562, 'цель', 820.86),
(563, 'тревога', 684.47),
(564, 'ручей', 689.35),
(565, 'интеллектуальный', 842.68),
(566, 'картинка', 493.18),
(567, 'поезд', 682.81),
(568, 'нервно', 744.23),
(569, 'четко', 274.25),
(570, 'пропаганда', 526.36),
(571, 'пропасть', 222.02),
(572, 'хлеб', 649.47),
(573, 'вообще', 335.33),
(574, 'деньги', 852.95),
(575, 'задержать', 960.52),
(576, 'факультет', 417.07),
(577, 'князь', 903.62),
(578, 'экзамен', 7.93),
(579, 'экзамен', 156.75),
(580, 'выраженный', 320.31),
(581, 'рабочий', 521.03),
(582, 'вперед', 836.22),
(583, 'господь', 815.67),
(584, 'рабочий', 183.02),
(585, 'остановить', 201.42),
(586, 'лететь', 23.19),
(587, 'танцевать', 71.5),
(588, 'казнь', 690.41),
(589, 'приходить', 141.53),
(590, 'набор', 683.12),
(591, 'очутиться', 221.12),
(592, 'указанный', 589.94),
(593, 'число', 134.22),
(594, 'зеленый', 336.15),
(595, 'волк', 431.67),
(596, 'нервно', 680.98),
(597, 'госпожа', 465.24),
(598, 'блин', 437.43),
(599, 'совет', 665.54),
(600, 'мелькнуть', 695.69),
(601, 'металл', 927.37),
(602, 'избегать', 315.51),
(603, 'витрина', 540),
(604, 'песенка', 822.12),
(605, 'совещание', 455.96),
(606, 'деловой', 52.88),
(607, 'палка', 619.31),
(608, 'лиловый', 191.7),
(609, 'кузнец', 473.01),
(610, 'пасть', 39),
(611, 'увеличиваться', 92.23),
(612, 'командующий', 789.62),
(613, 'возбуждение', 885.79),
(614, 'команда', 21.74),
(615, 'при', 517.57),
(616, 'цвет', 246.54),
(617, 'издали', 516.91),
(618, 'палата', 726.77),
(619, 'выбирать', 234.86),
(620, 'вряд', 884.36),
(621, 'народ', 984.31),
(622, 'доставать', 615.56),
(623, 'штаб', 137.73),
(624, 'холодно', 476.57),
(625, 'помолчать', 227.88),
(626, 'космос', 63.27),
(627, 'очко', 84.84),
(628, 'достоинство', 673.14),
(629, 'смелый', 263.9),
(630, 'бочок', 64.54),
(631, 'тревога', 374.12),
(632, 'академик', 904.87),
(633, 'растеряться', 431.1),
(634, 'пасть', 632.8),
(635, 'спорт', 413.96),
(636, 'житель', 669.77),
(637, 'лиловый', 420.34),
(638, 'заведение', 133.79),
(639, 'применяться', 409.86),
(640, 'кпсс', 879.54),
(641, 'казнь', 245.58),
(642, 'спалить', 859.65),
(643, 'изредка', 894.2),
(644, 'нажать', 570.22),
(645, 'ночь', 866.34),
(646, 'находить', 969.2),
(647, 'настать', 875.13),
(648, 'зачем', 182.13),
(649, 'отъезд', 556.04),
(650, 'господь', 670.69),
(651, 'терапия', 803.95),
(652, 'естественный', 77.36),
(653, 'чувство', 564.25),
(654, 'появление', 105.3),
(655, 'девка', 683.52),
(656, 'обида', 42.09),
(657, 'пища', 239.2),
(658, 'блин', 225.46),
(659, 'неожиданный', 543.2),
(660, 'рабочий', 575.05),
(661, 'мелочь', 91.35),
(662, 'результат', 635.49),
(663, 'миф', 475.44),
(664, 'развитый', 417.07),
(665, 'неправда', 805.69),
(666, 'юный', 387.65),
(667, 'возможно', 905.43),
(668, 'вообще', 239.42),
(669, 'торопливый', 767.73),
(670, 'ломать', 515.99),
(671, 'стакан', 396.66),
(672, 'зеленый', 649.74),
(673, 'коммунизм', 552.33),
(674, 'премьера', 568.52),
(675, 'труп', 729.6),
(676, 'передо', 28.37),
(677, 'заложить', 581.42),
(678, 'монета', 51.46),
(679, 'интеллектуальный', 387.72),
(680, 'передо', 817.07),
(681, 'карандаш', 107.77),
(682, 'пробовать', 935.24),
(683, 'присесть', 59.75),
(684, 'слишком', 269.57),
(685, 'поколение', 151.71),
(686, 'солнце', 891.46),
(687, 'пол', 632.45),
(688, 'неожиданный', 535.65),
(689, 'наступать', 745.7),
(690, 'спичка', 680.99),
(691, 'постоянный', 730.06),
(692, 'сынок', 946.96),
(693, 'возможно', 669.33),
(694, 'еврейский', 452.06),
(695, 'цель', 774.5),
(696, 'задрать', 765.39),
(697, 'костер', 88.37),
(698, 'рай', 653.46),
(699, 'точно', 579.65),
(700, 'сбросить', 100.38),
(701, 'невыносимый', 191.31),
(702, 'угроза', 433.22),
(703, 'идея', 865.14),
(704, 'угроза', 896.62),
(705, 'эффект', 16.45),
(706, 'скрытый', 450.82),
(707, 'блин', 201.16),
(708, 'волк', 702.64),
(709, 'наслаждение', 838.55),
(710, 'перебивать', 206.53),
(711, 'устройство', 839.92),
(712, 'процесс', 99.15),
(713, 'цепочка', 563.25),
(714, 'применяться', 994.6),
(715, 'совещание', 393.84),
(716, 'зато', 175.88),
(717, 'провинция', 149.66),
(718, 'заявление', 580.15),
(719, 'серьезный', 630.95),
(720, 'сынок', 102.39),
(721, 'нажать', 234.58),
(722, 'кпсс', 551.21),
(723, 'манера', 487.36),
(724, 'коммунизм', 58.01),
(725, 'прошептать', 709.82),
(726, 'даль', 706.76),
(727, 'настать', 637.28),
(728, 'мягкий', 686.91),
(729, 'даль', 439.49),
(730, 'солнце', 36.61),
(731, 'совещание', 33.5),
(732, 'команда', 243.34),
(733, 'налоговый', 625.53),
(734, 'намерение', 859.85),
(735, 'вперед', 29.03),
(736, 'предоставить', 949.25),
(737, 'райком', 841.21),
(738, 'свежий', 548.3),
(739, 'валюта', 544.32),
(740, 'помолчать', 534.66),
(741, 'пропадать', 827.78),
(742, 'запретить', 567.41),
(743, 'налоговый', 540.85),
(744, 'висеть', 294.22),
(745, 'коллектив', 677.68),
(746, 'прежде', 734.63),
(747, 'одиннадцать', 623.35),
(748, 'ночь', 108.53),
(749, 'иной', 463.37),
(750, 'труп', 40.22),
(751, 'тесно', 451.83),
(752, 'освободить', 902.35),
(753, 'сынок', 280.23),
(754, 'сходить', 91.65),
(755, 'а', 155.12),
(756, 'господь', 528.56),
(757, 'зачем', 174.64),
(758, 'академик', 304.13),
(759, 'нажать', 106.24),
(760, 'горький', 685.48),
(761, 'князь', 133.47),
(762, 'вчера', 354.2),
(763, 'издали', 542.14),
(764, 'тысяча', 180.47),
(765, 'ученый', 555.59),
(766, 'витрина', 338.83),
(767, 'через', 980.7),
(768, 'некоторый', 491.46),
(769, 'покидать', 730.37),
(770, 'рот', 329.73),
(771, 'рис', 518.75),
(772, 'растеряться', 746.3),
(773, 'провал', 772.75),
(774, 'парень', 426.52),
(775, 'конференция', 265.5),
(776, 'точно', 285.79),
(777, 'второй', 568.71),
(778, 'нажать', 175.14),
(779, 'процесс', 829.86),
(780, 'горький', 871.31),
(781, 'мучительно', 437.32),
(782, 'вскакивать', 76.8),
(783, 'космос', 789.66),
(784, 'издали', 123.76),
(785, 'господь', 922.47),
(786, 'вздрогнуть', 351.92),
(787, 'смелый', 959.09),
(788, 'прощение', 757.18),
(789, 'зарплата', 167.92),
(790, 'бок', 736.3),
(791, 'расстройство', 791.62),
(792, 'о', 87.79),
(793, 'бок', 36.64),
(794, 'подземный', 228.04),
(795, 'конференция', 639.18),
(796, 'сверкать', 680),
(797, 'потянуться', 131.85),
(798, 'научить', 27.15),
(799, 'построить', 205.06),
(800, 'понятный', 725.18),
(801, 'кидать', 468.28),
(802, 'угроза', 146.29),
(803, 'исследование', 936.52),
(804, 'научить', 682.87),
(805, 'радость', 10.73),
(806, 'сверкающий', 607.61),
(807, 'передо', 684.28),
(808, 'костер', 901.3),
(809, 'желание', 760.14),
(810, 'ведь', 743.09),
(811, 'валюта', 459.36),
(812, 'рота', 127.88),
(813, 'степь', 209.65),
(814, 'лиловый', 458.33),
(815, 'новый', 724.31),
(816, 'второй', 889.03),
(817, 'иной', 134.25),
(818, 'заведение', 287.51),
(819, 'изучить', 562.93),
(820, 'близко', 102.12),
(821, 'задрать', 306.77),
(822, 'предоставить', 439.66),
(823, 'хозяйка', 54.7),
(824, 'угодный', 693.55),
(825, 'носок', 988.38),
(826, 'картинка', 853.58),
(827, 'головной', 341.09),
(828, 'успокоиться', 941.38),
(829, 'князь', 95.7),
(830, 'тысяча', 207.83),
(831, 'сынок', 484.81),
(832, 'торопливый', 998.4),
(833, 'счастье', 929.9),
(834, 'опасность', 950.26),
(835, 'художественный', 524.19),
(836, 'потрясти', 826.93),
(837, 'спалить', 791.39),
(838, 'смелый', 717.92),
(839, 'дрогнуть', 426.52),
(840, 'сустав', 370.98),
(841, 'палата', 256.05),
(842, 'вскинуть', 301.99),
(843, 'ремень', 427.39),
(844, 'наступать', 117.62),
(845, 'равнодушный', 337.35),
(846, 'сбросить', 987.28),
(847, 'уточнить', 908.06),
(848, 'провинция', 988.35),
(849, 'казнь', 668.48),
(850, 'монета', 486.61),
(851, 'эпоха', 320.75),
(852, 'встать', 972.84),
(853, 'правильный', 2.95),
(854, 'выразить', 902.72),
(855, 'забирать', 232.3),
(856, 'правильный', 533.26),
(857, 'волк', 979.65),
(858, 'спорт', 915.76),
(859, 'секунда', 105.58),
(860, 'спалить', 31.76),
(861, 'понятный', 400.29),
(862, 'необычный', 553.02),
(863, 'кидать', 226.49),
(864, 'указанный', 547.22),
(865, 'налево', 759.62),
(866, 'применяться', 642.92),
(867, 'счастье', 187.86),
(868, 'нервно', 306.29),
(869, 'расстегнуть', 400.7),
(870, 'сомнительный', 778.07),
(871, 'передо', 674.71),
(872, 'блин', 376.25),
(873, 'посидеть', 545.5),
(874, 'палец', 716.18),
(875, 'рот', 189.32),
(876, 'добиться', 918.02),
(877, 'карман', 474.68),
(878, 'горький', 428.32),
(879, 'мелочь', 160.17),
(880, 'столетие', 729.49),
(881, 'опасность', 426.12),
(882, 'нажать', 911.36),
(883, 'запретить', 240.42),
(884, 'мелькнуть', 330.22),
(885, 'сбросить', 713.11),
(886, 'холодно', 47.53),
(887, 'миф', 114.82),
(888, 'скользить', 114.75),
(889, 'мрачно', 936.64),
(890, 'покидать', 445.45),
(891, 'падаль', 990.86),
(892, 'головной', 252.05),
(893, 'домашний', 444.4),
(894, 'дремать', 930.91),
(895, 'некоторый', 463.54),
(896, 'штаб', 823.19),
(897, 'уронить', 560.86),
(898, 'господь', 283.12),
(899, 'дошлый', 364.07),
(900, 'промолчать', 271.96),
(901, 'человечек', 139.71),
(902, 'дыхание', 340.09),
(903, 'премьера', 604.54),
(904, 'жестокий', 135.38),
(905, 'возмутиться', 517.38),
(906, 'социалистический', 758.19),
(907, 'разводить', 124.58),
(908, 'зеленый', 192.23),
(909, 'близко', 253.16),
(910, 'сходить', 319.77),
(911, 'очередной', 233.66),
(912, 'интеллектуальный', 163.77),
(913, 'дурацкий', 121.42),
(914, 'намерение', 405.25),
(915, 'передо', 733.94),
(916, 'академик', 938.46),
(917, 'костер', 479.36),
(918, 'степь', 903.69),
(919, 'адвокат', 657.47),
(920, 'встать', 497.53),
(921, 'бочок', 49.6),
(922, 'ход', 199.22),
(923, 'танцевать', 351.08),
(924, 'упорно', 885.92),
(925, 'угол', 796.06),
(926, 'бетонный', 796.18),
(927, 'торопливый', 442.62),
(928, 'лиловый', 27.64),
(929, 'человечек', 903.38),
(930, 'холодно', 171.09),
(931, 'ставить', 857.14),
(932, 'мера', 205.75),
(933, 'недостаток', 158.51),
(934, 'выражаться', 876.38),
(935, 'дыхание', 362.4),
(936, 'падать', 427.81),
(937, 'белье', 466.25),
(938, 'князь', 912.86),
(939, 'появление', 266.98),
(940, 'металл', 61.75),
(941, 'самостоятельно', 548.84),
(942, 'соответствие', 106.05),
(943, 'ученый', 514.99),
(944, 'посидеть', 702.28),
(945, 'человечек', 872.03),
(946, 'команда', 128.18),
(947, 'вскинуть', 894.84),
(948, 'вытаскивать', 182.04),
(949, 'применяться', 377.03),
(950, 'пропасть', 314.21),
(951, 'термин', 581.43),
(952, 'монета', 599.19),
(953, 'мимо', 406.59),
(954, 'эффект', 623.83),
(955, 'песенка', 896.47),
(956, 'наслаждение', 277.7),
(957, 'свежий', 216.8),
(958, 'идея', 795.97),
(959, 'вряд', 900.37),
(960, 'спорт', 727.56),
(961, 'угодный', 713.85),
(962, 'кидать', 414.89),
(963, 'запустить', 359.95),
(964, 'зима', 467.02),
(965, 'зато', 114.61),
(966, 'бровь', 544.76),
(967, 'запретить', 656.72),
(968, 'строительство', 526.54),
(969, 'услать', 476.24),
(970, 'парень', 925.46),
(971, 'ягода', 872.05),
(972, 'поставить', 312.14),
(973, 'смертельный', 336.73),
(974, 'а', 862.64),
(975, 'посвятить', 359.07),
(976, 'неудобно', 535.23),
(977, 'обида', 310.72),
(978, 'строительство', 385.22),
(979, 'пропасть', 397.09),
(980, 'конструкция', 233.69),
(981, 'приличный', 783.99),
(982, 'ночь', 602.15),
(983, 'применяться', 107.34),
(984, 'близко', 747.39),
(985, 'лапа', 820.34),
(986, 'мотоцикл', 620.04),
(987, 'перебивать', 284.52),
(988, 'торопливый', 7.96),
(989, 'налоговый', 785.26),
(990, 'вообще', 821.41),
(991, 'ответить', 861.84),
(992, 'миф', 547.27),
(993, 'запретить', 834.03),
(994, 'экзамен', 69.91),
(995, 'помолчать', 648.65),
(996, 'ремень', 564.42),
(997, 'темнеть', 389.99),
(998, 'какой', 191.91),
(999, 'витрина', 707.11),
(1000, 'командир', 999.93),
(1001, 'неправда', 943.58),
(1002, 'плясать', 895.95),
(1003, 'головка', 110.18),
(1004, 'падать', 738.68),
(1005, 'некоторый', 747.43),
(1006, 'эпоха', 280.88),
(1007, 'основание', 758.68),
(1008, 'недостаток', 621.36),
(1009, 'сынок', 815.92),
(1010, 'падать', 226.08),
(1011, 'социалистический', 417.85),
(1012, 'посидеть', 372.97),
(1013, 'сынок', 658.42),
(1014, 'танцевать', 186.93),
(1015, 'госпожа', 51.8),
(1016, 'инструкция', 90.11),
(1017, 'через', 763.84),
(1018, 'горький', 123.19),
(1019, 'разуметься', 504.63),
(1020, 'запустить', 945.45),
(1021, 'плод', 218.39),
(1022, 'единый', 380.33),
(1023, 'да', 681.3),
(1024, 'господь', 640.83),
(1025, 'народ', 180.95),
(1026, 'падаль', 59.57),
(1027, 'дальний', 302.03),
(1028, 'очутиться', 429.84),
(1029, 'механический', 984.14),
(1030, 'крутой', 464.91),
(1031, 'выражаться', 964.75),
(1032, 'миф', 242.29),
(1033, 'приличный', 786.74),
(1034, 'вздрагивать', 944.53),
(1035, 'шлем', 883.45),
(1036, 'сверкать', 636.26),
(1037, 'потянуться', 432.83),
(1038, 'забирать', 931.62),
(1039, 'очко', 368.34),
(1040, 'расстройство', 181.83),
(1041, 'ручей', 497.14),
(1042, 'запретить', 533.45),
(1043, 'достоинство', 282.38),
(1044, 'актриса', 355.65),
(1045, 'сверкать', 943.04),
(1046, 'голубчик', 529.82),
(1047, 'картинка', 822.27),
(1048, 'горький', 707.27),
(1049, 'лапа', 729.54),
(1050, 'непривычный', 751.86),
(1051, 'успокоиться', 186.54),
(1052, 'разнообразный', 861.15),
(1053, 'редактор', 606.46),
(1054, 'добиться', 766.88),
(1055, 'демократия', 462.5),
(1056, 'заведение', 335.89),
(1057, 'хлеб', 120.91),
(1058, 'назначить', 480.68),
(1059, 'висеть', 957.52),
(1060, 'невыносимый', 310.57),
(1061, 'хозяйка', 899.42),
(1062, 'цель', 688.94),
(1063, 'потом', 697.23),
(1064, 'второй', 555.66),
(1065, 'нажать', 937.77),
(1066, 'устройство', 138.6),
(1067, 'бок', 261.49),
(1068, 'князь', 657.46),
(1069, 'кидать', 861.87),
(1070, 'мера', 306.63),
(1071, 'сходить', 673.57),
(1072, 'адвокат', 261.59),
(1073, 'еврейский', 508.18),
(1074, 'граница', 232.04),
(1075, 'выдержать', 635.56),
(1076, 'полоска', 897.4),
(1077, 'подробность', 549.55),
(1078, 'носок', 712.64),
(1079, 'граница', 315.5),
(1080, 'конференция', 866.22),
(1081, 'неправда', 788.65),
(1082, 'предоставить', 387.07),
(1083, 'смелый', 66.67),
(1084, 'пересечь', 649.36),
(1085, 'близко', 893.84),
(1086, 'спасть', 107.73),
(1087, 'ручей', 71.92),
(1088, 'провал', 371.4),
(1089, 'носок', 69.79),
(1090, 'невозможно', 684.75),
(1091, 'мальчишка', 895.57),
(1092, 'разводить', 824.38),
(1093, 'вряд', 592.31),
(1094, 'бак', 458.32),
(1095, 'зеленый', 632.14),
(1096, 'другой', 264.6),
(1097, 'полюбить', 69.93),
(1098, 'школьный', 856.5),
(1099, 'сынок', 424.17),
(1100, 'запретить', 827.81),
(1101, 'плавно', 95.18),
(1102, 'выраженный', 349.37),
(1103, 'неожиданный', 366.66),
(1104, 'дрогнуть', 594.75),
(1105, 'видимо', 37.84),
(1106, 'о', 616.52),
(1107, 'услать', 157.57),
(1108, 'неожиданный', 712.84),
(1109, 'человечек', 277.57),
(1110, 'порт', 767.7),
(1111, 'понятный', 903.64),
(1112, 'лететь', 196.93),
(1113, 'уничтожение', 300.04),
(1114, 'передо', 540.58),
(1115, 'войти', 132.21),
(1116, 'возможно', 549.22),
(1117, 'недостаток', 196.7),
(1118, 'степь', 702.82),
(1119, 'миг', 883.83),
(1120, 'термин', 25.59),
(1121, 'рай', 293.35),
(1122, 'сходить', 268.37),
(1123, 'бригада', 816.34),
(1124, 'освободить', 126.86),
(1125, 'достоинство', 17.68),
(1126, 'вчера', 601.04),
(1127, 'научить', 861.98),
(1128, 'зарплата', 709.59),
(1129, 'господь', 774.52),
(1130, 'доставать', 117.54),
(1131, 'механический', 122.41),
(1132, 'приятель', 617.5),
(1133, 'намерение', 520.97),
(1134, 'промолчать', 224.83),
(1135, 'бровь', 849.91),
(1136, 'головка', 226.27),
(1137, 'материя', 519.64),
(1138, 'вообще', 125.02),
(1139, 'около', 745.44),
(1140, 'упор', 341.68),
(1141, 'художественный', 169.29),
(1142, 'госпожа', 660.47),
(1143, 'слать', 242.04),
(1144, 'ученый', 936),
(1145, 'командование', 534.3),
(1146, 'школьный', 7.95),
(1147, 'материя', 929.76),
(1148, 'порт', 953.36),
(1149, 'аж', 708.51),
(1150, 'спасть', 879.1),
(1151, 'триста', 275.25),
(1152, 'пламя', 350.3),
(1153, 'посвятить', 195.62),
(1154, 'монета', 923.29),
(1155, 'бровь', 262.73),
(1156, 'поставить', 499.15),
(1157, 'ребятишки', 629.02),
(1158, 'спичка', 332.94),
(1159, 'дьявол', 298.73),
(1160, 'помолчать', 31.78),
(1161, 'миг', 875.54),
(1162, 'необычный', 31.07),
(1163, 'бабочка', 808.99),
(1164, 'недостаток', 876.92),
(1165, 'задержать', 720.46),
(1166, 'премьера', 94.5),
(1167, 'цель', 478.05),
(1168, 'банда', 324.95),
(1169, 'сомнительный', 493.55),
(1170, 'посвятить', 689.74),
(1171, 'сынок', 887.62),
(1172, 'горький', 375.87),
(1173, 'неправда', 485.02),
(1174, 'самостоятельно', 644.75),
(1175, 'появление', 429.55),
(1176, 'рабочий', 66.06),
(1177, 'изредка', 913.79),
(1178, 'освободить', 770.84),
(1179, 'реклама', 370.65),
(1180, 'миллиард', 713.1),
(1181, 'пасть', 426.92),
(1182, 'гулять', 532.8),
(1183, 'социалистический', 220.47),
(1184, 'рассуждение', 526.36),
(1185, 'поколение', 540.92),
(1186, 'вывести', 583.22),
(1187, 'смеяться', 77.77),
(1188, 'интернет', 976.67),
(1189, 'о', 911.34),
(1190, 'прелесть', 542.42),
(1191, 'заплакать', 109.35),
(1192, 'за', 983.19),
(1193, 'каюта', 308.85),
(1194, 'уронить', 498.36),
(1195, 'район', 359.52),
(1196, 'слишком', 35.34),
(1197, 'зачем', 794.4),
(1198, 'бочок', 350.79),
(1199, 'табак', 306.01),
(1200, 'головка', 139.84),
(1201, 'подробность', 93.33),
(1202, 'мрачно', 329.75),
(1203, 'поймать', 578.55),
(1204, 'прошептать', 85.07),
(1205, 'разнообразный', 492.88),
(1206, 'висеть', 747.6),
(1207, 'карандаш', 283.33),
(1208, 'спорт', 504.58),
(1209, 'господь', 319.9),
(1210, 'дыхание', 987.62),
(1211, 'уничтожение', 446.95),
(1212, 'тута', 359.99),
(1213, 'цвет', 626.11),
(1214, 'сынок', 401.81),
(1215, 'нервно', 611.5),
(1216, 'четыре', 972.78),
(1217, 'вывести', 575.33),
(1218, 'услать', 725.25),
(1219, 'руководитель', 226.23),
(1220, 'добиться', 400.22),
(1221, 'встать', 103.12),
(1222, 'оборот', 649.44),
(1223, 'боец', 254.3),
(1224, 'развитый', 858.71),
(1225, 'пересечь', 555.06),
(1226, 'кпсс', 2.97),
(1227, 'горький', 596.12),
(1228, 'предоставить', 587.07),
(1229, 'команда', 954.3),
(1230, 'указанный', 416.35),
(1231, 'реклама', 613.48),
(1232, 'мелькнуть', 851.07),
(1233, 'эффект', 661.08),
(1234, 'термин', 633.37),
(1235, 'бок', 701.59),
(1236, 'космос', 937.69),
(1237, 'ручей', 80.92),
(1238, 'еврейский', 408.2),
(1239, 'костер', 479.97),
(1240, 'собеседник', 179.64),
(1241, 'ломать', 49.6),
(1242, 'естественный', 773.29),
(1243, 'умолять', 959.82),
(1244, 'остановить', 852.88),
(1245, 'господь', 69.27),
(1246, 'носок', 959.76),
(1247, 'полюбить', 105.65),
(1248, 'помимо', 1000.89),
(1249, 'предоставить', 705.96),
(1250, 'потрясти', 368.37),
(1251, 'секунда', 365.52),
(1252, 'наткнуться', 939.77),
(1253, 'возможно', 486.76),
(1254, 'головка', 770.12),
(1255, 'идея', 845.93),
(1256, 'развернуться', 586.48),
(1257, 'фонарик', 482.13),
(1258, 'бак', 179.74),
(1259, 'ложиться', 482.03),
(1260, 'жить', 177.31),
(1261, 'монета', 778.37),
(1262, 'поколение', 678.76),
(1263, 'шлем', 521.11),
(1264, 'экзамен', 71.57),
(1265, 'оставить', 542.88),
(1266, 'покидать', 479.07),
(1267, 'зачем', 981.14),
(1268, 'дошлый', 526.29),
(1269, 'плод', 893.26),
(1270, 'приятель', 279.85),
(1271, 'пасть', 288.92),
(1272, 'жестокий', 731.54),
(1273, 'житель', 213.33),
(1274, 'полюбить', 313.35),
(1275, 'полностью', 610.92),
(1276, 'заведение', 487.35),
(1277, 'палец', 305.99),
(1278, 'пересечь', 526.28),
(1279, 'зато', 536.15),
(1280, 'устройство', 828.74),
(1281, 'заплакать', 669.03),
(1282, 'выдержать', 772.96),
(1283, 'чем', 488.01),
(1284, 'лететь', 892.32),
(1285, 'возбуждение', 747.42),
(1286, 'мусор', 785.44),
(1287, 'видимо', 439.14),
(1288, 'выбирать', 300.06),
(1289, 'плясать', 335.48),
(1290, 'миг', 725.31),
(1291, 'товар', 364.15),
(1292, 'демократия', 795.78),
(1293, 'увеличиваться', 587.79),
(1294, 'провал', 777.16),
(1295, 'эпоха', 411.23),
(1296, 'школьный', 876.63),
(1297, 'картинка', 228.77),
(1298, 'цвет', 617.09),
(1299, 'кожа', 409.77),
(1300, 'ныне', 328.19),
(1301, 'направо', 226.82),
(1302, 'тревога', 58.62),
(1303, 'собеседник', 945.8),
(1304, 'хотеть', 945.53),
(1305, 'дремать', 717.05),
(1306, 'мера', 838.87),
(1307, 'непривычный', 623.47),
(1308, 'степь', 146.96),
(1309, 'премьера', 120.07),
(1310, 'пространство', 332.83),
(1311, 'художественный', 379.73),
(1312, 'экзамен', 372.53),
(1313, 'при', 360.74),
(1314, 'полюбить', 740.25),
(1315, 'славный', 766.39),
(1316, 'парень', 626.72),
(1317, 'кидать', 178.47),
(1318, 'металл', 521.87),
(1319, 'решение', 237.58),
(1320, 'изображать', 466.52),
(1321, 'порог', 232.82),
(1322, 'сутки', 758.51),
(1323, 'сомнительный', 476.42),
(1324, 'носок', 130.54),
(1325, 'призыв', 392.97),
(1326, 'социалистический', 667.04),
(1327, 'виднеться', 232.79),
(1328, 'адвокат', 654.87),
(1329, 'а', 124.44),
(1330, 'поколение', 193.67),
(1331, 'бровь', 178.04),
(1332, 'протягивать', 706.4),
(1333, 'девка', 214.74),
(1334, 'ручей', 777.48),
(1335, 'господь', 637.61),
(1336, 'прежде', 559.45),
(1337, 'печатать', 200),
(1338, 'прощение', 998.76),
(1339, 'вскакивать', 515.67),
(1340, 'мрачно', 658.28),
(1341, 'шлем', 164.29),
(1342, 'предоставить', 148.85),
(1343, 'привлекать', 244.78),
(1344, 'снимать', 209.17),
(1345, 'пространство', 206.35),
(1346, 'соответствие', 101.44),
(1347, 'угроза', 233.96),
(1348, 'командование', 624.47),
(1349, 'возмутиться', 762.24),
(1350, 'мера', 876.16),
(1351, 'вздрогнуть', 773.19),
(1352, 'за', 723.33),
(1353, 'блин', 957.32),
(1354, 'неожиданно', 625.08),
(1355, 'отъезд', 19),
(1356, 'точно', 477.98),
(1357, 'товар', 826.96),
(1358, 'ручей', 926.81),
(1359, 'поставить', 738.74),
(1360, 'сутки', 241.97),
(1361, 'дорогой', 400.55),
(1362, 'дрогнуть', 948.87),
(1363, 'полевой', 666.86),
(1364, 'рай', 32.73),
(1365, 'возможно', 725.43),
(1366, 'спалить', 913.36),
(1367, 'космос', 881.99),
(1368, 'выдержать', 469.69),
(1369, 'блин', 1000.05),
(1370, 'да', 262.05),
(1371, 'написать', 779.7),
(1372, 'равнодушный', 527.07),
(1373, 'житель', 402.72),
(1374, 'видимо', 962.92),
(1375, 'передо', 419.65),
(1376, 'развитый', 44.31),
(1377, 'прежний', 55.27),
(1378, 'ныне', 977.56),
(1379, 'конференция', 422.61),
(1380, 'низкий', 360.04),
(1381, 'решетка', 759.26),
(1382, 'нажать', 773.04),
(1383, 'нервно', 27.32),
(1384, 'парень', 647.71),
(1385, 'встать', 305.56),
(1386, 'горький', 551.16),
(1387, 'бабочка', 203.29),
(1388, 'успокоиться', 400.26),
(1389, 'крутой', 943.54),
(1390, 'засунуть', 214.99),
(1391, 'развернуться', 963.45),
(1392, 'падать', 624.14),
(1393, 'лететь', 129.55),
(1394, 'полоска', 232.03),
(1395, 'исполнять', 298.35),
(1396, 'сбросить', 685.83),
(1397, 'хотеть', 160.3),
(1398, 'правый', 86.53),
(1399, 'близко', 31.88),
(1400, 'носок', 306.85),
(1401, 'народ', 204.67),
(1402, 'интернет', 644.27),
(1403, 'выбирать', 556.87),
(1404, 'вариант', 889.62),
(1405, 'угроза', 613.02),
(1406, 'освобождение', 167.21),
(1407, 'дошлый', 83.71),
(1408, 'страсть', 893.86),
(1409, 'применяться', 870.42),
(1410, 'бак', 277.04),
(1411, 'затянуться', 907.13),
(1412, 'правление', 935.51),
(1413, 'девка', 162.71),
(1414, 'засунуть', 834.03),
(1415, 'рабочий', 122.34),
(1416, 'дьявол', 283.56),
(1417, 'возмутиться', 129.78),
(1418, 'рис', 802.08),
(1419, 'кузнец', 653.08),
(1420, 'танцевать', 379.33),
(1421, 'печатать', 334.62),
(1422, 'ставить', 608.17),
(1423, 'премьера', 739.47),
(1424, 'дружно', 373.78),
(1425, 'изучить', 672.08),
(1426, 'изображать', 33.61),
(1427, 'задрать', 970.84),
(1428, 'еврейский', 651.1),
(1429, 'точно', 720.55),
(1430, 'мучительно', 122.09),
(1431, 'необычный', 290.38),
(1432, 'опасность', 152.78),
(1433, 'изредка', 809.78),
(1434, 'хлеб', 504),
(1435, 'решетка', 448.75),
(1436, 'сынок', 990.75),
(1437, 'новый', 158.34),
(1438, 'миллиард', 374.17),
(1439, 'опасность', 456.42),
(1440, 'вскакивать', 513.24),
(1441, 'конференция', 387.51),
(1442, 'снимать', 75.52),
(1443, 'а', 399.44),
(1444, 'багровый', 815.71),
(1445, 'тяжелый', 117.13),
(1446, 'встать', 336.28),
(1447, 'исследование', 143.55),
(1448, 'самостоятельно', 303.46),
(1449, 'темнеть', 120.25),
(1450, 'ход', 666.27),
(1451, 'упор', 832.8),
(1452, 'экзамен', 790.77),
(1453, 'вперед', 757.93),
(1454, 'рис', 91.92),
(1455, 'салон', 440.81),
(1456, 'подземный', 582.6),
(1457, 'упорно', 444.6),
(1458, 'другой', 458.73),
(1459, 'какой', 754.26),
(1460, 'казнь', 764.4),
(1461, 'оборот', 172.14),
(1462, 'стакан', 256.91),
(1463, 'достоинство', 111.26),
(1464, 'издали', 441.63),
(1465, 'другой', 192.51),
(1466, 'мрачно', 68.12),
(1467, 'передо', 515.83),
(1468, 'находить', 616.62),
(1469, 'некоторый', 513.14),
(1470, 'передо', 636.41),
(1471, 'дальний', 560.24),
(1472, 'секунда', 479.45),
(1473, 'валюта', 719.92),
(1474, 'выбирать', 158.33),
(1475, 'вздрогнуть', 689.44),
(1476, 'карман', 329.42),
(1477, 'совет', 310.61),
(1478, 'казнь', 627.74),
(1479, 'постоянный', 66.7),
(1480, 'сынок', 237.79),
(1481, 'другой', 662.48),
(1482, 'правление', 477.01),
(1483, 'войти', 473.15),
(1484, 'пространство', 530.48),
(1485, 'присесть', 85.17),
(1486, 'миллиард', 543.32),
(1487, 'бригада', 290.72),
(1488, 'полоска', 195.06),
(1489, 'монета', 985.81),
(1490, 'задрать', 245.82),
(1491, 'единый', 249.75),
(1492, 'смертельный', 460.38),
(1493, 'парень', 327.42),
(1494, 'обида', 354.53),
(1495, 'пространство', 780.51),
(1496, 'решетка', 914.31),
(1497, 'мимо', 845.16),
(1498, 'потрясти', 426.88),
(1499, 'уточнить', 415.59),
(1500, 'применяться', 934.96),
(1501, 'еврейский', 777.5),
(1502, 'предоставить', 863.32),
(1503, 'секунда', 238.38),
(1504, 'слать', 211.51),
(1505, 'цель', 326.38),
(1506, 'анализ', 616.75),
(1507, 'покинуть', 858.12),
(1508, 'девка', 478.27),
(1509, 'основание', 128.8),
(1510, 'совещание', 27.1),
(1511, 'важный', 151.23),
(1512, 'аж', 431.28),
(1513, 'непривычный', 802.37),
(1514, 'приличный', 588.77),
(1515, 'казнь', 633.93),
(1516, 'госпожа', 546.22),
(1517, 'кидать', 481.77),
(1518, 'цель', 537.46),
(1519, 'передо', 662.07),
(1520, 'сомнительный', 515.12),
(1521, 'о', 862.46),
(1522, 'жидкий', 538.92),
(1523, 'белье', 191.02),
(1524, 'зарплата', 420.33),
(1525, 'успокоиться', 304.36),
(1526, 'шлем', 183.15),
(1527, 'художественный', 27.87),
(1528, 'рота', 771.13),
(1529, 'куча', 40.58),
(1530, 'угроза', 668.6),
(1531, 'премьера', 137.91),
(1532, 'беспомощный', 478.92),
(1533, 'прошептать', 75.02),
(1534, 'назначить', 262.48),
(1535, 'сустав', 91.38),
(1536, 'темнеть', 118.86),
(1537, 'тревога', 936.27),
(1538, 'пасть', 752.99),
(1539, 'важный', 427.7),
(1540, 'заложить', 173.46),
(1541, 'хозяйка', 493.92),
(1542, 'перебивать', 619.23),
(1543, 'космос', 152.16),
(1544, 'функция', 469.25),
(1545, 'рассуждение', 253.76),
(1546, 'цвет', 239.19),
(1547, 'командование', 519.88),
(1548, 'висеть', 576.6),
(1549, 'торговля', 864.99),
(1550, 'функция', 792.17),
(1551, 'труп', 691.01),
(1552, 'дорогой', 828.88),
(1553, 'банк', 483.86),
(1554, 'выражение', 499.17),
(1555, 'второй', 381.31),
(1556, 'исполнять', 252.57),
(1557, 'сынок', 448.02),
(1558, 'каюта', 178.45),
(1559, 'банк', 183.69),
(1560, 'успокоиться', 827.85),
(1561, 'мелькнуть', 36.42),
(1562, 'прежде', 617.08),
(1563, 'металл', 32.11),
(1564, 'проход', 691.35),
(1565, 'засунуть', 581.72),
(1566, 'слишком', 925.6),
(1567, 'мусор', 252.74),
(1568, 'написать', 33.03),
(1569, 'пересечь', 116.61),
(1570, 'соответствие', 799.36),
(1571, 'совещание', 532.66),
(1572, 'слишком', 606.44),
(1573, 'выдержать', 299.29),
(1574, 'бетонный', 164.85),
(1575, 'солнце', 181.76),
(1576, 'редактор', 877.88),
(1577, 'ломать', 629.34),
(1578, 'второй', 869.12),
(1579, 'трясти', 27.24),
(1580, 'столетие', 958.9),
(1581, 'выражаться', 999.09),
(1582, 'а', 509.36),
(1583, 'народ', 892.18),
(1584, 'зато', 580.08),
(1585, 'заплакать', 261.39),
(1586, 'сходить', 645.84),
(1587, 'число', 860.54),
(1588, 'сустав', 977.4),
(1589, 'хлеб', 823.81),
(1590, 'порт', 924.84),
(1591, 'вчера', 372.26),
(1592, 'единый', 437.11),
(1593, 'космос', 910.34),
(1594, 'деньги', 614.61),
(1595, 'функция', 701.78),
(1596, 'механический', 856.62),
(1597, 'художественный', 919.58),
(1598, 'ночь', 110.81),
(1599, 'следовательно', 574.19),
(1600, 'дрогнуть', 98.39),
(1601, 'реклама', 300.3),
(1602, 'ботинок', 858.96),
(1603, 'добиться', 611.15),
(1604, 'решетка', 337.87),
(1605, 'намерение', 119.2),
(1606, 'налоговый', 942.27),
(1607, 'домашний', 606.91),
(1608, 'светило', 709.34),
(1609, 'тусклый', 553.27),
(1610, 'очередной', 138.28),
(1611, 'сходить', 625.69),
(1612, 'чувство', 578.1),
(1613, 'что', 834.91),
(1614, 'слишком', 68.04),
(1615, 'поезд', 572.99),
(1616, 'скрытый', 298.63),
(1617, 'человечек', 753.16),
(1618, 'приличный', 274.82),
(1619, 'факультет', 493.28),
(1620, 'фонарик', 650.57),
(1621, 'умолять', 980.83),
(1622, 'остановить', 583),
(1623, 'бегать', 384.06),
(1624, 'основание', 565.84),
(1625, 'через', 544.53),
(1626, 'рассуждение', 632.26),
(1627, 'еврейский', 520.2),
(1628, 'шлем', 938.42),
(1629, 'конструкция', 213.59),
(1630, 'спалить', 606.74),
(1631, 'монета', 370.82),
(1632, 'плод', 525.27),
(1633, 'бригада', 741.48),
(1634, 'валюта', 518.44),
(1635, 'устройство', 482.58),
(1636, 'райком', 139.9),
(1637, 'чувство', 501.04),
(1638, 'возможно', 529.26),
(1639, 'школьный', 768.69),
(1640, 'кидать', 467.1),
(1641, 'степь', 171.68),
(1642, 'поздравлять', 967.64),
(1643, 'запустить', 47.49),
(1644, 'покидать', 462.02),
(1645, 'князь', 156.32),
(1646, 'виднеться', 545.23),
(1647, 'совет', 491.93),
(1648, 'фонарик', 689.59),
(1649, 'мрачно', 50.83),
(1650, 'светило', 808.82),
(1651, 'налоговый', 500.46),
(1652, 'важный', 325.47),
(1653, 'тревога', 42.05),
(1654, 'основание', 973.95),
(1655, 'ленинград', 511.64),
(1656, 'армейский', 364.2),
(1657, 'растеряться', 508.13),
(1658, 'заработать', 259.64),
(1659, 'затянуться', 476.08),
(1660, 'господь', 693.54),
(1661, 'деньги', 945.96),
(1662, 'ломать', 354.09),
(1663, 'девка', 797.73),
(1664, 'вообще', 690.85),
(1665, 'присесть', 134.76),
(1666, 'провинция', 351.27),
(1667, 'развитый', 782.05),
(1668, 'запретить', 603.93),
(1669, 'нервно', 533.38),
(1670, 'дыхание', 892.61),
(1671, 'интеллектуальный', 46.97),
(1672, 'анализ', 694.12),
(1673, 'белье', 112.66),
(1674, 'механический', 63.47),
(1675, 'академик', 297.74),
(1676, 'скрытый', 291.95),
(1677, 'космос', 136.86),
(1678, 'видимо', 102.83),
(1679, 'беспомощный', 412.75),
(1680, 'изба', 274.66),
(1681, 'интернет', 45.31),
(1682, 'радость', 863.03),
(1683, 'дурацкий', 236.78),
(1684, 'чем', 522.15),
(1685, 'голубчик', 501.92),
(1686, 'лапа', 381.62),
(1687, 'посвятить', 188.06),
(1688, 'июнь', 657.92),
(1689, 'граница', 575.4),
(1690, 'дрогнуть', 304.29),
(1691, 'необычный', 169.49),
(1692, 'порядок', 91.4),
(1693, 'банда', 647.18),
(1694, 'бетонный', 176.1),
(1695, 'кожа', 981.91),
(1696, 'бок', 542.83),
(1697, 'уничтожение', 250.51),
(1698, 'поймать', 631.03),
(1699, 'спичка', 625.52),
(1700, 'казнь', 3.87),
(1701, 'счастье', 602.21),
(1702, 'плясать', 128.26),
(1703, 'крыса', 768.75),
(1704, 'наткнуться', 491.91),
(1705, 'шлем', 573.68),
(1706, 'цвет', 352.88),
(1707, 'подробность', 881.87),
(1708, 'ныне', 803.07),
(1709, 'изменение', 608.58),
(1710, 'вздрагивать', 438.96),
(1711, 'художественный', 899.37),
(1712, 'постоянный', 72.69),
(1713, 'миллиард', 873.43),
(1714, 'механический', 442.1),
(1715, 'развернуться', 516.02),
(1716, 'бригада', 493.84),
(1717, 'о', 938.41),
(1718, 'горький', 132.19),
(1719, 'направо', 935.92),
(1720, 'спасть', 717.58),
(1721, 'исполнять', 758.66),
(1722, 'посвятить', 383.9),
(1723, 'деловой', 972.9),
(1724, 'хотеть', 940.57),
(1725, 'чувство', 955.21),
(1726, 'тяжелый', 69.23),
(1727, 'тревога', 348.73),
(1728, 'юный', 219.59),
(1729, 'уничтожение', 133.7),
(1730, 'изба', 712.22),
(1731, 'угроза', 741.7),
(1732, 'посидеть', 824.54),
(1733, 'роса', 4.45),
(1734, 'точно', 651.24),
(1735, 'находить', 95.71),
(1736, 'второй', 89.75),
(1737, 'пастух', 977.89),
(1738, 'аллея', 125.2),
(1739, 'командующий', 204.83),
(1740, 'свежий', 276.88),
(1741, 'бок', 763.38),
(1742, 'проход', 89.32),
(1743, 'сустав', 78.52),
(1744, 'военный', 356.01),
(1745, 'нажать', 314.01),
(1746, 'сынок', 605.25),
(1747, 'монета', 795.65),
(1748, 'разуметься', 942.35),
(1749, 'ученый', 983.2),
(1750, 'задрать', 973.51),
(1751, 'даль', 672.31),
(1752, 'спасть', 271.12),
(1753, 'бетонный', 604.5),
(1754, 'оставить', 325.4),
(1755, 'находить', 72.09),
(1756, 'металл', 544.93),
(1757, 'интеллектуальный', 353.04),
(1758, 'встать', 235.69),
(1759, 'сравнение', 771.02),
(1760, 'изображать', 939.19),
(1761, 'торговля', 152.74),
(1762, 'пропаганда', 321.22),
(1763, 'понятный', 747.3),
(1764, 'следовательно', 781.66),
(1765, 'привлекать', 64.41),
(1766, 'пропадать', 191.64),
(1767, 'плод', 859.48),
(1768, 'что', 611.78),
(1769, 'мальчишка', 898.17),
(1770, 'парень', 153.86),
(1771, 'кпсс', 931.81),
(1772, 'второй', 866.06),
(1773, 'потянуться', 812.7),
(1774, 'второй', 187.81),
(1775, 'умолять', 190.24),
(1776, 'неожиданно', 326.65),
(1777, 'эффект', 544.1),
(1778, 'основание', 247.61),
(1779, 'лапа', 618.3),
(1780, 'построить', 795.02),
(1781, 'счастье', 763.77),
(1782, 'исполнять', 470.54),
(1783, 'пространство', 986.99),
(1784, 'ответить', 951.39),
(1785, 'разводить', 216.75),
(1786, 'сутки', 48.2),
(1787, 'возникновение', 616.35),
(1788, 'четко', 881.64),
(1789, 'пропадать', 213.12),
(1790, 'ночь', 822.29),
(1791, 'редактор', 356.83),
(1792, 'экзамен', 14.27),
(1793, 'наслаждение', 261.84),
(1794, 'задрать', 235.34),
(1795, 'соответствие', 349.46),
(1796, 'народ', 336.1),
(1797, 'провинция', 755.27),
(1798, 'белье', 72.53),
(1799, 'заработать', 763.93),
(1800, 'факультет', 883.05),
(1801, 'мягкий', 575.21),
(1802, 'четыре', 125.6),
(1803, 'тута', 372.09),
(1804, 'ручей', 279.37),
(1805, 'серьезный', 372.43),
(1806, 'коллектив', 88.63),
(1807, 'гулять', 772.87),
(1808, 'возбуждение', 104.62),
(1809, 'дремать', 705.29),
(1810, 'устройство', 66.27),
(1811, 'перебивать', 197.38),
(1812, 'дремать', 240.06),
(1813, 'столетие', 840.05),
(1814, 'ребятишки', 909.95),
(1815, 'славный', 761.07),
(1816, 'господь', 586.24),
(1817, 'плод', 349.2),
(1818, 'песня', 705.12),
(1819, 'угроза', 974.06),
(1820, 'разнообразный', 839.94),
(1821, 'мотоцикл', 124.36),
(1822, 'пропадать', 265.87),
(1823, 'деньги', 979.57),
(1824, 'предоставить', 455.61),
(1825, 'устройство', 609.55),
(1826, 'крыса', 368.58),
(1827, 'низкий', 602.23),
(1828, 'порог', 552.56),
(1829, 'носок', 967.94),
(1830, 'помолчать', 906.15),
(1831, 'остановить', 169.17),
(1832, 'уронить', 52.88),
(1833, 'появление', 95.67),
(1834, 'вытаскивать', 480.38),
(1835, 'тюрьма', 344.29),
(1836, 'назначить', 421.17),
(1837, 'эффект', 594.82),
(1838, 'коричневый', 215.01),
(1839, 'подземный', 864.06),
(1840, 'премьера', 498.17),
(1841, 'девка', 212.06),
(1842, 'бровь', 763.61),
(1843, 'вчера', 172.08),
(1844, 'функция', 24.18),
(1845, 'деловой', 569.87),
(1846, 'тута', 996.31),
(1847, 'пламя', 890.95),
(1848, 'невозможно', 591.68),
(1849, 'выдержать', 494.44),
(1850, 'следовательно', 536.41),
(1851, 'уничтожение', 647.18),
(1852, 'мрачно', 549.36),
(1853, 'разуметься', 823.03),
(1854, 'а', 249.45),
(1855, 'палата', 673.01),
(1856, 'казнь', 358.51),
(1857, 'бок', 201.28),
(1858, 'покидать', 448.69),
(1859, 'неожиданно', 696.25),
(1860, 'выражение', 515.88),
(1861, 'лапа', 570.85),
(1862, 'боец', 58.51),
(1863, 'инвалид', 576.85),
(1864, 'мотоцикл', 721.52),
(1865, 'кидать', 134.41),
(1866, 'вариант', 136.55),
(1867, 'смелый', 848.67),
(1868, 'сверкать', 731.18),
(1869, 'порода', 830.7),
(1870, 'рассуждение', 8.73),
(1871, 'более', 838.21),
(1872, 'тесно', 998.92),
(1873, 'грустный', 584.71),
(1874, 'девка', 352.02),
(1875, 'смелый', 979.51),
(1876, 'ручей', 926.13),
(1877, 'возбуждение', 847.06),
(1878, 'школьный', 783.1),
(1879, 'головной', 446.84),
(1880, 'космос', 595.23),
(1881, 'вообще', 916.93),
(1882, 'научить', 204.76),
(1883, 'хлеб', 91.35),
(1884, 'угроза', 356.71),
(1885, 'изображать', 649.96),
(1886, 'миг', 357.68),
(1887, 'палец', 970.43),
(1888, 'чем', 104.71),
(1889, 'необычный', 47.14),
(1890, 'результат', 380.81),
(1891, 'спасть', 445.88),
(1892, 'встать', 29.56),
(1893, 'адвокат', 131.47),
(1894, 'рабочий', 332.82),
(1895, 'мальчишка', 286.14),
(1896, 'необычный', 459.42),
(1897, 'изучить', 723.56),
(1898, 'неожиданно', 340.74),
(1899, 'изображать', 628.02),
(1900, 'наступать', 831.81),
(1901, 'господь', 950.01),
(1902, 'экзамен', 117.37),
(1903, 'пропадать', 106.63),
(1904, 'дрогнуть', 927.24),
(1905, 'лиловый', 386.09),
(1906, 'точно', 594.7),
(1907, 'инфекция', 15.27),
(1908, 'сынок', 298.86),
(1909, 'свежий', 989.67),
(1910, 'легко', 951.99),
(1911, 'тута', 924.71),
(1912, 'реклама', 760.62),
(1913, 'девка', 997.72),
(1914, 'другой', 285.83),
(1915, 'устройство', 531.27),
(1916, 'свежий', 550.65),
(1917, 'полюбить', 962.89),
(1918, 'сверкать', 176.04),
(1919, 'карандаш', 302.76),
(1920, 'отражение', 285.66),
(1921, 'крыса', 47.9),
(1922, 'дальний', 599),
(1923, 'трубка', 90.42),
(1924, 'район', 498.01),
(1925, 'функция', 364.03),
(1926, 'правый', 433.95),
(1927, 'доставать', 301.86),
(1928, 'разводить', 599.2),
(1929, 'функция', 940.23),
(1930, 'лиловый', 370.6),
(1931, 'потрясти', 442.88),
(1932, 'очко', 881.93),
(1933, 'карман', 171.08),
(1934, 'миллиард', 696.75),
(1935, 'плод', 350.62),
(1936, 'изменение', 250.72),
(1937, 'вообще', 221.26),
(1938, 'снимать', 801.14),
(1939, 'сохранять', 900.56),
(1940, 'заработать', 236.36),
(1941, 'жидкий', 396.54),
(1942, 'заявление', 471.2),
(1943, 'выбирать', 749.74),
(1944, 'военный', 608.54),
(1945, 'умирать', 9.79),
(1946, 'слать', 279.53),
(1947, 'собеседник', 341.88),
(1948, 'покидать', 432.89),
(1949, 'монета', 338.45),
(1950, 'господь', 471.82),
(1951, 'поговорить', 177.82),
(1952, 'поймать', 241.76),
(1953, 'смелый', 375.08),
(1954, 'помимо', 509.38),
(1955, 'факультет', 182.96),
(1956, 'райком', 64.13),
(1957, 'мальчишка', 155.38),
(1958, 'багровый', 136.01),
(1959, 'голубчик', 604.9),
(1960, 'сустав', 499.47),
(1961, 'важный', 669.7),
(1962, 'карандаш', 67.25),
(1963, 'инфекция', 288.22),
(1964, 'князь', 311.12),
(1965, 'плод', 631.61),
(1966, 'обида', 322.44),
(1967, 'армейский', 7.52),
(1968, 'оставить', 440.34),
(1969, 'спорт', 415.28),
(1970, 'сомнительный', 515.97),
(1971, 'невыносимый', 7.92),
(1972, 'второй', 684.4),
(1973, 'прелесть', 149.27),
(1974, 'указанный', 744.7),
(1975, 'радость', 925.63),
(1976, 'решение', 465.33),
(1977, 'за', 773.34),
(1978, 'выражение', 508.35),
(1979, 'сверкающий', 342.1),
(1980, 'темнеть', 826.42),
(1981, 'дрогнуть', 38.06),
(1982, 'интеллектуальный', 179.93),
(1983, 'виднеться', 127.91),
(1984, 'мотоцикл', 634.81),
(1985, 'сохранять', 287.56),
(1986, 'услать', 470.55),
(1987, 'сутки', 301.77),
(1988, 'роса', 673.27),
(1989, 'совещание', 320.86),
(1990, 'пробовать', 935.11),
(1991, 'увеличиваться', 371.96),
(1992, 'забирать', 619.52),
(1993, 'передо', 524.04),
(1994, 'монета', 433.09),
(1995, 'бегать', 357.33),
(1996, 'полоска', 470.7),
(1997, 'означать', 305.01),
(1998, 'кпсс', 402.08),
(1999, 'прелесть', 396.18),
(2000, 'сверкать', 565.68),
(2001, 'ярко', 400.94),
(2002, 'смертельный', 348.4),
(2003, 'команда', 78.16),
(2004, 'налоговый', 119.88),
(2005, 'тревога', 443.79),
(2006, 'вперед', 122.47),
(2007, 'избегать', 197.55),
(2008, 'невозможно', 498.65),
(2009, 'народ', 895.44),
(2010, 'монета', 912.22),
(2011, 'направо', 516.62),
(2012, 'постоянный', 218.34),
(2013, 'основание', 761.08),
(2014, 'висеть', 13.14),
(2015, 'построить', 292.47),
(2016, 'функция', 395.47),
(2017, 'приличный', 571.43),
(2018, 'цель', 611.21),
(2019, 'заплакать', 314.93),
(2020, 'видимо', 885.2),
(2021, 'виднеться', 662.43),
(2022, 'опасность', 167.75),
(2023, 'наткнуться', 819.73),
(2024, 'поезд', 599.6),
(2025, 'граница', 286.97),
(2026, 'неправда', 282.17),
(2027, 'эффект', 498.61),
(2028, 'степь', 686.48),
(2029, 'призыв', 977.77),
(2030, 'грустный', 918.5),
(2031, 'сверкающий', 590.21),
(2032, 'демократия', 653.51),
(2033, 'потом', 728.68),
(2034, 'коммунизм', 240.85),
(2035, 'ведь', 344.56),
(2036, 'магазин', 311.24),
(2037, 'рассуждение', 516.34),
(2038, 'вообще', 448),
(2039, 'лиловый', 429.95),
(2040, 'вскакивать', 501.21),
(2041, 'головка', 354.93),
(2042, 'некоторый', 647.99);
INSERT INTO `products` (`id`, `title`, `price`) VALUES
(2043, 'опасность', 953.75),
(2044, 'налоговый', 975.12),
(2045, 'процесс', 348.85),
(2046, 'непривычный', 193.9),
(2047, 'выкинуть', 189.46),
(2048, 'написать', 422.09),
(2049, 'перебивать', 717.17),
(2050, 'сверкающий', 578.08),
(2051, 'магазин', 405.81),
(2052, 'граница', 481.75),
(2053, 'да', 491.8),
(2054, 'секунда', 641.67),
(2055, 'эффект', 58.3),
(2056, 'мрачно', 702.91),
(2057, 'дурацкий', 623.73),
(2058, 'премьера', 728.67),
(2059, 'подробность', 491.8),
(2060, 'дошлый', 958.84),
(2061, 'пространство', 997.24),
(2062, 'заплакать', 462.13),
(2063, 'чем', 165.79),
(2064, 'налоговый', 4.9),
(2065, 'вытаскивать', 280.67),
(2066, 'потом', 276.67),
(2067, 'приличный', 812.65),
(2068, 'тута', 330.33),
(2069, 'роса', 548.28),
(2070, 'приятель', 76.68),
(2071, 'мера', 461.01),
(2072, 'пасть', 888.51),
(2073, 'настать', 441.16),
(2074, 'аж', 732.66),
(2075, 'вздрагивать', 740.31),
(2076, 'упорно', 454.43),
(2077, 'блин', 351.59),
(2078, 'монета', 238.42),
(2079, 'освобождение', 610.49),
(2080, 'гулять', 620.29),
(2081, 'спорт', 710.14),
(2082, 'теория', 792.48),
(2083, 'валюта', 768.66),
(2084, 'выбирать', 625.52),
(2085, 'приходить', 663.76),
(2086, 'бочок', 75.86),
(2087, 'актриса', 266.66),
(2088, 'равнодушный', 486.38),
(2089, 'коричневый', 915.34),
(2090, 'бочок', 640.62),
(2091, 'уничтожение', 702.85),
(2092, 'за', 472.97),
(2093, 'плод', 879.34),
(2094, 'плавно', 220.23),
(2095, 'помолчать', 811.45),
(2096, 'домашний', 915.39),
(2097, 'грустный', 807.22),
(2098, 'а', 242.83),
(2099, 'изредка', 957.55),
(2100, 'услать', 845.37),
(2101, 'опасность', 342.46),
(2102, 'полностью', 166.54),
(2103, 'редактор', 185.79),
(2104, 'выгнать', 707.12),
(2105, 'сохранять', 22.88),
(2106, 'песня', 376.84),
(2107, 'уронить', 170.06),
(2108, 'полностью', 902.07),
(2109, 'невозможно', 29.25),
(2110, 'а', 959.14),
(2111, 'идея', 691.39),
(2112, 'услать', 208.67),
(2113, 'степь', 507.17),
(2114, 'падаль', 229.69),
(2115, 'угроза', 585.72),
(2116, 'радость', 722.59),
(2117, 'райком', 640.94),
(2118, 'направо', 200.64),
(2119, 'недостаток', 828.08),
(2120, 'выразить', 418.25),
(2121, 'подробность', 917.15),
(2122, 'естественный', 587.96),
(2123, 'страсть', 209.7),
(2124, 'лететь', 98.52),
(2125, 'предоставить', 970.68),
(2126, 'господь', 118.38),
(2127, 'горький', 25.68),
(2128, 'народ', 582.96),
(2129, 'крутой', 241.4),
(2130, 'трубка', 978.72),
(2131, 'запустить', 179.4),
(2132, 'избегать', 181.18),
(2133, 'понятный', 673.58),
(2134, 'забирать', 491.21),
(2135, 'сынок', 193.62),
(2136, 'правление', 500.59),
(2137, 'уронить', 863.12),
(2138, 'пространство', 134.35),
(2139, 'коммунизм', 589.65),
(2140, 'ремень', 779.19),
(2141, 'через', 80.65),
(2142, 'выражаться', 514.86),
(2143, 'табак', 43.63),
(2144, 'передо', 156.49),
(2145, 'развернуться', 300.53),
(2146, 'а', 956.45),
(2147, 'пасть', 183.96),
(2148, 'демократия', 237.77),
(2149, 'полностью', 63.48),
(2150, 'слать', 773.91),
(2151, 'полоска', 889.38),
(2152, 'близко', 386.05),
(2153, 'отражение', 231.81),
(2154, 'неожиданно', 678.42),
(2155, 'космос', 595.66),
(2156, 'природа', 554.55),
(2157, 'достоинство', 813.32),
(2158, 'командование', 158.75),
(2159, 'счастье', 985.6),
(2160, 'рассуждение', 799.77),
(2161, 'спешить', 471.04),
(2162, 'дыхание', 190.51),
(2163, 'необычный', 408.46),
(2164, 'доставать', 12.01),
(2165, 'еврейский', 100.19),
(2166, 'а', 126.41),
(2167, 'совет', 496.04),
(2168, 'сверкать', 940.34),
(2169, 'приятель', 329.9),
(2170, 'пастух', 756.88),
(2171, 'торговля', 49.58),
(2172, 'войти', 983.22),
(2173, 'заложить', 300.54),
(2174, 'танцевать', 367.28),
(2175, 'выражаться', 805.86),
(2176, 'о', 782.25),
(2177, 'слишком', 273.6),
(2178, 'полоска', 66.24),
(2179, 'фонарик', 258.81),
(2180, 'спасть', 315.39),
(2181, 'блин', 58.39),
(2182, 'равнодушный', 668.48),
(2183, 'роса', 967.75),
(2184, 'желание', 464.44),
(2185, 'вывести', 198.62),
(2186, 'соответствие', 332.76),
(2187, 'полоска', 940.29),
(2188, 'сверкать', 442.63),
(2189, 'перебивать', 283.3),
(2190, 'висеть', 476.77),
(2191, 'изучить', 736.77),
(2192, 'неудобно', 744.86),
(2193, 'да', 476.73),
(2194, 'июнь', 674.09),
(2195, 'наткнуться', 563.27),
(2196, 'набор', 224.76),
(2197, 'ложиться', 985.89),
(2198, 'научить', 697.15),
(2199, 'привлекать', 5.99),
(2200, 'мягкий', 142.17),
(2201, 'адвокат', 647.62),
(2202, 'белье', 101.21),
(2203, 'лапа', 268.32),
(2204, 'развернуться', 2.94),
(2205, 'монета', 147.16),
(2206, 'спорт', 590.27),
(2207, 'секунда', 701.24),
(2208, 'неожиданный', 819.06),
(2209, 'райком', 169.98),
(2210, 'один', 844.57),
(2211, 'отметить', 247.91),
(2212, 'хотеть', 373.83),
(2213, 'доставать', 823.44),
(2214, 'новый', 780.83),
(2215, 'мусор', 442.48),
(2216, 'деловой', 862.22),
(2217, 'трясти', 563.2),
(2218, 'пропасть', 139.19),
(2219, 'выраженный', 222.44),
(2220, 'покинуть', 60.8),
(2221, 'понятный', 266.86),
(2222, 'мучительно', 956),
(2223, 'багровый', 43.33),
(2224, 'налоговый', 965.82),
(2225, 'неправда', 907.04),
(2226, 'штаб', 120),
(2227, 'мотоцикл', 532.45),
(2228, 'потрясти', 490.44),
(2229, 'слать', 100.57),
(2230, 'зачем', 426.43),
(2231, 'некоторый', 151.12),
(2232, 'при', 456.98),
(2233, 'домашний', 31.75),
(2234, 'очко', 899.9),
(2235, 'госпожа', 350.87),
(2236, 'мгновение', 479.78),
(2237, 'солнце', 657.7),
(2238, 'коммунизм', 480.96),
(2239, 'бабочка', 961.61),
(2240, 'освободить', 757.68),
(2241, 'инструкция', 381.84),
(2242, 'бетонный', 888.76),
(2243, 'недостаток', 468.04),
(2244, 'монета', 478.19),
(2245, 'зима', 224.28),
(2246, 'природа', 197.88),
(2247, 'слать', 143.14),
(2248, 'пересечь', 109.46),
(2249, 'выраженный', 622.59),
(2250, 'видимо', 629.38),
(2251, 'юный', 256.69),
(2252, 'тюрьма', 173.7),
(2253, 'провинция', 897.84),
(2254, 'радость', 171.53),
(2255, 'отъезд', 737.75),
(2256, 'перебивать', 568.72),
(2257, 'столетие', 633.59),
(2258, 'кпсс', 949.4),
(2259, 'невыносимый', 498.08),
(2260, 'хотеть', 784.99),
(2261, 'спалить', 474.96),
(2262, 'выкинуть', 446.46),
(2263, 'мера', 1000.61),
(2264, 'ложиться', 603.29),
(2265, 'ручей', 723.72),
(2266, 'ботинок', 122.31),
(2267, 'демократия', 703.14),
(2268, 'виднеться', 941.46),
(2269, 'банда', 146.08),
(2270, 'цвет', 545.75),
(2271, 'близко', 75.95),
(2272, 'низкий', 989.7),
(2273, 'команда', 389.69),
(2274, 'столетие', 63.17),
(2275, 'набор', 72.16),
(2276, 'указанный', 645.38),
(2277, 'палата', 275.29),
(2278, 'настать', 891.38),
(2279, 'возбуждение', 926.87),
(2280, 'находить', 804.27),
(2281, 'покидать', 262.98),
(2282, 'выбирать', 117.59),
(2283, 'ленинград', 195.03),
(2284, 'второй', 729.4),
(2285, 'ягода', 356.25),
(2286, 'ленинград', 790.15),
(2287, 'пасть', 451.76),
(2288, 'возможно', 59.46),
(2289, 'сопровождаться', 878.35),
(2290, 'столетие', 991.24),
(2291, 'костер', 121.43),
(2292, 'очередной', 328.05),
(2293, 'кидать', 410.59),
(2294, 'бабочка', 97.96),
(2295, 'прелесть', 324.5),
(2296, 'военный', 933.65),
(2297, 'неудобно', 86.74),
(2298, 'заработать', 295.18),
(2299, 'идея', 301.74),
(2300, 'развернуться', 689.57),
(2301, 'какой', 492.27),
(2302, 'сутки', 634.12),
(2303, 'тута', 817.84),
(2304, 'видимо', 19.33),
(2305, 'интернет', 2.43),
(2306, 'чувство', 115.32),
(2307, 'заведение', 635.28),
(2308, 'избегать', 699.08),
(2309, 'кпсс', 198.01),
(2310, 'развитый', 478.31),
(2311, 'вряд', 710.67),
(2312, 'картинка', 321.8),
(2313, 'пятеро', 815.76),
(2314, 'добиться', 187.59),
(2315, 'редактор', 129.56),
(2316, 'наслаждение', 693.61),
(2317, 'падать', 723.95),
(2318, 'тюрьма', 39.62),
(2319, 'уничтожение', 727.53),
(2320, 'бак', 122.88),
(2321, 'достоинство', 749.45),
(2322, 'неправда', 12.5),
(2323, 'бегать', 578.65),
(2324, 'коробка', 43.36),
(2325, 'увеличиваться', 409.42),
(2326, 'провал', 377.62),
(2327, 'бочок', 93.48),
(2328, 'лететь', 443.85),
(2329, 'манера', 723.27),
(2330, 'сопровождаться', 892.52),
(2331, 'художественный', 65.42),
(2332, 'конференция', 940.33),
(2333, 'жестокий', 571.28),
(2334, 'построить', 357.06),
(2335, 'кпсс', 70.66),
(2336, 'носок', 83.33),
(2337, 'природа', 518.61),
(2338, 'поставить', 453.14),
(2339, 'бригада', 207.45),
(2340, 'карандаш', 29.51),
(2341, 'возбуждение', 34.6),
(2342, 'магазин', 169.06),
(2343, 'костер', 860.92),
(2344, 'полюбить', 377.21),
(2345, 'июнь', 102.61),
(2346, 'угроза', 774.54),
(2347, 'дальний', 157.37),
(2348, 'мелькнуть', 845.93),
(2349, 'неожиданно', 116.88),
(2350, 'увеличиваться', 218.41),
(2351, 'князь', 797.32),
(2352, 'девка', 149.6),
(2353, 'район', 469.22),
(2354, 'зарплата', 658.5),
(2355, 'цель', 174.81),
(2356, 'упорно', 997.93),
(2357, 'сходить', 411.41),
(2358, 'естественный', 522.67),
(2359, 'посвятить', 669.68),
(2360, 'второй', 634.06),
(2361, 'угодный', 621.58),
(2362, 'пространство', 499.59),
(2363, 'устройство', 947.77),
(2364, 'помимо', 343.2),
(2365, 'очутиться', 146.99),
(2366, 'конструкция', 28.29),
(2367, 'научить', 641.49),
(2368, 'помимо', 660.93),
(2369, 'рай', 216.93),
(2370, 'задержать', 703.17),
(2371, 'поезд', 628.8),
(2372, 'ложиться', 497.98),
(2373, 'казнь', 207.54),
(2374, 'горький', 546.42),
(2375, 'перебивать', 563.06),
(2376, 'волк', 202.88),
(2377, 'сомнительный', 581.7),
(2378, 'бочок', 483.64),
(2379, 'бак', 975.35),
(2380, 'новый', 95.16),
(2381, 'увеличиваться', 54.19),
(2382, 'прощение', 555.91),
(2383, 'пламя', 897.96),
(2384, 'запретить', 697.69),
(2385, 'палата', 222.77),
(2386, 'приятель', 678.93),
(2387, 'цвет', 838.13),
(2388, 'новый', 244.7),
(2389, 'некоторый', 243.57),
(2390, 'спорт', 571.29),
(2391, 'упорно', 707.71),
(2392, 'коробка', 558.35),
(2393, 'конференция', 250.23),
(2394, 'добиться', 420.9),
(2395, 'мрачно', 969.09),
(2396, 'решение', 943.6),
(2397, 'угол', 483.64),
(2398, 'триста', 73.8),
(2399, 'монета', 307.02),
(2400, 'господь', 658.18),
(2401, 'провал', 531.42),
(2402, 'слишком', 253.35),
(2403, 'достоинство', 461.08),
(2404, 'необычный', 333.82),
(2405, 'выдержать', 325.16),
(2406, 'район', 578.65),
(2407, 'еврейский', 134.84),
(2408, 'граница', 467.18),
(2409, 'темнеть', 455.81),
(2410, 'зарплата', 778.47),
(2411, 'близко', 703.26),
(2412, 'товар', 419.93),
(2413, 'приятель', 616.25),
(2414, 'народ', 781.28),
(2415, 'госпожа', 402.16),
(2416, 'прелесть', 626.35),
(2417, 'выбирать', 671.34),
(2418, 'растеряться', 391.48),
(2419, 'прелесть', 61.67),
(2420, 'салон', 88.98),
(2421, 'порядок', 475.85),
(2422, 'лететь', 15.58),
(2423, 'багровый', 711.88),
(2424, 'разнообразный', 478.89),
(2425, 'другой', 964.22),
(2426, 'торопливый', 811.45),
(2427, 'протягивать', 449.62),
(2428, 'смеяться', 781.81),
(2429, 'запустить', 520.18),
(2430, 'совещание', 205.85),
(2431, 'миллиард', 276.31),
(2432, 'ход', 370.39),
(2433, 'подземный', 716.7),
(2434, 'важный', 690.98),
(2435, 'провал', 569.42),
(2436, 'намерение', 689.13),
(2437, 'носок', 429.47),
(2438, 'добиться', 438.37),
(2439, 'художественный', 638.1),
(2440, 'эпоха', 152.07),
(2441, 'витрина', 735.07),
(2442, 'парень', 492.21),
(2443, 'секунда', 480.9),
(2444, 'порт', 687.13),
(2445, 'адвокат', 994.76),
(2446, 'инструкция', 647.39),
(2447, 'ярко', 911.19),
(2448, 'сверкающий', 874.2),
(2449, 'зато', 807.77),
(2450, 'обида', 131.1),
(2451, 'пространство', 81.25),
(2452, 'домашний', 732.41),
(2453, 'пробовать', 259.91),
(2454, 'посвятить', 76.76),
(2455, 'госпожа', 51.13),
(2456, 'поставить', 370.94),
(2457, 'ложиться', 744.45),
(2458, 'нож', 870.24),
(2459, 'коричневый', 853.86),
(2460, 'поезд', 768.93),
(2461, 'угроза', 504.71),
(2462, 'сравнение', 102.58),
(2463, 'угол', 749.53),
(2464, 'школьный', 889.22),
(2465, 'снимать', 843.74),
(2466, 'мучительно', 552.87),
(2467, 'вытаскивать', 287.72),
(2468, 'забирать', 735.16),
(2469, 'плавно', 768.65),
(2470, 'эпоха', 278.22),
(2471, 'уничтожение', 418.13),
(2472, 'угроза', 3.18),
(2473, 'палец', 512.74),
(2474, 'табак', 439.37),
(2475, 'низкий', 345.66),
(2476, 'казнь', 966.76),
(2477, 'ставить', 32.82),
(2478, 'выражаться', 303.82),
(2479, 'тяжелый', 797.92),
(2480, 'костер', 873.38),
(2481, 'пересечь', 829.55),
(2482, 'остановить', 369.81),
(2483, 'полоска', 994.66),
(2484, 'военный', 66.83),
(2485, 'вперед', 889.96),
(2486, 'бровь', 470.05),
(2487, 'мальчишка', 802.07),
(2488, 'ломать', 324.33),
(2489, 'понятный', 528.06),
(2490, 'кузнец', 99.58),
(2491, 'вообще', 696.66),
(2492, 'вряд', 245.09),
(2493, 'да', 105.44),
(2494, 'стакан', 70.83),
(2495, 'головка', 652.67),
(2496, 'тусклый', 186.39),
(2497, 'цвет', 102.52),
(2498, 'правление', 746.47),
(2499, 'научить', 201.8),
(2500, 'прошептать', 952.39),
(2501, 'банк', 321.61),
(2502, 'военный', 636.12),
(2503, 'торопливый', 710.74),
(2504, 'боец', 233.38),
(2505, 'заявление', 308.24),
(2506, 'ботинок', 543.17),
(2507, 'написать', 623.48),
(2508, 'прежний', 382.62),
(2509, 'дремать', 136.89),
(2510, 'расстегнуть', 929.51),
(2511, 'госпожа', 724.01),
(2512, 'что', 849.53),
(2513, 'трясти', 720.47),
(2514, 'способ', 219.37),
(2515, 'металл', 641.36),
(2516, 'кольцо', 888.45),
(2517, 'сбросить', 799.65),
(2518, 'дошлый', 666.09),
(2519, 'успокоиться', 20.18),
(2520, 'покидать', 523.54),
(2521, 'четко', 382.9),
(2522, 'полевой', 499.47),
(2523, 'неудобно', 816.55),
(2524, 'вскакивать', 300.76),
(2525, 'изредка', 399.13),
(2526, 'коробка', 275.25),
(2527, 'командующий', 274.65),
(2528, 'монета', 56.22),
(2529, 'растеряться', 743.83),
(2530, 'вытаскивать', 371.08),
(2531, 'подробность', 216.25),
(2532, 'невыносимый', 335.44),
(2533, 'горький', 705.26),
(2534, 'передо', 786.93),
(2535, 'пятеро', 238.77),
(2536, 'разнообразный', 647.3),
(2537, 'беспомощный', 893.05),
(2538, 'пропасть', 322.47),
(2539, 'избегать', 941.76),
(2540, 'спалить', 204.76),
(2541, 'правый', 766.23),
(2542, 'боец', 135.38),
(2543, 'находить', 339.31),
(2544, 'угодный', 309.57),
(2545, 'печатать', 686.64),
(2546, 'выражение', 381.13),
(2547, 'палата', 404.48),
(2548, 'войти', 341.22),
(2549, 'спасть', 771.04),
(2550, 'разуметься', 875.11),
(2551, 'услать', 641.61),
(2552, 'число', 49.16),
(2553, 'низкий', 674.79),
(2554, 'угроза', 791.37),
(2555, 'теория', 299.36),
(2556, 'вытаскивать', 226.98),
(2557, 'прежде', 386.27),
(2558, 'казнь', 618.75),
(2559, 'очко', 630.72),
(2560, 'число', 950.67),
(2561, 'сверкать', 333.73),
(2562, 'командующий', 296.24),
(2563, 'смеяться', 567.14),
(2564, 'прежний', 35.63),
(2565, 'господь', 715.31),
(2566, 'правление', 913.47),
(2567, 'академик', 165.89),
(2568, 'еврейский', 59.44),
(2569, 'изображать', 337.08),
(2570, 'цепочка', 237.29),
(2571, 'медицина', 679.12),
(2572, 'носок', 295.12),
(2573, 'потянуться', 697.2),
(2574, 'присесть', 945.43),
(2575, 'направо', 550.63),
(2576, 'степь', 979.84),
(2577, 'помимо', 535.09),
(2578, 'засунуть', 178.65),
(2579, 'правильный', 321.14),
(2580, 'конференция', 754.25),
(2581, 'предоставить', 93.63),
(2582, 'парень', 965.63),
(2583, 'полевой', 149.64),
(2584, 'протягивать', 59.25),
(2585, 'дружно', 89.64),
(2586, 'художественный', 975.97),
(2587, 'остановить', 144.19),
(2588, 'изба', 502.44),
(2589, 'при', 153.2),
(2590, 'торговля', 324.41),
(2591, 'команда', 766.14),
(2592, 'темнеть', 224.26),
(2593, 'заплакать', 124.25),
(2594, 'аж', 127.66),
(2595, 'светило', 163.7),
(2596, 'девка', 545.26),
(2597, 'конструкция', 813.22),
(2598, 'сынок', 910.68),
(2599, 'князь', 860.38),
(2600, 'нож', 443.81),
(2601, 'посидеть', 848.71),
(2602, 'труп', 112.13),
(2603, 'вскинуть', 404.44),
(2604, 'приличный', 351.73),
(2605, 'помолчать', 906.58),
(2606, 'мелькнуть', 725.22),
(2607, 'кузнец', 919.34),
(2608, 'некоторый', 83.95),
(2609, 'витрина', 497.05),
(2610, 'магазин', 776.57),
(2611, 'результат', 711.92),
(2612, 'дружно', 926.39),
(2613, 'чувство', 993.72),
(2614, 'посвятить', 602.29),
(2615, 'правление', 723.4),
(2616, 'висеть', 533.33),
(2617, 'цепочка', 847.2),
(2618, 'левый', 130.39),
(2619, 'носок', 365.67),
(2620, 'сомнительный', 497.73),
(2621, 'издали', 894.04),
(2622, 'райком', 304.07),
(2623, 'запустить', 160.12),
(2624, 'граница', 776.89),
(2625, 'картинка', 637.5),
(2626, 'голубчик', 251.09),
(2627, 'устройство', 621.78),
(2628, 'медицина', 441.3),
(2629, 'устройство', 250.35),
(2630, 'дошлый', 348.9),
(2631, 'издали', 563.09),
(2632, 'цель', 804.78),
(2633, 'вздрогнуть', 137.21),
(2634, 'торопливый', 673.89),
(2635, 'полностью', 813.39),
(2636, 'свежий', 186.93),
(2637, 'степь', 658.89),
(2638, 'ответить', 601.11),
(2639, 'назначить', 769.35),
(2640, 'полоска', 503.76),
(2641, 'находить', 892.33),
(2642, 'помолчать', 956.08),
(2643, 'даль', 246.24),
(2644, 'проход', 604.59),
(2645, 'уточнить', 128.31),
(2646, 'сомнительный', 575.28),
(2647, 'господь', 18.59),
(2648, 'неожиданный', 187.72),
(2649, 'вскакивать', 446),
(2650, 'беспомощный', 315.76),
(2651, 'зарплата', 760.1),
(2652, 'ночь', 569.63),
(2653, 'висеть', 630.81),
(2654, 'угол', 747.22),
(2655, 'тысяча', 443.44),
(2656, 'райком', 304.96),
(2657, 'бегать', 115.87),
(2658, 'указанный', 277.62),
(2659, 'налоговый', 680.2),
(2660, 'трясти', 215.88),
(2661, 'непривычный', 599.72),
(2662, 'неправда', 433.36),
(2663, 'правление', 905.42),
(2664, 'уронить', 8.83),
(2665, 'пол', 909.32),
(2666, 'ныне', 539.48),
(2667, 'поставить', 225.46),
(2668, 'реклама', 799.34),
(2669, 'неправда', 966.45),
(2670, 'фонарик', 174.54),
(2671, 'нервно', 962.87),
(2672, 'полностью', 44.07),
(2673, 'хлеб', 947.46),
(2674, 'казнь', 783.09),
(2675, 'казнь', 743.08),
(2676, 'жить', 981.03),
(2677, 'выраженный', 406.57),
(2678, 'намерение', 640.25),
(2679, 'ломать', 664.02),
(2680, 'товар', 399.39),
(2681, 'мимо', 388.24),
(2682, 'картинка', 333.05),
(2683, 'правление', 547.73),
(2684, 'художественный', 630.34),
(2685, 'мучительно', 29.31),
(2686, 'академик', 258.59),
(2687, 'граница', 840.87),
(2688, 'миг', 716.77),
(2689, 'падать', 513.79),
(2690, 'эффект', 915.87),
(2691, 'находить', 400.07),
(2692, 'девка', 348.93),
(2693, 'очутиться', 208.41),
(2694, 'коробка', 730.19),
(2695, 'поймать', 258.3),
(2696, 'серьезный', 5.12),
(2697, 'пол', 827.35),
(2698, 'через', 966.64),
(2699, 'приятель', 18.23),
(2700, 'дыхание', 858.22),
(2701, 'секунда', 142.64),
(2702, 'сверкать', 382.33),
(2703, 'применяться', 245.26),
(2704, 'медицина', 534.34),
(2705, 'следовательно', 487.68),
(2706, 'бочок', 538.49),
(2707, 'коллектив', 235.85),
(2708, 'граница', 593.71),
(2709, 'сбросить', 553.56),
(2710, 'бабочка', 813.74),
(2711, 'построить', 836.11),
(2712, 'рай', 669),
(2713, 'белье', 377.32),
(2714, 'покидать', 47.46),
(2715, 'смелый', 204.23),
(2716, 'цепочка', 195.67),
(2717, 'монета', 309.89),
(2718, 'рай', 923.53),
(2719, 'серьезный', 206.02),
(2720, 'ленинград', 641.06),
(2721, 'посидеть', 392.72),
(2722, 'привлекать', 526.87),
(2723, 'жестокий', 946.41),
(2724, 'спалить', 605.84),
(2725, 'кольцо', 620.11),
(2726, 'добиться', 58.7),
(2727, 'отражение', 800.19),
(2728, 'дремать', 79.72),
(2729, 'изображать', 491.2),
(2730, 'танцевать', 501.4),
(2731, 'июнь', 576.93),
(2732, 'добиться', 230.15),
(2733, 'бок', 682.16),
(2734, 'промолчать', 793.98),
(2735, 'возмутиться', 148.28),
(2736, 'горький', 270.9),
(2737, 'правление', 65.72),
(2738, 'оборот', 552.08),
(2739, 'команда', 838.74),
(2740, 'вскакивать', 288.34),
(2741, 'головной', 877.29),
(2742, 'передо', 807.48),
(2743, 'упор', 906.24),
(2744, 'привлекать', 356.62),
(2745, 'через', 835.3),
(2746, 'остановить', 483.74),
(2747, 'нож', 71.07),
(2748, 'руководитель', 624.45),
(2749, 'издали', 755.65),
(2750, 'миллиард', 533.78),
(2751, 'перебивать', 172.98),
(2752, 'дошлый', 603.31),
(2753, 'июнь', 262.22),
(2754, 'мелочь', 662.46),
(2755, 'покидать', 481.47),
(2756, 'вперед', 253.83),
(2757, 'космос', 878.11),
(2758, 'спорт', 248.24),
(2759, 'июнь', 667.01),
(2760, 'заявление', 706.63),
(2761, 'художественный', 795.47),
(2762, 'бегать', 784.84),
(2763, 'жить', 553.74),
(2764, 'народ', 820.57),
(2765, 'покидать', 154.51),
(2766, 'правление', 653.24),
(2767, 'указанный', 122.11),
(2768, 'умолять', 823.86),
(2769, 'смелый', 797.27),
(2770, 'лететь', 361.46),
(2771, 'поймать', 179),
(2772, 'слишком', 132.12),
(2773, 'кузнец', 283.1),
(2774, 'заявление', 91.74),
(2775, 'лететь', 731.3),
(2776, 'призыв', 431.24),
(2777, 'заложить', 136.93),
(2778, 'советовать', 202.63),
(2779, 'мусор', 773.63),
(2780, 'запустить', 640.03),
(2781, 'наслаждение', 281.71),
(2782, 'магазин', 493.14),
(2783, 'вариант', 776.68),
(2784, 'заработать', 803.06),
(2785, 'функция', 591.42),
(2786, 'очутиться', 771.33),
(2787, 'близко', 631.75),
(2788, 'инфекция', 221.77),
(2789, 'ученый', 211.29),
(2790, 'написать', 464.51),
(2791, 'недостаток', 544.16),
(2792, 'штаб', 132.05),
(2793, 'банда', 406.87),
(2794, 'помолчать', 309.95),
(2795, 'каюта', 496.11),
(2796, 'неправда', 856.88),
(2797, 'встать', 938.44),
(2798, 'жестокий', 277.35),
(2799, 'роса', 274),
(2800, 'похороны', 784.8),
(2801, 'эффект', 397.77),
(2802, 'изменение', 511.98),
(2803, 'встать', 385.53),
(2804, 'висеть', 372.35),
(2805, 'ломать', 112.8),
(2806, 'господь', 504.52),
(2807, 'рот', 276.14),
(2808, 'инвалид', 254.68),
(2809, 'рай', 792.51),
(2810, 'невыносимый', 365.35),
(2811, 'вскакивать', 23.02),
(2812, 'разуметься', 827.57),
(2813, 'кожа', 932.25),
(2814, 'лапа', 425.92),
(2815, 'трясти', 498.57),
(2816, 'космос', 844.6),
(2817, 'спичка', 894.68),
(2818, 'лететь', 88.63),
(2819, 'вскинуть', 880.17),
(2820, 'полевой', 238.49),
(2821, 'угроза', 500.26),
(2822, 'провинция', 49.04),
(2823, 'правый', 99.69),
(2824, 'ребятишки', 270),
(2825, 'означать', 844.28),
(2826, 'добиться', 468.87),
(2827, 'район', 111.09),
(2828, 'триста', 310.22),
(2829, 'мучительно', 837.69),
(2830, 'избегать', 433.61),
(2831, 'войти', 817.85),
(2832, 'неожиданный', 704.8),
(2833, 'порода', 370.96),
(2834, 'посидеть', 448.79),
(2835, 'механический', 406.34),
(2836, 'опасность', 442.17),
(2837, 'применяться', 946.99),
(2838, 'поздравлять', 308.7),
(2839, 'висеть', 694.28),
(2840, 'растеряться', 201.06),
(2841, 'крыса', 954.1),
(2842, 'юный', 838.66),
(2843, 'премьера', 810.39),
(2844, 'через', 797.28),
(2845, 'разводить', 965.36),
(2846, 'цель', 879.3),
(2847, 'угроза', 935.42),
(2848, 'невыносимый', 634.34),
(2849, 'тюрьма', 723.59),
(2850, 'предоставить', 418.83),
(2851, 'полоска', 490.61),
(2852, 'функция', 974.7),
(2853, 'мотоцикл', 442.32),
(2854, 'дорогой', 966.65),
(2855, 'деловой', 696.18),
(2856, 'о', 57.06),
(2857, 'спасть', 173.82),
(2858, 'мотоцикл', 720.91),
(2859, 'крутой', 671.82),
(2860, 'дружно', 414.32),
(2861, 'коллектив', 489.74),
(2862, 'сынок', 440.04),
(2863, 'адвокат', 980.65),
(2864, 'гулять', 819.38),
(2865, 'трясти', 966.21),
(2866, 'бабочка', 29.74),
(2867, 'возможно', 976.3),
(2868, 'тревога', 937.85),
(2869, 'ход', 263.66),
(2870, 'актриса', 966.03),
(2871, 'пропаганда', 219.56),
(2872, 'дошлый', 653.43),
(2873, 'бровь', 57.57),
(2874, 'остановить', 308.34),
(2875, 'сверкающий', 410.28),
(2876, 'песня', 580.16),
(2877, 'граница', 955.07),
(2878, 'зачем', 762.2),
(2879, 'грустный', 26.17),
(2880, 'мусор', 685.79),
(2881, 'сынок', 789.4),
(2882, 'собеседник', 282.44),
(2883, 'сбросить', 455.81),
(2884, 'бровь', 676.43),
(2885, 'подробность', 524.85),
(2886, 'трясти', 762.87),
(2887, 'конструкция', 663.81),
(2888, 'пол', 146.04),
(2889, 'товар', 853.42),
(2890, 'неправда', 382.02),
(2891, 'какой', 788.93),
(2892, 'провинция', 83.24),
(2893, 'факультет', 350.12),
(2894, 'эпоха', 395.06),
(2895, 'белье', 82.59),
(2896, 'эпоха', 580.53),
(2897, 'человечек', 978.95),
(2898, 'применяться', 605.28),
(2899, 'дружно', 869.09),
(2900, 'свежий', 142.31),
(2901, 'исполнять', 993.46),
(2902, 'дыхание', 21.46),
(2903, 'поймать', 696.96),
(2904, 'забирать', 932.38),
(2905, 'кпсс', 896.88),
(2906, 'полевой', 599.15),
(2907, 'господь', 67.6),
(2908, 'холодно', 220.12),
(2909, 'материя', 740.27),
(2910, 'рота', 722.38),
(2911, 'полностью', 205.24),
(2912, 'бок', 477.38),
(2913, 'дрогнуть', 662.91),
(2914, 'редактор', 439.3),
(2915, 'наткнуться', 147.2),
(2916, 'цель', 973.27),
(2917, 'художественный', 356.39),
(2918, 'заплакать', 561.68),
(2919, 'чем', 522.93),
(2920, 'настать', 298.14),
(2921, 'голубчик', 722.91),
(2922, 'мелочь', 61.72),
(2923, 'тусклый', 170.61),
(2924, 'намерение', 113.98),
(2925, 'расстройство', 30.7),
(2926, 'возбуждение', 604.34),
(2927, 'монета', 24.2),
(2928, 'добиться', 312.86),
(2929, 'очередной', 501.82),
(2930, 'рай', 30.27),
(2931, 'банк', 961.74),
(2932, 'теория', 935.21),
(2933, 'бак', 568.49),
(2934, 'мальчишка', 838.71),
(2935, 'призыв', 108.02),
(2936, 'возмутиться', 967.18),
(2937, 'намерение', 776.93),
(2938, 'порода', 530.27),
(2939, 'процесс', 259.46),
(2940, 'отметить', 60.23),
(2941, 'художественный', 257.38),
(2942, 'плод', 695.85),
(2943, 'жидкий', 844.26),
(2944, 'поезд', 568.28),
(2945, 'спорт', 13.62),
(2946, 'прошептать', 511.48),
(2947, 'затянуться', 190.03),
(2948, 'неправда', 508.79),
(2949, 'кпсс', 332.84),
(2950, 'реклама', 269.72),
(2951, 'виднеться', 797.69),
(2952, 'академик', 70.36),
(2953, 'бак', 554.5),
(2954, 'ход', 188.47),
(2955, 'выраженный', 278.35),
(2956, 'теория', 526.91),
(2957, 'следовательно', 512.48),
(2958, 'мелькнуть', 289.04),
(2959, 'дошлый', 171.17),
(2960, 'ученый', 959.15),
(2961, 'встать', 205.63),
(2962, 'умолять', 401.52),
(2963, 'следовательно', 922.67),
(2964, 'сустав', 23.54),
(2965, 'командование', 975.38),
(2966, 'сходить', 591.84),
(2967, 'неожиданный', 309.72),
(2968, 'вздрогнуть', 182.61),
(2969, 'спорт', 268.95),
(2970, 'коробка', 152.08),
(2971, 'передо', 429.56),
(2972, 'что', 299.88),
(2973, 'бак', 295.14),
(2974, 'изменение', 739.49),
(2975, 'нажать', 946.72),
(2976, 'монета', 198.22),
(2977, 'четко', 897.97),
(2978, 'еврейский', 731.32),
(2979, 'конструкция', 882.46),
(2980, 'число', 496.05),
(2981, 'наступать', 545.19),
(2982, 'изба', 782.55),
(2983, 'поздравлять', 439.64),
(2984, 'скрытый', 639.13),
(2985, 'деловой', 849.6),
(2986, 'иной', 415.77),
(2987, 'разнообразный', 488.84),
(2988, 'шлем', 814.16),
(2989, 'угроза', 899.73),
(2990, 'мера', 211.02),
(2991, 'наткнуться', 23.14),
(2992, 'картинка', 392.98),
(2993, 'порода', 784.45),
(2994, 'металл', 834.15),
(2995, 'опасность', 589.52),
(2996, 'построить', 422.28),
(2997, 'функция', 371.74),
(2998, 'торговля', 464.89),
(2999, 'встать', 330.42),
(3000, 'природа', 311.84),
(3001, 'степь', 301.84),
(3002, 'рассуждение', 909.02),
(3003, 'ныне', 805.72),
(3004, 'пламя', 989.54),
(3005, 'бак', 629.87),
(3006, 'серьезный', 14.14),
(3007, 'пересечь', 577.62),
(3008, 'ломать', 775.24),
(3009, 'носок', 260.46),
(3010, 'падаль', 920.77),
(3011, 'какой', 359.05),
(3012, 'банда', 82.63),
(3013, 'освободить', 808.16),
(3014, 'отметить', 203.72),
(3015, 'плавно', 556.57),
(3016, 'мальчишка', 977.77),
(3017, 'монета', 941.94),
(3018, 'предоставить', 819.5),
(3019, 'покидать', 556.9),
(3020, 'миф', 308.91),
(3021, 'правильный', 348.85),
(3022, 'фонарик', 958.61),
(3023, 'построить', 743.1),
(3024, 'торговля', 472.94),
(3025, 'неожиданно', 204.62),
(3026, 'потянуться', 260.71),
(3027, 'волк', 783.22),
(3028, 'направо', 886.06),
(3029, 'запеть', 758.37),
(3030, 'природа', 356.34),
(3031, 'беспомощный', 35.3),
(3032, 'бровь', 976.47),
(3033, 'руководитель', 636.33),
(3034, 'угол', 339.94),
(3035, 'разуметься', 743.96),
(3036, 'рот', 148.36),
(3037, 'степь', 663.71),
(3038, 'куча', 762.99),
(3039, 'вперед', 681.55),
(3040, 'солнце', 904.55),
(3041, 'рис', 185.81),
(3042, 'ведь', 242.79),
(3043, 'куча', 363.55),
(3044, 'а', 650.7),
(3045, 'выражаться', 687.22),
(3046, 'ярко', 734.56),
(3047, 'изменение', 234.94),
(3048, 'изучить', 946.73),
(3049, 'терапия', 451.87),
(3050, 'выразить', 389.78),
(3051, 'полевой', 210.83),
(3052, 'пасть', 691.34),
(3053, 'низкий', 292.11),
(3054, 'смертельный', 224.3),
(3055, 'функция', 202.67),
(3056, 'спорт', 495.59),
(3057, 'мучительно', 877.89),
(3058, 'художественный', 820.35),
(3059, 'заложить', 239.7),
(3060, 'монета', 384.51),
(3061, 'неожиданный', 96.86),
(3062, 'зачем', 626.12),
(3063, 'смертельный', 750.15),
(3064, 'мимо', 438.45),
(3065, 'премьера', 969.1),
(3066, 'остановить', 695.88),
(3067, 'мусор', 578.42),
(3068, 'пятеро', 770.09),
(3069, 'бабочка', 265.2),
(3070, 'возмутиться', 571.65),
(3071, 'полоска', 121.93),
(3072, 'падаль', 118.55),
(3073, 'появление', 229.72),
(3074, 'вообще', 934.28),
(3075, 'строительство', 197.84),
(3076, 'салон', 837.44),
(3077, 'проход', 175.04),
(3078, 'левый', 821.48),
(3079, 'сопровождаться', 984.94),
(3080, 'художественный', 637.01),
(3081, 'опасность', 576.27),
(3082, 'блин', 985.58),
(3083, 'кожа', 196.79),
(3084, 'отъезд', 636.28),
(3085, 'неправда', 598.87),
(3086, 'что', 307.17),
(3087, 'горький', 259.19),
(3088, 'лиловый', 152.9),
(3089, 'уничтожение', 599.66),
(3090, 'видимо', 311.18),
(3091, 'гулять', 478.81),
(3092, 'посидеть', 650.63),
(3093, 'некоторый', 918.31),
(3094, 'гулять', 466.54),
(3095, 'подземный', 306.9),
(3096, 'жить', 665.67),
(3097, 'разуметься', 736.93),
(3098, 'пища', 838.82),
(3099, 'выкинуть', 798.78),
(3100, 'человечек', 252.18),
(3101, 'необычный', 841.65),
(3102, 'смеяться', 614.29),
(3103, 'неправда', 156.06),
(3104, 'грустный', 188.32),
(3105, 'бегать', 437.62),
(3106, 'блин', 681.84),
(3107, 'невозможно', 200.61),
(3108, 'упор', 850.22),
(3109, 'миллиард', 525.37),
(3110, 'мучительно', 451.51),
(3111, 'изба', 402.55),
(3112, 'спорт', 913.13),
(3113, 'вариант', 154.54),
(3114, 'покидать', 326.66),
(3115, 'еврейский', 700.75),
(3116, 'термин', 542.58),
(3117, 'издали', 843.24),
(3118, 'написать', 970.58),
(3119, 'приличный', 645.33),
(3120, 'один', 174.89),
(3121, 'степь', 943.77),
(3122, 'неудобно', 41.03),
(3123, 'передо', 263.29),
(3124, 'тысяча', 491.94),
(3125, 'следовательно', 445.14),
(3126, 'приятель', 391.77),
(3127, 'картинка', 25.06),
(3128, 'перебивать', 521.94),
(3129, 'военный', 655.17),
(3130, 'тусклый', 834.65),
(3131, 'пламя', 867.12),
(3132, 'строительство', 268.84),
(3133, 'сверкать', 986.16),
(3134, 'адвокат', 768.44),
(3135, 'обида', 261.52),
(3136, 'поздравлять', 801.32),
(3137, 'необычный', 756.47),
(3138, 'головка', 159.63),
(3139, 'материя', 864.37),
(3140, 'витрина', 935.45),
(3141, 'роса', 273.81),
(3142, 'армейский', 854.06),
(3143, 'развитый', 837.61),
(3144, 'коричневый', 92.66),
(3145, 'армейский', 271.29),
(3146, 'равнодушный', 831.82),
(3147, 'материя', 775.1),
(3148, 'анализ', 237.97),
(3149, 'оставить', 85.2),
(3150, 'витрина', 228.91),
(3151, 'результат', 995.46),
(3152, 'пастух', 967.94),
(3153, 'пропадать', 321.18),
(3154, 'решение', 591.81),
(3155, 'войти', 704.4),
(3156, 'близко', 531.07),
(3157, 'мелочь', 825),
(3158, 'секунда', 866.98),
(3159, 'металл', 130.15),
(3160, 'бригада', 235.29),
(3161, 'валюта', 957.81),
(3162, 'аж', 361.15),
(3163, 'приятель', 939.79),
(3164, 'самостоятельно', 429.43),
(3165, 'некоторый', 872.7),
(3166, 'увеличиваться', 576.69),
(3167, 'предоставить', 34.74),
(3168, 'решение', 867.47),
(3169, 'тысяча', 289.99),
(3170, 'изредка', 979.73),
(3171, 'бегать', 754.49),
(3172, 'команда', 91.55),
(3173, 'запустить', 953.8),
(3174, 'волк', 928.59),
(3175, 'понятный', 930.04),
(3176, 'сравнение', 726.55),
(3177, 'сравнение', 457.4),
(3178, 'вывести', 619.68),
(3179, 'торговля', 861.57),
(3180, 'князь', 71.97),
(3181, 'выражение', 982.5),
(3182, 'дошлый', 14.96),
(3183, 'ученый', 272.21),
(3184, 'нервно', 116.56),
(3185, 'нажать', 590.92),
(3186, 'запретить', 572.19),
(3187, 'помимо', 211.59),
(3188, 'наткнуться', 203.65),
(3189, 'выраженный', 943.81),
(3190, 'намерение', 343.21),
(3191, 'расстройство', 812.81),
(3192, 'полоска', 767.23),
(3193, 'покидать', 23.4),
(3194, 'картинка', 284.42),
(3195, 'металл', 260.1),
(3196, 'солнце', 518.11),
(3197, 'ягода', 788.32),
(3198, 'степь', 706.59),
(3199, 'затянуться', 703.76),
(3200, 'тусклый', 783.14),
(3201, 'заработать', 578.1),
(3202, 'близко', 25.8),
(3203, 'сходить', 50.67),
(3204, 'вывести', 297.88),
(3205, 'результат', 518.84),
(3206, 'художественный', 781.77),
(3207, 'поезд', 111.58),
(3208, 'решетка', 213.66),
(3209, 'коммунизм', 432.19),
(3210, 'кольцо', 6.52),
(3211, 'банк', 331.6),
(3212, 'сбросить', 312.25),
(3213, 'четыре', 251.22),
(3214, 'о', 9.6),
(3215, 'вряд', 581.06),
(3216, 'наступать', 228.78),
(3217, 'налоговый', 613.19),
(3218, 'ягода', 433.35),
(3219, 'висеть', 102.6),
(3220, 'актриса', 900.61),
(3221, 'носок', 490.05),
(3222, 'темнеть', 168.62),
(3223, 'назначить', 703.93),
(3224, 'горький', 659.58),
(3225, 'терапия', 774.38),
(3226, 'теория', 2.8),
(3227, 'иной', 360.21),
(3228, 'угроза', 117.42),
(3229, 'постоянный', 899.98),
(3230, 'выкинуть', 104.94),
(3231, 'слишком', 972.92),
(3232, 'основание', 646.91),
(3233, 'направо', 82.38),
(3234, 'назначить', 387.87),
(3235, 'валюта', 540.64),
(3236, 'район', 807.18),
(3237, 'правление', 684.46),
(3238, 'граница', 663.65),
(3239, 'следовательно', 29.37),
(3240, 'появление', 659.37),
(3241, 'остановить', 376.33),
(3242, 'поговорить', 424.08),
(3243, 'неожиданный', 262.14),
(3244, 'крыса', 533.86),
(3245, 'пропадать', 631.45),
(3246, 'плясать', 751.69),
(3247, 'около', 671.41),
(3248, 'медицина', 400.94),
(3249, 'написать', 180.55),
(3250, 'угодный', 480.73),
(3251, 'освободить', 394.89),
(3252, 'развитый', 738.44),
(3253, 'идея', 400.15),
(3254, 'строительство', 156.15),
(3255, 'человечек', 335.07),
(3256, 'сходить', 931.55),
(3257, 'магазин', 480.71),
(3258, 'господь', 844.05),
(3259, 'нервно', 19.87),
(3260, 'палец', 215.09),
(3261, 'передо', 696.93),
(3262, 'призыв', 426.5),
(3263, 'зачем', 45.46),
(3264, 'сравнение', 572.78),
(3265, 'отдел', 955.03),
(3266, 'пища', 469.56),
(3267, 'пламя', 832.64),
(3268, 'слать', 518.96),
(3269, 'аллея', 803.45),
(3270, 'о', 961.04),
(3271, 'пропадать', 158.86),
(3272, 'картинка', 622.35),
(3273, 'вряд', 979.66),
(3274, 'сверкать', 698.01),
(3275, 'славный', 760.41),
(3276, 'призыв', 948.65),
(3277, 'изучить', 252.79),
(3278, 'лапа', 432.45),
(3279, 'зато', 513.88),
(3280, 'разуметься', 948.44),
(3281, 'коробка', 134.54),
(3282, 'заложить', 183),
(3283, 'отдел', 45.19),
(3284, 'поздравлять', 552.29),
(3285, 'направо', 750.97),
(3286, 'мрачно', 540.64),
(3287, 'угроза', 161.2),
(3288, 'беспомощный', 462.13),
(3289, 'даль', 418.69),
(3290, 'деньги', 989),
(3291, 'жить', 630.23),
(3292, 'выбирать', 246.01),
(3293, 'правый', 752.99),
(3294, 'посвятить', 515.55),
(3295, 'крутой', 469.43),
(3296, 'ленинград', 578.2),
(3297, 'командующий', 644.21),
(3298, 'наткнуться', 399.83),
(3299, 'сынок', 17.98),
(3300, 'наслаждение', 889.8),
(3301, 'жидкий', 218.79),
(3302, 'расстройство', 490.49),
(3303, 'плод', 646.87),
(3304, 'ныне', 948.62),
(3305, 'страсть', 120.96),
(3306, 'кольцо', 981.03),
(3307, 'число', 390.36),
(3308, 'князь', 630.2),
(3309, 'сверкать', 137.76),
(3310, 'валюта', 348.93),
(3311, 'намерение', 527.93),
(3312, 'желание', 447.3),
(3313, 'ночь', 241.27),
(3314, 'командующий', 995.46),
(3315, 'сынок', 531.95),
(3316, 'пол', 796.65),
(3317, 'неожиданно', 648.37),
(3318, 'полностью', 492.18),
(3319, 'невозможно', 470.35),
(3320, 'актриса', 295),
(3321, 'ремень', 441.34),
(3322, 'что', 186.07),
(3323, 'тусклый', 468.53),
(3324, 'инфекция', 317.16),
(3325, 'мимо', 850.54),
(3326, 'товар', 371.12),
(3327, 'солнце', 49.37),
(3328, 'витрина', 720.55),
(3329, 'лапа', 138.73),
(3330, 'другой', 962.16),
(3331, 'пища', 78.74),
(3332, 'космос', 972.07),
(3333, 'редактор', 970.69),
(3334, 'наступать', 641.84),
(3335, 'увеличиваться', 276.65),
(3336, 'поколение', 589.55),
(3337, 'заявление', 946.68),
(3338, 'зато', 330.48),
(3339, 'цвет', 979.69),
(3340, 'изредка', 76.06),
(3341, 'изба', 307.47),
(3342, 'лететь', 549.1),
(3343, 'пятеро', 593.66),
(3344, 'рис', 849.96),
(3345, 'материя', 457.53),
(3346, 'близко', 129.33),
(3347, 'славный', 944.55),
(3348, 'волк', 836.93),
(3349, 'эпоха', 571.15),
(3350, 'сравнение', 695.45),
(3351, 'рота', 201.91),
(3352, 'перебивать', 761.2),
(3353, 'налоговый', 774.2),
(3354, 'крыса', 667.69),
(3355, 'выраженный', 248.38),
(3356, 'набор', 520.64),
(3357, 'направо', 373.92),
(3358, 'полностью', 406.51),
(3359, 'при', 544.13),
(3360, 'неправда', 669.94),
(3361, 'важный', 747),
(3362, 'металл', 245.74),
(3363, 'мелькнуть', 167.56),
(3364, 'ночь', 950.57),
(3365, 'что', 384.89),
(3366, 'отъезд', 332),
(3367, 'трясти', 649.62),
(3368, 'падаль', 370.85),
(3369, 'аллея', 589.29),
(3370, 'монета', 784.64),
(3371, 'постоянный', 878.61),
(3372, 'реклама', 463.65),
(3373, 'рай', 457.14),
(3374, 'дальний', 91.09),
(3375, 'цвет', 745.95),
(3376, 'выдержать', 344.67),
(3377, 'да', 272.23),
(3378, 'степь', 844.07),
(3379, 'жидкий', 446.36),
(3380, 'возникновение', 933.83),
(3381, 'рабочий', 842.55),
(3382, 'очередной', 544.23),
(3383, 'зарплата', 482.64),
(3384, 'строительство', 889.74),
(3385, 'кольцо', 380.1),
(3386, 'командир', 570.26),
(3387, 'промолчать', 939.16),
(3388, 'пробовать', 951.39),
(3389, 'выбирать', 484.45),
(3390, 'счастье', 844.93),
(3391, 'коллектив', 569.51),
(3392, 'бровь', 378.29),
(3393, 'приличный', 241.75),
(3394, 'тюрьма', 98.82),
(3395, 'райком', 885.01),
(3396, 'вчера', 187.44),
(3397, 'издали', 681.86),
(3398, 'адвокат', 340.17),
(3399, 'задержать', 430.02),
(3400, 'отражение', 900.43),
(3401, 'ложиться', 209.89),
(3402, 'хотеть', 721.49),
(3403, 'левый', 699.9),
(3404, 'бровь', 565.25),
(3405, 'сходить', 456.88),
(3406, 'новый', 493.3),
(3407, 'провал', 788.29),
(3408, 'бак', 712.47),
(3409, 'мера', 156.64),
(3410, 'увеличиваться', 82.93),
(3411, 'заведение', 129.02),
(3412, 'вскакивать', 608.99),
(3413, 'прежний', 5.32),
(3414, 'кидать', 469.01),
(3415, 'теория', 360.58),
(3416, 'лететь', 734.02),
(3417, 'возбуждение', 532.21),
(3418, 'порог', 249.79),
(3419, 'смеяться', 132.3),
(3420, 'растеряться', 152.8),
(3421, 'четко', 397.69),
(3422, 'направо', 421.37),
(3423, 'сравнение', 883.41),
(3424, 'намерение', 143.32),
(3425, 'командующий', 920.12),
(3426, 'картинка', 440.26),
(3427, 'понятный', 285.17),
(3428, 'команда', 237.71),
(3429, 'а', 159.2),
(3430, 'вскакивать', 79.55),
(3431, 'необычный', 104.44),
(3432, 'хотеть', 132.18),
(3433, 'результат', 35.89),
(3434, 'светило', 853.23),
(3435, 'банда', 939.9),
(3436, 'полностью', 793.76),
(3437, 'эпоха', 200.24),
(3438, 'конструкция', 365.03),
(3439, 'танцевать', 434.83),
(3440, 'доставать', 286.07),
(3441, 'грудь', 50.38),
(3442, 'спорт', 964.75),
(3443, 'материя', 947.61),
(3444, 'рабочий', 681.68),
(3445, 'засунуть', 187.28),
(3446, 'покинуть', 618.06),
(3447, 'радость', 875.09),
(3448, 'мальчишка', 684.23),
(3449, 'порог', 58.9),
(3450, 'добиться', 664.29),
(3451, 'славный', 102.22),
(3452, 'плод', 485.53),
(3453, 'что', 100.27),
(3454, 'мальчишка', 719.73),
(3455, 'виднеться', 897.61),
(3456, 'степь', 317.83),
(3457, 'скрытый', 537.3),
(3458, 'провинция', 255.31),
(3459, 'ломать', 931.68),
(3460, 'слишком', 178.5),
(3461, 'оставить', 143.36),
(3462, 'задрать', 554.12),
(3463, 'через', 314.2),
(3464, 'развернуться', 595.98),
(3465, 'грустный', 940.55),
(3466, 'лететь', 222.81),
(3467, 'ботинок', 749.79),
(3468, 'дорогой', 480.48),
(3469, 'пастух', 748.74),
(3470, 'сынок', 348.26),
(3471, 'падаль', 658.76),
(3472, 'умолять', 902.73),
(3473, 'возможно', 939.64),
(3474, 'прошептать', 718.88),
(3475, 'освободить', 644.8),
(3476, 'передо', 342.48),
(3477, 'мимо', 613.42),
(3478, 'правление', 828.63),
(3479, 'мелочь', 110.25),
(3480, 'парень', 844.7),
(3481, 'основание', 5.96),
(3482, 'слишком', 604.71),
(3483, 'плод', 504.57),
(3484, 'приятель', 593.83),
(3485, 'мера', 850.26),
(3486, 'вздрагивать', 60.99),
(3487, 'холодно', 492.69),
(3488, 'освобождение', 181.23),
(3489, 'отдел', 157.53),
(3490, 'покинуть', 70.38),
(3491, 'невыносимый', 608.64),
(3492, 'уточнить', 880.25),
(3493, 'дремать', 645.03),
(3494, 'дошлый', 884.36),
(3495, 'что', 667.86),
(3496, 'манера', 40.03),
(3497, 'болото', 91.23),
(3498, 'очутиться', 759.56),
(3499, 'деньги', 184.94),
(3500, 'один', 882.81),
(3501, 'белье', 866.75),
(3502, 'неожиданно', 668.42),
(3503, 'приятель', 374.34),
(3504, 'хлеб', 103.98),
(3505, 'костер', 55.64),
(3506, 'отъезд', 21.02),
(3507, 'передо', 412.89),
(3508, 'салон', 71.29),
(3509, 'граница', 335.06),
(3510, 'разуметься', 839.6),
(3511, 'мгновение', 787.33),
(3512, 'набор', 723.43),
(3513, 'дыхание', 40.73),
(3514, 'ученый', 951.79),
(3515, 'вытаскивать', 761.87),
(3516, 'лететь', 921.51),
(3517, 'зеленый', 311.54),
(3518, 'остановить', 29.89),
(3519, 'пространство', 73.36),
(3520, 'термин', 677.14),
(3521, 'пространство', 654.82),
(3522, 'эффект', 155.09),
(3523, 'боец', 463.09),
(3524, 'палка', 281.83),
(3525, 'отражение', 101.78),
(3526, 'социалистический', 17.49),
(3527, 'указанный', 96.26),
(3528, 'постоянный', 66.81),
(3529, 'неожиданно', 230.41),
(3530, 'постоянный', 29.81),
(3531, 'художественный', 306.82),
(3532, 'сопровождаться', 44.95),
(3533, 'заведение', 45.54),
(3534, 'около', 384.79),
(3535, 'вообще', 938.67),
(3536, 'строительство', 385.61),
(3537, 'намерение', 188.09),
(3538, 'приходить', 656.06),
(3539, 'угол', 857.05),
(3540, 'кпсс', 931.01),
(3541, 'роса', 941.36),
(3542, 'одиннадцать', 311.82),
(3543, 'очутиться', 357.39),
(3544, 'протягивать', 880.67),
(3545, 'чем', 471.98),
(3546, 'упорно', 805.91),
(3547, 'затянуться', 20.47),
(3548, 'научить', 51.17),
(3549, 'сынок', 372.28),
(3550, 'фонарик', 467.84),
(3551, 'встать', 813.84),
(3552, 'триста', 495.75),
(3553, 'понятный', 77.48),
(3554, 'господь', 734.25),
(3555, 'ручей', 394.19),
(3556, 'решение', 971.8),
(3557, 'жить', 552.08),
(3558, 'ставить', 853.68),
(3559, 'холодно', 992.54),
(3560, 'услать', 24.21),
(3561, 'скользить', 388.25),
(3562, 'отдел', 425.95),
(3563, 'металл', 931.05),
(3564, 'способ', 399.61),
(3565, 'тесно', 472.36),
(3566, 'уронить', 141.54),
(3567, 'выразить', 552.81),
(3568, 'бригада', 780.35),
(3569, 'ручей', 883.88),
(3570, 'миллиард', 568.43),
(3571, 'картинка', 961.12),
(3572, 'выразить', 945.28),
(3573, 'спалить', 737.69),
(3574, 'горький', 326.57),
(3575, 'адвокат', 378.73),
(3576, 'цепочка', 59.66),
(3577, 'слишком', 392.08),
(3578, 'отметить', 172.8),
(3579, 'потом', 21.76),
(3580, 'выраженный', 520.59),
(3581, 'спешить', 434.99),
(3582, 'материя', 599.47),
(3583, 'выраженный', 311.67),
(3584, 'тюрьма', 490.84),
(3585, 'неожиданный', 339.46),
(3586, 'выбирать', 226.15),
(3587, 'дрогнуть', 152.87),
(3588, 'сравнение', 613.7),
(3589, 'теория', 982.58),
(3590, 'пересечь', 815.68),
(3591, 'тюрьма', 888.95),
(3592, 'затянуться', 611.15),
(3593, 'возмутиться', 600.85),
(3594, 'остановить', 201.86),
(3595, 'монета', 187.12),
(3596, 'налево', 494.55),
(3597, 'поставить', 963.1),
(3598, 'через', 947.21),
(3599, 'солнце', 813.85),
(3600, 'выбирать', 688.92),
(3601, 'секунда', 847.43),
(3602, 'витрина', 93.09),
(3603, 'уточнить', 790.3),
(3604, 'смертельный', 587.97),
(3605, 'трясти', 600.61),
(3606, 'девка', 122.71),
(3607, 'запретить', 378.5),
(3608, 'ребятишки', 34.06),
(3609, 'карандаш', 571.09),
(3610, 'способ', 82.8),
(3611, 'художественный', 382.84),
(3612, 'танцевать', 846),
(3613, 'сбросить', 31.15),
(3614, 'выдержать', 605.18),
(3615, 'песня', 900.95),
(3616, 'помимо', 790.16),
(3617, 'передо', 765.04),
(3618, 'даль', 508.02),
(3619, 'хотеть', 362.48),
(3620, 'грудь', 544.76),
(3621, 'мучительно', 638.3),
(3622, 'ремень', 453.84),
(3623, 'правильный', 241.77),
(3624, 'багровый', 719.5),
(3625, 'исполнять', 852.23),
(3626, 'мелочь', 814.61),
(3627, 'спорт', 131.62),
(3628, 'смелый', 819.15),
(3629, 'изменение', 941.03),
(3630, 'выразить', 910.46),
(3631, 'мусор', 747.22),
(3632, 'точно', 99.39),
(3633, 'посвятить', 884.44),
(3634, 'жестокий', 82.09),
(3635, 'радость', 359.98),
(3636, 'увеличиваться', 36.12),
(3637, 'лететь', 218.85),
(3638, 'выразить', 678.46),
(3639, 'намерение', 224.87),
(3640, 'возникновение', 593.21),
(3641, 'приходить', 873.11),
(3642, 'лиловый', 933.05),
(3643, 'команда', 147.25),
(3644, 'наслаждение', 643.3),
(3645, 'ручей', 816.53),
(3646, 'полевой', 473.91),
(3647, 'трубка', 448.03),
(3648, 'сверкающий', 706.38),
(3649, 'падаль', 430),
(3650, 'жестокий', 739.34),
(3651, 'применяться', 827.4),
(3652, 'отражение', 328.52),
(3653, 'горький', 214.91),
(3654, 'о', 638.74),
(3655, 'коробка', 769.27),
(3656, 'хотеть', 944.12),
(3657, 'счастье', 805.77),
(3658, 'находить', 886.32),
(3659, 'похороны', 369.1),
(3660, 'головка', 447.37),
(3661, 'художественный', 465.01),
(3662, 'нажать', 844.51),
(3663, 'налево', 182.97),
(3664, 'привлекать', 59.15),
(3665, 'соответствие', 552.31),
(3666, 'скрытый', 231.92),
(3667, 'более', 378.12),
(3668, 'прежний', 369.83),
(3669, 'собеседник', 837.03),
(3670, 'скользить', 287.38),
(3671, 'уточнить', 927.26),
(3672, 'премьера', 584.86),
(3673, 'дорогой', 999.89),
(3674, 'прежде', 858.74),
(3675, 'уничтожение', 971.01),
(3676, 'металл', 241.47),
(3677, 'угол', 165.23),
(3678, 'чем', 589.96),
(3679, 'печатать', 179.41),
(3680, 'передо', 290.25),
(3681, 'картинка', 446.67),
(3682, 'ремень', 885.8),
(3683, 'сверкающий', 294.74),
(3684, 'запретить', 404.97),
(3685, 'полностью', 160.56),
(3686, 'крыса', 581.41),
(3687, 'оборот', 744.43),
(3688, 'иной', 640.27),
(3689, 'очко', 619.89),
(3690, 'нажать', 750.71),
(3691, 'столетие', 919.95),
(3692, 'ночь', 526.56),
(3693, 'издали', 240.03),
(3694, 'бак', 717.46),
(3695, 'неправда', 126.44),
(3696, 'очередной', 472.74),
(3697, 'сынок', 153.54),
(3698, 'сынок', 596.02),
(3699, 'вытаскивать', 847.02),
(3700, 'конференция', 126.39),
(3701, 'лететь', 757.33),
(3702, 'деловой', 195.39),
(3703, 'при', 745.8),
(3704, 'зеленый', 809.95),
(3705, 'крутой', 892.26),
(3706, 'ложиться', 895.39),
(3707, 'поговорить', 659.15),
(3708, 'хлеб', 335.98),
(3709, 'дружно', 865.5),
(3710, 'грустный', 434.82),
(3711, 'прощение', 794.65),
(3712, 'факультет', 136.66),
(3713, 'висеть', 679.79),
(3714, 'премьера', 158.15),
(3715, 'мгновение', 617.68),
(3716, 'порода', 691.17),
(3717, 'слать', 63.66),
(3718, 'плод', 35.94),
(3719, 'пространство', 973.05),
(3720, 'необычный', 751.63),
(3721, 'скрытый', 660.46),
(3722, 'миг', 475.73),
(3723, 'сопровождаться', 644.01),
(3724, 'армейский', 388.4),
(3725, 'слишком', 898.21),
(3726, 'применяться', 116.5),
(3727, 'ведь', 171.85),
(3728, 'бак', 727.8),
(3729, 'штаб', 517.2),
(3730, 'новый', 321.73),
(3731, 'даль', 870.09),
(3732, 'анализ', 612.7),
(3733, 'пища', 100.41),
(3734, 'багровый', 8.5),
(3735, 'прежде', 220.45),
(3736, 'команда', 268.19),
(3737, 'советовать', 680.29),
(3738, 'функция', 198.12),
(3739, 'механический', 424.3),
(3740, 'правление', 127.4),
(3741, 'самостоятельно', 146.29),
(3742, 'бетонный', 971.39),
(3743, 'появление', 358.64),
(3744, 'жить', 697.19),
(3745, 'помолчать', 742.26),
(3746, 'написать', 243.64),
(3747, 'жидкий', 409.67),
(3748, 'интеллектуальный', 162.6),
(3749, 'ведь', 792.26),
(3750, 'слишком', 524.35),
(3751, 'оставить', 181.47),
(3752, 'художественный', 593.27),
(3753, 'возникновение', 264.49),
(3754, 'поговорить', 166.43),
(3755, 'инструкция', 354.9),
(3756, 'снимать', 895.2),
(3757, 'о', 551.04),
(3758, 'пятеро', 720.4),
(3759, 'коричневый', 150.17),
(3760, 'желание', 873.76),
(3761, 'помолчать', 284.59),
(3762, 'возникновение', 763.05),
(3763, 'очередной', 981.54),
(3764, 'социалистический', 867.61),
(3765, 'выразить', 43.88),
(3766, 'грудь', 971.02),
(3767, 'четыре', 927.95),
(3768, 'термин', 28.8),
(3769, 'плавно', 78.46),
(3770, 'желание', 570.94),
(3771, 'интернет', 585.55),
(3772, 'блин', 15.48),
(3773, 'господь', 152.28),
(3774, 'покидать', 178.93),
(3775, 'граница', 194.62),
(3776, 'уточнить', 159.27),
(3777, 'сынок', 963.31),
(3778, 'лиловый', 837.07),
(3779, 'граница', 886.03),
(3780, 'серьезный', 197.16),
(3781, 'танцевать', 960),
(3782, 'триста', 600.33),
(3783, 'коммунизм', 282.06),
(3784, 'порядок', 658.38),
(3785, 'потрясти', 584.07),
(3786, 'написать', 685.75),
(3787, 'тесно', 850.3),
(3788, 'хозяйка', 574.97),
(3789, 'ночь', 441.38),
(3790, 'плясать', 886.67),
(3791, 'о', 116.97),
(3792, 'разнообразный', 424.25),
(3793, 'мучительно', 991.03),
(3794, 'мелькнуть', 949.37),
(3795, 'поставить', 378.65),
(3796, 'ставить', 667.57),
(3797, 'прелесть', 105.39),
(3798, 'отметить', 406.97),
(3799, 'космос', 342.78),
(3800, 'падаль', 72.21),
(3801, 'палка', 585.22),
(3802, 'освободить', 712.38),
(3803, 'совещание', 62.75),
(3804, 'бок', 690.6),
(3805, 'запустить', 416.78),
(3806, 'вздрогнуть', 733.97),
(3807, 'угол', 932.91),
(3808, 'сбросить', 271.45),
(3809, 'домашний', 140.45),
(3810, 'избегать', 411.95),
(3811, 'оставить', 113.27),
(3812, 'фонарик', 259.93),
(3813, 'затянуться', 746.83),
(3814, 'бабочка', 622.36),
(3815, 'июнь', 315.06),
(3816, 'монета', 708.13),
(3817, 'поставить', 548.52),
(3818, 'терапия', 68.35),
(3819, 'свежий', 160.86),
(3820, 'дурацкий', 488.32),
(3821, 'протягивать', 616.48),
(3822, 'зеленый', 978.25),
(3823, 'провал', 238.3),
(3824, 'парень', 251.92),
(3825, 'коробка', 378.04),
(3826, 'боец', 263.5),
(3827, 'трясти', 820.34),
(3828, 'непривычный', 205.83),
(3829, 'инструкция', 823.89),
(3830, 'выражаться', 593.28),
(3831, 'выбирать', 335.78),
(3832, 'парень', 627.91),
(3833, 'возможно', 45.1),
(3834, 'вскинуть', 729.75),
(3835, 'пасть', 103.34),
(3836, 'каюта', 607.32),
(3837, 'сравнение', 719.74),
(3838, 'плод', 646.42),
(3839, 'умолять', 36.82),
(3840, 'ведь', 200.98),
(3841, 'призыв', 887),
(3842, 'монета', 84.78),
(3843, 'боец', 784.37),
(3844, 'грудь', 361.32),
(3845, 'теория', 208.59),
(3846, 'очередной', 638.89),
(3847, 'услать', 13.78),
(3848, 'через', 761.81),
(3849, 'точно', 659.39),
(3850, 'оборот', 853.3),
(3851, 'неправда', 951.95),
(3852, 'сверкать', 661.62),
(3853, 'командующий', 750.94),
(3854, 'белье', 471.23),
(3855, 'построить', 846.79),
(3856, 'уронить', 300.8),
(3857, 'освобождение', 890.98),
(3858, 'командующий', 114.73),
(3859, 'металл', 103.73),
(3860, 'инструкция', 538.68),
(3861, 'засунуть', 666.98),
(3862, 'командир', 174.34),
(3863, 'роса', 609.52),
(3864, 'слать', 413.9),
(3865, 'неожиданный', 741.1),
(3866, 'адвокат', 512.92),
(3867, 'вряд', 381.88),
(3868, 'висеть', 832.02),
(3869, 'цепочка', 883.06),
(3870, 'отдел', 236.3),
(3871, 'актриса', 247.59),
(3872, 'горький', 430.46),
(3873, 'деловой', 724.59),
(3874, 'запустить', 537.85),
(3875, 'спешить', 637.05),
(3876, 'дорогой', 95.35),
(3877, 'эпоха', 420.19),
(3878, 'князь', 472.69),
(3879, 'спорт', 691.36),
(3880, 'радость', 929.11),
(3881, 'валюта', 706.64),
(3882, 'засунуть', 903.18),
(3883, 'кпсс', 816.96),
(3884, 'сустав', 478.65),
(3885, 'висеть', 13.94),
(3886, 'совет', 432.24),
(3887, 'передо', 169.85),
(3888, 'актриса', 448.5),
(3889, 'очко', 222.89),
(3890, 'банк', 187.76),
(3891, 'ягода', 863.05),
(3892, 'триста', 200.68),
(3893, 'свежий', 266.47),
(3894, 'солнце', 586.15),
(3895, 'выразить', 683.81),
(3896, 'изучить', 993.15),
(3897, 'эпоха', 115.79),
(3898, 'лететь', 320.45),
(3899, 'мальчишка', 74.43),
(3900, 'пол', 333.38),
(3901, 'дальний', 324.07),
(3902, 'инструкция', 453.02),
(3903, 'потянуться', 864.8),
(3904, 'умолять', 566.57),
(3905, 'темнеть', 898),
(3906, 'металл', 660.09),
(3907, 'кузнец', 646.13),
(3908, 'песенка', 384.48),
(3909, 'академик', 44.44),
(3910, 'покинуть', 616.04),
(3911, 'приличный', 416.8),
(3912, 'секунда', 640.6),
(3913, 'песенка', 424.41),
(3914, 'выраженный', 218.01),
(3915, 'природа', 287.53),
(3916, 'секунда', 888.85),
(3917, 'подробность', 68.58),
(3918, 'неожиданный', 662.03),
(3919, 'конструкция', 788.21),
(3920, 'вздрагивать', 506.26),
(3921, 'сомнительный', 444.92),
(3922, 'вскинуть', 717.22),
(3923, 'виднеться', 10.7),
(3924, 'бок', 595.88),
(3925, 'место', 252.8),
(3926, 'вытаскивать', 423.38),
(3927, 'заложить', 519.88),
(3928, 'упор', 221.61),
(3929, 'поздравлять', 951.32),
(3930, 'казнь', 269.1),
(3931, 'эффект', 159.25),
(3932, 'реклама', 905.91),
(3933, 'изменение', 550.28),
(3934, 'голубчик', 465.01),
(3935, 'холодно', 423.12),
(3936, 'июнь', 933.58),
(3937, 'торговля', 955.18),
(3938, 'затянуться', 589.56),
(3939, 'засунуть', 579.04),
(3940, 'роскошный', 805.04),
(3941, 'команда', 59.4),
(3942, 'равнодушный', 544.99),
(3943, 'уничтожение', 446.62),
(3944, 'виднеться', 79.45),
(3945, 'дорогой', 369.06),
(3946, 'солнце', 66.92),
(3947, 'стакан', 86.6),
(3948, 'куча', 320.09),
(3949, 'наступать', 214.08),
(3950, 'пятеро', 679.94),
(3951, 'порт', 944.97),
(3952, 'сверкающий', 618.2),
(3953, 'лиловый', 214.12),
(3954, 'наткнуться', 353.04),
(3955, 'советовать', 580.15),
(3956, 'четко', 678.29),
(3957, 'передо', 524.56),
(3958, 'деловой', 135.77),
(3959, 'приличный', 354.16),
(3960, 'правый', 372.36),
(3961, 'нажать', 622.55),
(3962, 'правление', 356.27),
(3963, 'демократия', 204.19),
(3964, 'термин', 47.92),
(3965, 'анализ', 442.98),
(3966, 'карман', 866.84),
(3967, 'бегать', 584.46),
(3968, 'приходить', 917.21),
(3969, 'освободить', 478.12),
(3970, 'вскинуть', 133.7),
(3971, 'беспомощный', 875.6),
(3972, 'ягода', 916.07),
(3973, 'рис', 548.92),
(3974, 'миг', 656.63),
(3975, 'витрина', 506.41),
(3976, 'уточнить', 212.93),
(3977, 'провинция', 54.91),
(3978, 'бочок', 984.41),
(3979, 'вряд', 818.49),
(3980, 'коллектив', 486.47),
(3981, 'степь', 428.6),
(3982, 'палка', 467.14),
(3983, 'порода', 155.75),
(3984, 'коричневый', 956.87),
(3985, 'гулять', 286.39),
(3986, 'аллея', 935.2),
(3987, 'тяжелый', 189.91),
(3988, 'доставать', 15.66),
(3989, 'миг', 104.78),
(3990, 'космос', 493.27),
(3991, 'ягода', 778.53),
(3992, 'важный', 840.47),
(3993, 'прелесть', 677.21),
(3994, 'поколение', 92.41),
(3995, 'бровь', 626.78),
(3996, 'деловой', 805.79),
(3997, 'трубка', 652.13),
(3998, 'дремать', 93.16),
(3999, 'направо', 48.82),
(4000, 'растеряться', 604.57),
(4001, 'столетие', 946.24),
(4002, 'танцевать', 471.24),
(4003, 'заложить', 439.73),
(4004, 'торопливый', 896.52),
(4005, 'картинка', 598.54),
(4006, 'мучительно', 515.52),
(4007, 'пробовать', 82.01),
(4008, 'обида', 903.72),
(4009, 'князь', 813.42),
(4010, 'неудобно', 647.75),
(4011, 'ручей', 35.83),
(4012, 'космос', 412.55),
(4013, 'необычный', 594.03),
(4014, 'способ', 463.5),
(4015, 'коричневый', 857.64),
(4016, 'серьезный', 547.22),
(4017, 'увеличиваться', 684.33),
(4018, 'демократия', 118.11),
(4019, 'точно', 67.99),
(4020, 'угодный', 558.46),
(4021, 'спорт', 222.74),
(4022, 'кольцо', 204.02),
(4023, 'ученый', 346.32),
(4024, 'что', 956.74),
(4025, 'ставить', 436.5),
(4026, 'фонарик', 607.91),
(4027, 'настать', 731.85),
(4028, 'порода', 588.12),
(4029, 'горький', 10.71),
(4030, 'плясать', 13.64),
(4031, 'цепочка', 1000.32),
(4032, 'тревога', 58.48),
(4033, 'крутой', 182.51),
(4034, 'хозяйка', 57.29),
(4035, 'палец', 372.02),
(4036, 'иной', 79.97);
INSERT INTO `products` (`id`, `title`, `price`) VALUES
(4037, 'девка', 836.89),
(4038, 'тысяча', 174.46),
(4039, 'бровь', 221.88),
(4040, 'предоставить', 121.67),
(4041, 'аж', 228.16),
(4042, 'лететь', 384.81),
(4043, 'развернуться', 858.16),
(4044, 'висеть', 642.81),
(4045, 'пересечь', 11.64),
(4046, 'увеличиваться', 204.69),
(4047, 'поезд', 536.22),
(4048, 'расстройство', 828.21),
(4049, 'что', 149.86),
(4050, 'господь', 856.55),
(4051, 'тюрьма', 260.17),
(4052, 'триста', 804.64),
(4053, 'бровь', 498.89),
(4054, 'равнодушный', 53.63),
(4055, 'кожа', 907.02),
(4056, 'пастух', 175.35),
(4057, 'непривычный', 115.13),
(4058, 'жидкий', 227.56),
(4059, 'правление', 423.72),
(4060, 'собеседник', 817.91),
(4061, 'райком', 337.45),
(4062, 'жидкий', 816.08),
(4063, 'поймать', 612.54),
(4064, 'издали', 265.72),
(4065, 'налоговый', 283.8),
(4066, 'свежий', 978.69),
(4067, 'район', 351.32),
(4068, 'головной', 234.91),
(4069, 'проход', 472.93),
(4070, 'необычный', 862.34),
(4071, 'плод', 461.31),
(4072, 'полоска', 750.3),
(4073, 'редактор', 401.49),
(4074, 'монета', 562.56),
(4075, 'исследование', 799.38),
(4076, 'уронить', 270.21),
(4077, 'художественный', 34.86),
(4078, 'ночь', 286.16),
(4079, 'фонарик', 898.34),
(4080, 'конференция', 14.53),
(4081, 'актриса', 725.44),
(4082, 'результат', 435.7),
(4083, 'понятный', 459.15),
(4084, 'какой', 678.34),
(4085, 'заработать', 857.42),
(4086, 'покидать', 211.98),
(4087, 'понятный', 507.13),
(4088, 'полностью', 272.26),
(4089, 'самостоятельно', 237.01),
(4090, 'зачем', 178.47),
(4091, 'возможно', 620.69),
(4092, 'порода', 334.08),
(4093, 'демократия', 149.71),
(4094, 'командир', 503.24),
(4095, 'тюрьма', 525.79),
(4096, 'радость', 579.59),
(4097, 'указанный', 209.3),
(4098, 'картинка', 162.7),
(4099, 'выражаться', 284.83),
(4100, 'голубчик', 208.13),
(4101, 'витрина', 591.67),
(4102, 'через', 419.29),
(4103, 'пол', 584.63),
(4104, 'встать', 507.01),
(4105, 'бак', 417.38),
(4106, 'конференция', 643.75),
(4107, 'настать', 311.39),
(4108, 'при', 569.18),
(4109, 'сынок', 751.78),
(4110, 'пропадать', 594.73),
(4111, 'затянуться', 942.25),
(4112, 'промолчать', 771.83),
(4113, 'покидать', 853.19),
(4114, 'растеряться', 665.46),
(4115, 'кольцо', 411.3),
(4116, 'тревога', 552.44),
(4117, 'угодный', 536.59),
(4118, 'порода', 633.46),
(4119, 'плод', 821.05),
(4120, 'зато', 472.16),
(4121, 'важный', 158.38),
(4122, 'господь', 13.05),
(4123, 'число', 435.76),
(4124, 'невыносимый', 483.7),
(4125, 'встать', 254.96),
(4126, 'прежний', 405.97),
(4127, 'палец', 855.5),
(4128, 'тысяча', 855.93),
(4129, 'реклама', 528.99),
(4130, 'аж', 880.91),
(4131, 'освободить', 343.25),
(4132, 'тута', 500.08),
(4133, 'плод', 273.54),
(4134, 'полевой', 174.09),
(4135, 'нажать', 123.13),
(4136, 'дыхание', 16.97),
(4137, 'рабочий', 475.44),
(4138, 'цепочка', 778.41),
(4139, 'подробность', 283.54),
(4140, 'дремать', 354.05),
(4141, 'термин', 484.9),
(4142, 'ночь', 939.6),
(4143, 'поздравлять', 551.76),
(4144, 'мягкий', 522.82),
(4145, 'через', 36.33),
(4146, 'ныне', 503.87),
(4147, 'плод', 456.29),
(4148, 'разнообразный', 994.68),
(4149, 'а', 191.58),
(4150, 'нервно', 597.93),
(4151, 'уточнить', 665.19),
(4152, 'бочок', 777.49),
(4153, 'мальчишка', 368.94),
(4154, 'заявление', 273.74),
(4155, 'жидкий', 348.16),
(4156, 'мгновение', 26.92),
(4157, 'порог', 624.76),
(4158, 'ботинок', 648.43),
(4159, 'ягода', 251.51),
(4160, 'девка', 665.65),
(4161, 'валюта', 876.25),
(4162, 'поговорить', 896.24),
(4163, 'эпоха', 709.5),
(4164, 'мотоцикл', 187.51),
(4165, 'плавно', 92.13),
(4166, 'уточнить', 535.27),
(4167, 'находить', 80.45),
(4168, 'запустить', 570.64),
(4169, 'палец', 539.8),
(4170, 'левый', 602.55),
(4171, 'расстройство', 286.06),
(4172, 'крыса', 50.81),
(4173, 'конструкция', 61.79),
(4174, 'какой', 99.55),
(4175, 'зачем', 777.72),
(4176, 'рай', 276.23),
(4177, 'оборот', 593.49),
(4178, 'пробовать', 384.3),
(4179, 'вытаскивать', 172.18),
(4180, 'реклама', 218.78),
(4181, 'радость', 722.47),
(4182, 'трясти', 786.48),
(4183, 'коммунизм', 878.6),
(4184, 'дурацкий', 136.88),
(4185, 'рис', 236.54),
(4186, 'наслаждение', 28.38),
(4187, 'невыносимый', 313.71),
(4188, 'прежде', 799.61),
(4189, 'пламя', 385.97),
(4190, 'иной', 729.12),
(4191, 'что', 354.45),
(4192, 'второй', 436.19),
(4193, 'освобождение', 9.82),
(4194, 'вообще', 195.23),
(4195, 'штаб', 303.17),
(4196, 'степь', 275.9),
(4197, 'дыхание', 301.14),
(4198, 'правление', 647.63),
(4199, 'решетка', 12.5),
(4200, 'через', 242.83),
(4201, 'скользить', 749.26),
(4202, 'что', 505.56),
(4203, 'более', 342.82),
(4204, 'невозможно', 951.23),
(4205, 'перебивать', 113.5),
(4206, 'налево', 408.13),
(4207, 'вчера', 559.74),
(4208, 'цепочка', 857.45),
(4209, 'инфекция', 873.69),
(4210, 'карандаш', 134.39),
(4211, 'научить', 849.28),
(4212, 'тута', 979.01),
(4213, 'грудь', 208.47),
(4214, 'научить', 30.06),
(4215, 'беспомощный', 914.13),
(4216, 'умолять', 187.97),
(4217, 'сверкать', 226.21),
(4218, 'головка', 526.02),
(4219, 'нож', 238.73),
(4220, 'сынок', 596.28),
(4221, 'тревога', 528.28),
(4222, 'витрина', 619.83),
(4223, 'экзамен', 550.86),
(4224, 'наслаждение', 272.48),
(4225, 'правление', 367.6),
(4226, 'место', 276.85),
(4227, 'роса', 341.88),
(4228, 'снимать', 106.22),
(4229, 'кольцо', 139.78),
(4230, 'хотеть', 795.97),
(4231, 'следовательно', 648.93),
(4232, 'близко', 266.06),
(4233, 'поймать', 200.82),
(4234, 'естественный', 146.5),
(4235, 'князь', 230.86),
(4236, 'угроза', 975.93),
(4237, 'растеряться', 701.65),
(4238, 'набор', 945.64),
(4239, 'ручей', 879.15),
(4240, 'бетонный', 580.62),
(4241, 'выдержать', 16.81),
(4242, 'остановить', 270.88),
(4243, 'невыносимый', 348.4),
(4244, 'а', 413.31),
(4245, 'ученый', 554.15),
(4246, 'вариант', 380.66),
(4247, 'деловой', 408.45),
(4248, 'скрытый', 97.09),
(4249, 'салон', 295.18),
(4250, 'успокоиться', 145.72),
(4251, 'премьера', 405.16),
(4252, 'ребятишки', 12.08),
(4253, 'войти', 901.59),
(4254, 'протягивать', 970.62),
(4255, 'порода', 695.82),
(4256, 'ленинград', 595.13),
(4257, 'ложиться', 832.38),
(4258, 'тревога', 965.6),
(4259, 'тусклый', 919.72),
(4260, 'выражаться', 432.34),
(4261, 'манера', 699.88),
(4262, 'зима', 212.75),
(4263, 'проход', 561.06),
(4264, 'рабочий', 674.4),
(4265, 'тяжелый', 17.87),
(4266, 'вскинуть', 187.14),
(4267, 'еврейский', 637.49),
(4268, 'покидать', 287.45),
(4269, 'пища', 425.82),
(4270, 'руководитель', 79.79),
(4271, 'хлеб', 8.41),
(4272, 'смеяться', 839.97),
(4273, 'забирать', 341.37),
(4274, 'способ', 519),
(4275, 'район', 84.03),
(4276, 'умирать', 4.28),
(4277, 'песня', 852.24),
(4278, 'наслаждение', 325.23),
(4279, 'механический', 450.47),
(4280, 'выражение', 463.36),
(4281, 'ремень', 435.11),
(4282, 'сбросить', 961.71),
(4283, 'наслаждение', 231.83),
(4284, 'вздрогнуть', 165.11),
(4285, 'возмутиться', 397.73),
(4286, 'горький', 793.47),
(4287, 'трубка', 307.98),
(4288, 'коммунизм', 995.17),
(4289, 'порядок', 877.19),
(4290, 'триста', 236.67),
(4291, 'неудобно', 948.39),
(4292, 'пастух', 488.72),
(4293, 'теория', 871.1),
(4294, 'потянуться', 364.3),
(4295, 'скользить', 791.29),
(4296, 'дошлый', 432.28),
(4297, 'исследование', 200.72),
(4298, 'свежий', 658.74),
(4299, 'более', 58.17),
(4300, 'подземный', 936.86),
(4301, 'порог', 865.98),
(4302, 'труп', 554.93),
(4303, 'постоянный', 930.55),
(4304, 'бабочка', 438.58),
(4305, 'скрытый', 819.33),
(4306, 'волк', 438.09),
(4307, 'доставать', 751.84),
(4308, 'невозможно', 902.7),
(4309, 'остановить', 645.83),
(4310, 'передо', 107.65),
(4311, 'бочок', 66.48),
(4312, 'вздрагивать', 24.68),
(4313, 'конструкция', 389.59),
(4314, 'возмутиться', 394.41),
(4315, 'решение', 495.36),
(4316, 'степь', 884.11),
(4317, 'решетка', 842.02),
(4318, 'что', 458.56),
(4319, 'военный', 792.37),
(4320, 'труп', 816.4),
(4321, 'деловой', 269.84),
(4322, 'потянуться', 443.9),
(4323, 'теория', 733.5),
(4324, 'печатать', 878.67),
(4325, 'поставить', 811.75),
(4326, 'оборот', 330.42),
(4327, 'домашний', 508.59),
(4328, 'инфекция', 240.63),
(4329, 'добиться', 679.24),
(4330, 'карандаш', 265.64),
(4331, 'адвокат', 426.94),
(4332, 'штаб', 758.94),
(4333, 'механический', 403.45),
(4334, 'задрать', 206.18),
(4335, 'зачем', 411.67),
(4336, 'витрина', 788.28),
(4337, 'настать', 461.64),
(4338, 'аж', 935.79),
(4339, 'увеличиваться', 767.64),
(4340, 'смертельный', 86.15),
(4341, 'ботинок', 305.22),
(4342, 'господь', 693.84),
(4343, 'сопровождаться', 833.04),
(4344, 'ломать', 426.16),
(4345, 'услать', 620.39),
(4346, 'угроза', 215.5),
(4347, 'хозяйка', 349.94),
(4348, 'запустить', 324.54),
(4349, 'покинуть', 396.43),
(4350, 'слишком', 720.36),
(4351, 'направо', 533.39),
(4352, 'выгнать', 183.28),
(4353, 'пропаганда', 886.76),
(4354, 'запретить', 63.03),
(4355, 'художественный', 355.91),
(4356, 'нервно', 762.61),
(4357, 'потянуться', 672.34),
(4358, 'задрать', 858.27),
(4359, 'зачем', 320.73),
(4360, 'пропадать', 29.9),
(4361, 'ученый', 926.84),
(4362, 'премьера', 369.37),
(4363, 'тюрьма', 208.34),
(4364, 'невозможно', 334.7),
(4365, 'приходить', 165.39),
(4366, 'заведение', 263.6),
(4367, 'подробность', 245.74),
(4368, 'шлем', 140.62),
(4369, 'второй', 959.92),
(4370, 'заплакать', 710.88),
(4371, 'результат', 14.96),
(4372, 'разуметься', 981.59),
(4373, 'уронить', 137.93),
(4374, 'новый', 623.74),
(4375, 'июнь', 898.41),
(4376, 'славный', 992.17),
(4377, 'смеяться', 278.02),
(4378, 'сбросить', 673.17),
(4379, 'заведение', 454.39),
(4380, 'протягивать', 178.79),
(4381, 'полоска', 804.34),
(4382, 'костер', 665.36),
(4383, 'неправда', 596.84),
(4384, 'интернет', 98.83),
(4385, 'потом', 7.87),
(4386, 'академик', 180.51),
(4387, 'дурацкий', 440.28),
(4388, 'ныне', 157.82),
(4389, 'манера', 598.41),
(4390, 'палата', 592.7),
(4391, 'ручей', 261.11),
(4392, 'боец', 896.67),
(4393, 'девка', 450.24),
(4394, 'покидать', 242.24),
(4395, 'спичка', 178.41),
(4396, 'райком', 722.08),
(4397, 'очко', 557.59),
(4398, 'видимо', 563.19),
(4399, 'академик', 562.46),
(4400, 'вариант', 49.39),
(4401, 'бак', 987.92),
(4402, 'уничтожение', 209.66),
(4403, 'порядок', 505.8),
(4404, 'тусклый', 349.93),
(4405, 'бровь', 284.88),
(4406, 'господь', 199.81),
(4407, 'вывести', 902.67),
(4408, 'кожа', 512.33),
(4409, 'песня', 78.14),
(4410, 'банда', 660.75),
(4411, 'кольцо', 115.41),
(4412, 'покидать', 101.86),
(4413, 'соответствие', 109.58),
(4414, 'пасть', 726.23),
(4415, 'печатать', 246.69),
(4416, 'провал', 148.41),
(4417, 'тревога', 55.03),
(4418, 'актриса', 385.05),
(4419, 'невыносимый', 132),
(4420, 'славный', 151.45),
(4421, 'протягивать', 80.15),
(4422, 'выкинуть', 653.48),
(4423, 'столетие', 680.23),
(4424, 'витрина', 321.8),
(4425, 'бак', 629.84),
(4426, 'болото', 882.89),
(4427, 'рай', 669.62),
(4428, 'степь', 500.1),
(4429, 'деловой', 242.29),
(4430, 'за', 657.31),
(4431, 'научить', 11.62),
(4432, 'ребятишки', 564.63),
(4433, 'ставить', 487.02),
(4434, 'запустить', 888.23),
(4435, 'собеседник', 937.88),
(4436, 'голубчик', 508.26),
(4437, 'при', 68.75),
(4438, 'обида', 208.99),
(4439, 'деловой', 415.52),
(4440, 'космос', 124.4),
(4441, 'кольцо', 639.34),
(4442, 'возникновение', 595.32),
(4443, 'аж', 291.86),
(4444, 'миг', 290.21),
(4445, 'тута', 735.75),
(4446, 'точно', 850.12),
(4447, 'висеть', 184.4),
(4448, 'мимо', 213.21);

-- --------------------------------------------------------

--
-- Структура таблицы `products_count`
--

CREATE TABLE `products_count` (
  `product_id` int(11) NOT NULL,
  `count` int(11) NOT NULL,
  `order_id` int(11) NOT NULL
) ENGINE=InnoDB DEFAULT CHARSET=utf8;

--
-- Дамп данных таблицы `products_count`
--

INSERT INTO `products_count` (`product_id`, `count`, `order_id`) VALUES
(1, 5, 1),
(2, 7, 1),
(3, 4, 1),
(4, 10, 1),
(5, 4, 1),
(6, 1, 1),
(7, 5, 1),
(8, 4, 1),
(9, 6, 1),
(10, 1, 1),
(11, 1, 1),
(12, 14, 1),
(13, 11, 1),
(14, 11, 1),
(15, 5, 1),
(16, 15, 2),
(17, 4, 2),
(18, 15, 2),
(19, 8, 2),
(20, 10, 2),
(21, 6, 2),
(22, 13, 2),
(23, 10, 2),
(24, 15, 2),
(25, 13, 2),
(26, 7, 2),
(27, 9, 2),
(28, 12, 2),
(29, 12, 2),
(30, 14, 2),
(31, 4, 3),
(32, 5, 3),
(33, 9, 3),
(34, 8, 3),
(35, 4, 3),
(36, 3, 3),
(37, 10, 4),
(38, 14, 4),
(39, 12, 4),
(40, 6, 4),
(41, 4, 4),
(42, 12, 4),
(43, 3, 4),
(44, 6, 4),
(45, 15, 5),
(46, 7, 5),
(47, 9, 5),
(48, 2, 5),
(49, 3, 5),
(50, 5, 5),
(51, 7, 5),
(52, 1, 5),
(53, 8, 5),
(54, 9, 5),
(55, 9, 5),
(56, 12, 5),
(57, 12, 6),
(58, 12, 6),
(59, 3, 6),
(60, 9, 6),
(61, 9, 6),
(62, 9, 6),
(63, 8, 6),
(64, 8, 6),
(65, 10, 7),
(66, 8, 7),
(67, 14, 7),
(68, 3, 7),
(69, 7, 8),
(70, 1, 8),
(71, 11, 8),
(72, 11, 8),
(73, 7, 8),
(74, 2, 8),
(75, 6, 8),
(76, 1, 8),
(77, 4, 8),
(78, 10, 8),
(79, 10, 8),
(80, 2, 8),
(81, 4, 8),
(82, 7, 8),
(83, 11, 8),
(84, 8, 8),
(85, 15, 9),
(86, 2, 9),
(87, 2, 9),
(88, 14, 9),
(89, 11, 9),
(90, 5, 9),
(91, 13, 9),
(92, 11, 9),
(93, 4, 9),
(94, 1, 9),
(95, 10, 9),
(96, 15, 9),
(97, 6, 9),
(98, 4, 9),
(99, 13, 9),
(100, 14, 9),
(101, 6, 9),
(102, 11, 9),
(103, 2, 9),
(104, 6, 9),
(105, 1, 10),
(106, 1, 10),
(107, 12, 10),
(108, 2, 10),
(109, 4, 10),
(110, 5, 10),
(111, 2, 10),
(112, 8, 10),
(113, 9, 10),
(114, 2, 10),
(115, 12, 10),
(116, 7, 10),
(117, 9, 10),
(118, 11, 10),
(119, 8, 11),
(120, 13, 11),
(121, 8, 11),
(122, 7, 11),
(123, 11, 11),
(124, 8, 11),
(125, 3, 11),
(126, 14, 11),
(127, 9, 11),
(128, 5, 11),
(129, 1, 11),
(130, 13, 12),
(131, 10, 12),
(132, 14, 12),
(133, 12, 12),
(134, 14, 12),
(135, 15, 12),
(136, 2, 12),
(137, 2, 12),
(138, 9, 12),
(139, 9, 12),
(140, 12, 12),
(141, 10, 12),
(142, 15, 12),
(143, 2, 12),
(144, 9, 12),
(145, 1, 12),
(146, 8, 12),
(147, 8, 12),
(148, 4, 13),
(149, 14, 13),
(150, 15, 13),
(151, 12, 13),
(152, 7, 13),
(153, 10, 13),
(154, 12, 14),
(155, 2, 14),
(156, 6, 14),
(157, 7, 14),
(158, 4, 14),
(159, 5, 14),
(160, 7, 14),
(161, 9, 14),
(162, 1, 14),
(163, 10, 14),
(164, 4, 14),
(165, 7, 14),
(166, 1, 14),
(167, 5, 15),
(168, 9, 15),
(169, 3, 15),
(170, 7, 15),
(171, 15, 15),
(172, 6, 15),
(173, 3, 16),
(174, 12, 16),
(175, 5, 16),
(176, 6, 16),
(177, 9, 16),
(178, 12, 16),
(179, 6, 16),
(180, 5, 16),
(181, 12, 16),
(182, 15, 16),
(183, 9, 16),
(184, 3, 16),
(185, 8, 16),
(186, 2, 16),
(187, 11, 16),
(188, 13, 16),
(189, 13, 16),
(190, 2, 16),
(191, 11, 17),
(192, 4, 17),
(193, 9, 17),
(194, 11, 17),
(195, 13, 17),
(196, 9, 17),
(197, 6, 17),
(198, 12, 17),
(199, 6, 17),
(200, 4, 17),
(201, 10, 17),
(202, 3, 17),
(203, 11, 17),
(204, 11, 17),
(205, 9, 17),
(206, 3, 17),
(207, 5, 17),
(208, 9, 17),
(209, 1, 17),
(210, 15, 17),
(211, 10, 18),
(212, 9, 18),
(213, 4, 18),
(214, 6, 18),
(215, 13, 18),
(216, 3, 18),
(217, 10, 18),
(218, 12, 18),
(219, 3, 19),
(220, 1, 19),
(221, 11, 19),
(222, 12, 19),
(223, 13, 19),
(224, 7, 19),
(225, 10, 19),
(226, 6, 19),
(227, 3, 19),
(228, 2, 19),
(229, 4, 19),
(230, 13, 19),
(231, 8, 19),
(232, 12, 19),
(233, 15, 19),
(234, 1, 19),
(235, 14, 19),
(236, 10, 19),
(237, 2, 20),
(238, 6, 20),
(239, 12, 20),
(240, 14, 20),
(241, 4, 21),
(242, 9, 21),
(243, 2, 21),
(244, 9, 21),
(245, 10, 21),
(246, 15, 22),
(247, 8, 22),
(248, 10, 23),
(249, 1, 23),
(250, 12, 23),
(251, 14, 23),
(252, 15, 23),
(253, 8, 23),
(254, 12, 23),
(255, 12, 23),
(256, 3, 23),
(257, 10, 23),
(258, 14, 23),
(259, 2, 23),
(260, 10, 23),
(261, 3, 23),
(262, 5, 23),
(263, 6, 23),
(264, 10, 23),
(265, 5, 23),
(266, 8, 23),
(267, 14, 23),
(268, 1, 24),
(269, 9, 24),
(270, 6, 24),
(271, 11, 24),
(272, 9, 24),
(273, 8, 24),
(274, 15, 24),
(275, 15, 24),
(276, 3, 24),
(277, 8, 24),
(278, 15, 24),
(279, 4, 25),
(280, 6, 25),
(281, 11, 25),
(282, 1, 25),
(283, 3, 26),
(284, 8, 26),
(285, 5, 26),
(286, 7, 26),
(287, 8, 26),
(288, 10, 26),
(289, 4, 26),
(290, 15, 26),
(291, 12, 26),
(292, 2, 27),
(293, 7, 27),
(294, 2, 27),
(295, 5, 28),
(296, 10, 28),
(297, 15, 29),
(298, 4, 29),
(299, 14, 29),
(300, 3, 29),
(301, 2, 29),
(302, 9, 29),
(303, 7, 29),
(304, 2, 29),
(305, 13, 29),
(306, 9, 29),
(307, 15, 29),
(308, 5, 29),
(309, 8, 29),
(310, 3, 29),
(311, 15, 30),
(312, 1, 30),
(313, 5, 31),
(314, 2, 31),
(315, 9, 31),
(316, 5, 32),
(317, 9, 32),
(318, 11, 32),
(319, 14, 32),
(320, 12, 32),
(321, 12, 32),
(322, 6, 32),
(323, 7, 32),
(324, 4, 33),
(325, 11, 33),
(326, 3, 33),
(327, 3, 33),
(328, 6, 33),
(329, 3, 33),
(330, 13, 33),
(331, 3, 33),
(332, 1, 33),
(333, 3, 33),
(334, 13, 33),
(335, 2, 33),
(336, 11, 33),
(337, 7, 33),
(338, 12, 33),
(339, 1, 33),
(340, 14, 33),
(341, 9, 33),
(342, 7, 33),
(343, 5, 33),
(344, 15, 34),
(345, 2, 34),
(346, 12, 34),
(347, 11, 34),
(348, 12, 34),
(349, 12, 34),
(350, 15, 34),
(351, 13, 34),
(352, 7, 34),
(353, 4, 34),
(354, 10, 34),
(355, 5, 34),
(356, 5, 34),
(357, 15, 34),
(358, 4, 34),
(359, 6, 34),
(360, 6, 35),
(361, 5, 35),
(362, 8, 35),
(363, 4, 35),
(364, 11, 35),
(365, 1, 35),
(366, 15, 35),
(367, 3, 36),
(368, 13, 36),
(369, 10, 36),
(370, 3, 36),
(371, 3, 36),
(372, 13, 36),
(373, 5, 36),
(374, 4, 37),
(375, 10, 37),
(376, 13, 37),
(377, 5, 37),
(378, 2, 37),
(379, 2, 37),
(380, 6, 37),
(381, 14, 37),
(382, 13, 37),
(383, 3, 37),
(384, 15, 37),
(385, 3, 37),
(386, 8, 37),
(387, 5, 37),
(388, 9, 37),
(389, 12, 37),
(390, 15, 38),
(391, 4, 39),
(392, 10, 39),
(393, 12, 39),
(394, 7, 39),
(395, 12, 40),
(396, 11, 40),
(397, 13, 40),
(398, 7, 40),
(399, 5, 40),
(400, 6, 40),
(401, 14, 41),
(402, 1, 41),
(403, 9, 41),
(404, 10, 41),
(405, 7, 42),
(406, 2, 42),
(407, 13, 42),
(408, 1, 42),
(409, 12, 42),
(410, 12, 42),
(411, 1, 42),
(412, 5, 42),
(413, 8, 42),
(414, 15, 42),
(415, 5, 42),
(416, 13, 42),
(417, 14, 42),
(418, 14, 42),
(419, 14, 42),
(420, 8, 42),
(421, 7, 42),
(422, 7, 42),
(423, 12, 43),
(424, 4, 43),
(425, 11, 43),
(426, 14, 43),
(427, 11, 43),
(428, 1, 43),
(429, 15, 43),
(430, 11, 43),
(431, 13, 43),
(432, 14, 43),
(433, 7, 43),
(434, 13, 43),
(435, 1, 43),
(436, 12, 43),
(437, 7, 43),
(438, 2, 43),
(439, 4, 44),
(440, 11, 45),
(441, 9, 45),
(442, 6, 45),
(443, 4, 45),
(444, 3, 45),
(445, 15, 45),
(446, 1, 45),
(447, 10, 45),
(448, 6, 45),
(449, 2, 45),
(450, 8, 45),
(451, 7, 45),
(452, 15, 45),
(453, 11, 46),
(454, 14, 46),
(455, 8, 46),
(456, 1, 46),
(457, 4, 46),
(458, 13, 46),
(459, 9, 46),
(460, 9, 46),
(461, 1, 46),
(462, 12, 46),
(463, 10, 46),
(464, 2, 46),
(465, 9, 47),
(466, 12, 47),
(467, 15, 47),
(468, 9, 47),
(469, 6, 47),
(470, 6, 47),
(471, 3, 47),
(472, 4, 47),
(473, 14, 47),
(474, 10, 47),
(475, 9, 47),
(476, 11, 47),
(477, 2, 48),
(478, 14, 48),
(479, 14, 48),
(480, 4, 48),
(481, 14, 48),
(482, 7, 48),
(483, 4, 48),
(484, 4, 48),
(485, 1, 48),
(486, 14, 48),
(487, 10, 48),
(488, 2, 49),
(489, 15, 49),
(490, 13, 49),
(491, 2, 50),
(492, 10, 50),
(493, 4, 50),
(494, 11, 50),
(495, 12, 50),
(496, 11, 50),
(497, 15, 50),
(498, 9, 50),
(499, 11, 50),
(500, 1, 50),
(501, 4, 50),
(502, 14, 50),
(503, 12, 50),
(504, 14, 50),
(505, 11, 50),
(506, 6, 50),
(507, 10, 50),
(508, 11, 51),
(509, 14, 51),
(510, 14, 51),
(511, 10, 51),
(512, 8, 51),
(513, 13, 51),
(514, 10, 52),
(515, 12, 52),
(516, 2, 52),
(517, 7, 53),
(518, 12, 53),
(519, 11, 53),
(520, 3, 53),
(521, 15, 53),
(522, 10, 53),
(523, 8, 53),
(524, 14, 53),
(525, 11, 53),
(526, 12, 53),
(527, 3, 53),
(528, 5, 53),
(529, 9, 53),
(530, 12, 53),
(531, 9, 53),
(532, 1, 53),
(533, 8, 53),
(534, 8, 53),
(535, 1, 53),
(536, 5, 54),
(537, 2, 54),
(538, 7, 54),
(539, 5, 54),
(540, 11, 54),
(541, 13, 54),
(542, 10, 54),
(543, 13, 54),
(544, 4, 54),
(545, 12, 54),
(546, 11, 54),
(547, 14, 54),
(548, 7, 54),
(549, 1, 54),
(550, 5, 54),
(551, 13, 54),
(552, 14, 54),
(553, 11, 54),
(554, 4, 55),
(555, 6, 55),
(556, 9, 55),
(557, 3, 55),
(558, 3, 55),
(559, 4, 55),
(560, 4, 55),
(561, 1, 55),
(562, 4, 55),
(563, 6, 56),
(564, 14, 56),
(565, 4, 56),
(566, 15, 57),
(567, 1, 58),
(568, 10, 58),
(569, 10, 58),
(570, 5, 58),
(571, 6, 58),
(572, 14, 58),
(573, 4, 58),
(574, 3, 58),
(575, 14, 58),
(576, 10, 58),
(577, 10, 58),
(578, 1, 58),
(579, 2, 58),
(580, 8, 58),
(581, 12, 58),
(582, 9, 58),
(583, 4, 58),
(584, 10, 59),
(585, 13, 59),
(586, 9, 59),
(587, 1, 59),
(588, 7, 59),
(589, 15, 59),
(590, 11, 59),
(591, 1, 59),
(592, 12, 59),
(593, 9, 59),
(594, 14, 59),
(595, 15, 59),
(596, 10, 59),
(597, 15, 59),
(598, 11, 59),
(599, 15, 59),
(600, 3, 59),
(601, 14, 60),
(602, 5, 60),
(603, 3, 60),
(604, 6, 60),
(605, 14, 60),
(606, 5, 60),
(607, 13, 60),
(608, 9, 60),
(609, 13, 61),
(610, 8, 61),
(611, 4, 61),
(612, 1, 61),
(613, 1, 61),
(614, 8, 61),
(615, 3, 61),
(616, 11, 61),
(617, 4, 61),
(618, 9, 61),
(619, 13, 61),
(620, 11, 61),
(621, 9, 61),
(622, 7, 61),
(623, 8, 61),
(624, 3, 62),
(625, 13, 62),
(626, 5, 62),
(627, 2, 62),
(628, 3, 62),
(629, 13, 63),
(630, 7, 63),
(631, 7, 63),
(632, 9, 63),
(633, 11, 63),
(634, 7, 63),
(635, 13, 63),
(636, 2, 63),
(637, 15, 63),
(638, 5, 63),
(639, 6, 63),
(640, 4, 63),
(641, 4, 63),
(642, 3, 64),
(643, 9, 64),
(644, 6, 64),
(645, 14, 64),
(646, 1, 64),
(647, 14, 64),
(648, 14, 64),
(649, 13, 64),
(650, 12, 64),
(651, 11, 64),
(652, 6, 64),
(653, 6, 64),
(654, 12, 64),
(655, 11, 64),
(656, 10, 64),
(657, 13, 64),
(658, 1, 64),
(659, 12, 64),
(660, 4, 64),
(661, 8, 65),
(662, 11, 65),
(663, 4, 65),
(664, 9, 66),
(665, 6, 66),
(666, 5, 66),
(667, 7, 66),
(668, 1, 66),
(669, 5, 66),
(670, 5, 66),
(671, 1, 66),
(672, 12, 66),
(673, 7, 66),
(674, 2, 66),
(675, 10, 66),
(676, 15, 67),
(677, 9, 67),
(678, 5, 67),
(679, 11, 67),
(680, 6, 67),
(681, 8, 67),
(682, 6, 67),
(683, 4, 67),
(684, 15, 67),
(685, 1, 67),
(686, 7, 67),
(687, 10, 67),
(688, 11, 68),
(689, 15, 68),
(690, 7, 68),
(691, 3, 68),
(692, 6, 68),
(693, 15, 68),
(694, 13, 68),
(695, 4, 68),
(696, 3, 68),
(697, 7, 68),
(698, 2, 68),
(699, 6, 68),
(700, 3, 68),
(701, 15, 68),
(702, 9, 69),
(703, 1, 69),
(704, 2, 69),
(705, 1, 69),
(706, 7, 69),
(707, 12, 69),
(708, 11, 69),
(709, 15, 69),
(710, 7, 69),
(711, 1, 69),
(712, 6, 69),
(713, 11, 69),
(714, 14, 70),
(715, 13, 70),
(716, 6, 70),
(717, 12, 70),
(718, 15, 70),
(719, 6, 70),
(720, 3, 70),
(721, 12, 70),
(722, 11, 70),
(723, 2, 70),
(724, 6, 70),
(725, 5, 70),
(726, 5, 70),
(727, 9, 70),
(728, 3, 70),
(729, 5, 70),
(730, 3, 70),
(731, 13, 71),
(732, 14, 71),
(733, 13, 71),
(734, 2, 71),
(735, 9, 71),
(736, 5, 71),
(737, 13, 72),
(738, 13, 72),
(739, 1, 72),
(740, 9, 72),
(741, 15, 72),
(742, 3, 72),
(743, 9, 72),
(744, 6, 72),
(745, 13, 72),
(746, 13, 72),
(747, 6, 73),
(748, 13, 73),
(749, 5, 73),
(750, 3, 73),
(751, 13, 73),
(752, 4, 73),
(753, 14, 73),
(754, 6, 74),
(755, 5, 74),
(756, 9, 75),
(757, 14, 75),
(758, 3, 75),
(759, 6, 75),
(760, 5, 75),
(761, 1, 75),
(762, 8, 75),
(763, 15, 76),
(764, 12, 76),
(765, 10, 76),
(766, 5, 76),
(767, 12, 76),
(768, 4, 77),
(769, 14, 77),
(770, 10, 77),
(771, 3, 78),
(772, 2, 78),
(773, 13, 78),
(774, 9, 78),
(775, 10, 78),
(776, 3, 78),
(777, 5, 78),
(778, 5, 79),
(779, 14, 79),
(780, 9, 79),
(781, 15, 79),
(782, 14, 79),
(783, 6, 79),
(784, 5, 79),
(785, 11, 79),
(786, 9, 79),
(787, 3, 79),
(788, 2, 79),
(789, 11, 79),
(790, 4, 79),
(791, 6, 79),
(792, 10, 79),
(793, 13, 80),
(794, 14, 80),
(795, 5, 80),
(796, 3, 80),
(797, 6, 80),
(798, 4, 80),
(799, 12, 80),
(800, 9, 80),
(801, 6, 80),
(802, 14, 80),
(803, 9, 80),
(804, 3, 80),
(805, 10, 80),
(806, 15, 80),
(807, 14, 80),
(808, 6, 81),
(809, 13, 81),
(810, 1, 81),
(811, 2, 81),
(812, 5, 81),
(813, 15, 81),
(814, 12, 81),
(815, 15, 81),
(816, 15, 81),
(817, 12, 81),
(818, 15, 81),
(819, 13, 81),
(820, 9, 81),
(821, 13, 82),
(822, 14, 82),
(823, 13, 82),
(824, 8, 82),
(825, 6, 82),
(826, 15, 82),
(827, 15, 82),
(828, 5, 82),
(829, 7, 82),
(830, 5, 82),
(831, 11, 82),
(832, 6, 82),
(833, 13, 82),
(834, 12, 82),
(835, 3, 82),
(836, 6, 82),
(837, 3, 82),
(838, 13, 82),
(839, 10, 83),
(840, 7, 83),
(841, 9, 83),
(842, 1, 83),
(843, 15, 83),
(844, 10, 83),
(845, 8, 83),
(846, 2, 83),
(847, 8, 83),
(848, 12, 83),
(849, 7, 83),
(850, 13, 84),
(851, 1, 84),
(852, 4, 84),
(853, 14, 84),
(854, 5, 85),
(855, 9, 85),
(856, 4, 85),
(857, 5, 85),
(858, 14, 85),
(859, 6, 85),
(860, 8, 85),
(861, 14, 85),
(862, 14, 85),
(863, 6, 85),
(864, 14, 85),
(865, 3, 86),
(866, 7, 86),
(867, 9, 86),
(868, 11, 86),
(869, 9, 86),
(870, 4, 86),
(871, 8, 86),
(872, 8, 86),
(873, 5, 86),
(874, 4, 86),
(875, 2, 86),
(876, 8, 86),
(877, 7, 86),
(878, 2, 86),
(879, 5, 86),
(880, 9, 86),
(881, 7, 86),
(882, 11, 86),
(883, 10, 86),
(884, 15, 87),
(885, 15, 87),
(886, 2, 87),
(887, 15, 87),
(888, 4, 87),
(889, 2, 87),
(890, 14, 87),
(891, 2, 87),
(892, 12, 87),
(893, 13, 87),
(894, 9, 87),
(895, 12, 87),
(896, 9, 87),
(897, 1, 87),
(898, 10, 87),
(899, 10, 87),
(900, 5, 87),
(901, 7, 87),
(902, 12, 88),
(903, 9, 88),
(904, 11, 88),
(905, 13, 88),
(906, 5, 88),
(907, 11, 88),
(908, 13, 89),
(909, 14, 89),
(910, 7, 89),
(911, 1, 90),
(912, 8, 90),
(913, 14, 90),
(914, 13, 90),
(915, 4, 90),
(916, 9, 90),
(917, 2, 90),
(918, 7, 90),
(919, 3, 90),
(920, 9, 91),
(921, 7, 91),
(922, 3, 91),
(923, 6, 91),
(924, 15, 91),
(925, 2, 91),
(926, 8, 91),
(927, 9, 91),
(928, 11, 91),
(929, 3, 91),
(930, 2, 91),
(931, 15, 92),
(932, 1, 92),
(933, 3, 92),
(934, 15, 92),
(935, 4, 92),
(936, 14, 92),
(937, 9, 92),
(938, 6, 92),
(939, 2, 92),
(940, 11, 92),
(941, 3, 92),
(942, 12, 92),
(943, 4, 92),
(944, 14, 92),
(945, 14, 92),
(946, 7, 93),
(947, 13, 93),
(948, 15, 93),
(949, 8, 93),
(950, 12, 93),
(951, 6, 93),
(952, 4, 93),
(953, 3, 93),
(954, 6, 93),
(955, 10, 93),
(956, 1, 93),
(957, 11, 93),
(958, 15, 93),
(959, 7, 93),
(960, 11, 93),
(961, 9, 93),
(962, 6, 93),
(963, 3, 93),
(964, 4, 93),
(965, 10, 93),
(966, 6, 94),
(967, 10, 94),
(968, 1, 94),
(969, 7, 94),
(970, 8, 94),
(971, 6, 94),
(972, 8, 95),
(973, 12, 95),
(974, 6, 95),
(975, 15, 95),
(976, 5, 95),
(977, 8, 95),
(978, 3, 95),
(979, 4, 96),
(980, 9, 96),
(981, 9, 96),
(982, 10, 96),
(983, 10, 96),
(984, 5, 96),
(985, 9, 96),
(986, 13, 96),
(987, 13, 96),
(988, 14, 96),
(989, 6, 96),
(990, 12, 96),
(991, 2, 96),
(992, 7, 96),
(993, 15, 97),
(994, 13, 98),
(995, 6, 98),
(996, 15, 98),
(997, 12, 98),
(998, 5, 98),
(999, 2, 98),
(1000, 6, 98),
(1001, 13, 98),
(1002, 12, 98),
(1003, 13, 98),
(1004, 9, 99),
(1005, 14, 99),
(1006, 14, 99),
(1007, 9, 99),
(1008, 2, 99),
(1009, 1, 99),
(1010, 10, 99),
(1011, 11, 99),
(1012, 10, 99),
(1013, 15, 99),
(1014, 15, 99),
(1015, 14, 99),
(1016, 11, 99),
(1017, 11, 99),
(1018, 2, 99),
(1019, 15, 99),
(1020, 11, 100),
(1021, 14, 101),
(1022, 11, 101),
(1023, 6, 102),
(1024, 13, 102),
(1025, 13, 102),
(1026, 3, 102),
(1027, 2, 102),
(1028, 12, 102),
(1029, 2, 102),
(1030, 13, 102),
(1031, 8, 102),
(1032, 9, 102),
(1033, 4, 102),
(1034, 2, 102),
(1035, 11, 102),
(1036, 5, 102),
(1037, 13, 103),
(1038, 7, 103),
(1039, 7, 103),
(1040, 10, 103),
(1041, 11, 103),
(1042, 9, 103),
(1043, 7, 103),
(1044, 14, 103),
(1045, 11, 103),
(1046, 13, 103),
(1047, 13, 103),
(1048, 15, 103),
(1049, 9, 103),
(1050, 1, 103),
(1051, 2, 103),
(1052, 13, 103),
(1053, 8, 103),
(1054, 14, 104),
(1055, 15, 104),
(1056, 10, 104),
(1057, 2, 104),
(1058, 14, 104),
(1059, 6, 104),
(1060, 13, 104),
(1061, 11, 104),
(1062, 14, 104),
(1063, 7, 104),
(1064, 5, 105),
(1065, 4, 105),
(1066, 4, 105),
(1067, 4, 105),
(1068, 3, 105),
(1069, 12, 105),
(1070, 3, 105),
(1071, 11, 105),
(1072, 15, 105),
(1073, 11, 105),
(1074, 13, 106),
(1075, 3, 106),
(1076, 13, 106),
(1077, 3, 106),
(1078, 14, 106),
(1079, 10, 106),
(1080, 8, 106),
(1081, 7, 106),
(1082, 12, 106),
(1083, 10, 106),
(1084, 11, 106),
(1085, 15, 106),
(1086, 5, 106),
(1087, 1, 106),
(1088, 9, 106),
(1089, 14, 106),
(1090, 10, 106),
(1091, 7, 106),
(1092, 11, 106),
(1093, 6, 107),
(1094, 4, 107),
(1095, 10, 107),
(1096, 12, 107),
(1097, 4, 108),
(1098, 13, 108),
(1099, 1, 108),
(1100, 4, 108),
(1101, 7, 108),
(1102, 10, 108),
(1103, 11, 108),
(1104, 4, 109),
(1105, 6, 109),
(1106, 11, 109),
(1107, 9, 109),
(1108, 2, 109),
(1109, 11, 109),
(1110, 3, 109),
(1111, 7, 110),
(1112, 13, 110),
(1113, 5, 110),
(1114, 4, 110),
(1115, 13, 110),
(1116, 6, 110),
(1117, 14, 110),
(1118, 8, 110),
(1119, 6, 110),
(1120, 15, 110),
(1121, 7, 110),
(1122, 15, 110),
(1123, 9, 110),
(1124, 6, 110),
(1125, 6, 110),
(1126, 15, 110),
(1127, 7, 110),
(1128, 7, 110),
(1129, 14, 110),
(1130, 4, 110),
(1131, 11, 111),
(1132, 2, 111),
(1133, 4, 111),
(1134, 14, 112),
(1135, 4, 112),
(1136, 6, 112),
(1137, 9, 113),
(1138, 4, 113),
(1139, 3, 113),
(1140, 9, 113),
(1141, 2, 113),
(1142, 11, 113),
(1143, 15, 113),
(1144, 12, 113),
(1145, 4, 113),
(1146, 15, 113),
(1147, 1, 113),
(1148, 3, 114),
(1149, 9, 114),
(1150, 12, 114),
(1151, 4, 114),
(1152, 14, 114),
(1153, 10, 114),
(1154, 12, 114),
(1155, 15, 114),
(1156, 3, 114),
(1157, 2, 114),
(1158, 7, 114),
(1159, 14, 114),
(1160, 6, 114),
(1161, 2, 114),
(1162, 3, 114),
(1163, 14, 114),
(1164, 8, 115),
(1165, 1, 115),
(1166, 2, 115),
(1167, 12, 115),
(1168, 5, 115),
(1169, 6, 115),
(1170, 15, 116),
(1171, 10, 117),
(1172, 12, 117),
(1173, 2, 117),
(1174, 3, 117),
(1175, 10, 117),
(1176, 10, 117),
(1177, 10, 117),
(1178, 4, 117),
(1179, 9, 117),
(1180, 9, 118),
(1181, 4, 118),
(1182, 9, 118),
(1183, 7, 118),
(1184, 15, 118),
(1185, 15, 118),
(1186, 3, 118),
(1187, 2, 118),
(1188, 10, 118),
(1189, 13, 118),
(1190, 3, 118),
(1191, 5, 118),
(1192, 2, 118),
(1193, 3, 118),
(1194, 4, 118),
(1195, 9, 118),
(1196, 2, 118),
(1197, 12, 118),
(1198, 5, 118),
(1199, 11, 118),
(1200, 14, 119),
(1201, 2, 119),
(1202, 1, 119),
(1203, 10, 119),
(1204, 7, 119),
(1205, 3, 119),
(1206, 6, 119),
(1207, 13, 119),
(1208, 4, 119),
(1209, 15, 119),
(1210, 12, 119),
(1211, 6, 119),
(1212, 9, 120),
(1213, 6, 120),
(1214, 11, 120),
(1215, 10, 120),
(1216, 14, 120),
(1217, 15, 120),
(1218, 8, 120),
(1219, 2, 120),
(1220, 8, 120),
(1221, 11, 120),
(1222, 14, 121),
(1223, 2, 121),
(1224, 4, 121),
(1225, 5, 121),
(1226, 1, 122),
(1227, 10, 122),
(1228, 13, 122),
(1229, 9, 122),
(1230, 13, 122),
(1231, 10, 123),
(1232, 11, 123),
(1233, 4, 123),
(1234, 4, 123),
(1235, 15, 123),
(1236, 6, 123),
(1237, 14, 123),
(1238, 1, 123),
(1239, 6, 123),
(1240, 12, 123),
(1241, 15, 123),
(1242, 2, 123),
(1243, 8, 123),
(1244, 6, 123),
(1245, 1, 123),
(1246, 12, 124),
(1247, 1, 124),
(1248, 15, 124),
(1249, 2, 124),
(1250, 4, 124),
(1251, 15, 124),
(1252, 8, 124),
(1253, 10, 124),
(1254, 13, 124),
(1255, 2, 124),
(1256, 2, 124),
(1257, 7, 124),
(1258, 14, 124),
(1259, 1, 124),
(1260, 14, 124),
(1261, 5, 124),
(1262, 15, 124),
(1263, 8, 124),
(1264, 4, 124),
(1265, 6, 125),
(1266, 11, 125),
(1267, 1, 125),
(1268, 5, 125),
(1269, 13, 125),
(1270, 5, 125),
(1271, 10, 125),
(1272, 15, 125),
(1273, 9, 125),
(1274, 4, 125),
(1275, 9, 125),
(1276, 8, 125),
(1277, 1, 125),
(1278, 12, 125),
(1279, 9, 125),
(1280, 9, 125),
(1281, 7, 126),
(1282, 12, 126),
(1283, 1, 126),
(1284, 12, 126),
(1285, 12, 126),
(1286, 3, 126),
(1287, 6, 126),
(1288, 9, 127),
(1289, 13, 127),
(1290, 5, 127),
(1291, 9, 127),
(1292, 12, 127),
(1293, 11, 128),
(1294, 2, 128),
(1295, 10, 129),
(1296, 5, 129),
(1297, 8, 129),
(1298, 9, 129),
(1299, 4, 129),
(1300, 15, 129),
(1301, 11, 129),
(1302, 7, 129),
(1303, 15, 129),
(1304, 9, 130),
(1305, 7, 130),
(1306, 11, 130),
(1307, 13, 130),
(1308, 12, 130),
(1309, 3, 130),
(1310, 1, 130),
(1311, 3, 130),
(1312, 8, 130),
(1313, 11, 130),
(1314, 14, 130),
(1315, 7, 130),
(1316, 6, 130),
(1317, 6, 131),
(1318, 1, 131),
(1319, 14, 131),
(1320, 13, 131),
(1321, 10, 131),
(1322, 8, 131),
(1323, 5, 131),
(1324, 10, 131),
(1325, 2, 132),
(1326, 9, 132),
(1327, 6, 132),
(1328, 14, 133),
(1329, 4, 133),
(1330, 9, 133),
(1331, 15, 133),
(1332, 8, 133),
(1333, 3, 133),
(1334, 14, 133),
(1335, 5, 133),
(1336, 12, 133),
(1337, 7, 133),
(1338, 13, 133),
(1339, 8, 133),
(1340, 14, 133),
(1341, 4, 133),
(1342, 10, 133),
(1343, 15, 133),
(1344, 6, 133),
(1345, 8, 134),
(1346, 7, 134),
(1347, 4, 134),
(1348, 12, 134),
(1349, 7, 134),
(1350, 9, 134),
(1351, 5, 134),
(1352, 7, 134),
(1353, 15, 134),
(1354, 11, 134),
(1355, 7, 134),
(1356, 7, 134),
(1357, 4, 134),
(1358, 7, 134),
(1359, 9, 134),
(1360, 2, 134),
(1361, 3, 134),
(1362, 2, 134),
(1363, 11, 134),
(1364, 7, 135),
(1365, 2, 135),
(1366, 10, 135),
(1367, 9, 135),
(1368, 9, 135),
(1369, 14, 135),
(1370, 12, 135),
(1371, 3, 135),
(1372, 7, 135),
(1373, 15, 135),
(1374, 6, 135),
(1375, 8, 135),
(1376, 6, 135),
(1377, 1, 136),
(1378, 13, 136),
(1379, 13, 136),
(1380, 13, 136),
(1381, 3, 136),
(1382, 14, 136),
(1383, 11, 136),
(1384, 5, 136),
(1385, 2, 137),
(1386, 7, 137),
(1387, 5, 137),
(1388, 6, 137),
(1389, 7, 137),
(1390, 8, 137),
(1391, 9, 137),
(1392, 1, 137),
(1393, 13, 137),
(1394, 1, 137),
(1395, 11, 137),
(1396, 12, 137),
(1397, 8, 137),
(1398, 11, 137),
(1399, 1, 137),
(1400, 9, 137),
(1401, 11, 137),
(1402, 3, 137),
(1403, 8, 138),
(1404, 9, 138),
(1405, 7, 138),
(1406, 13, 138),
(1407, 11, 138),
(1408, 1, 138),
(1409, 6, 138),
(1410, 12, 138),
(1411, 8, 138),
(1412, 6, 138),
(1413, 13, 139),
(1414, 7, 139),
(1415, 10, 139),
(1416, 8, 140),
(1417, 11, 140),
(1418, 3, 140),
(1419, 8, 140),
(1420, 4, 140),
(1421, 15, 140),
(1422, 10, 140),
(1423, 1, 140),
(1424, 5, 140),
(1425, 12, 140),
(1426, 15, 140),
(1427, 10, 140),
(1428, 12, 140),
(1429, 12, 140),
(1430, 7, 140),
(1431, 7, 141),
(1432, 7, 141),
(1433, 3, 141),
(1434, 1, 141),
(1435, 14, 141),
(1436, 10, 141),
(1437, 1, 141),
(1438, 12, 141),
(1439, 6, 141),
(1440, 4, 141),
(1441, 6, 141),
(1442, 10, 141),
(1443, 12, 141),
(1444, 14, 141),
(1445, 3, 141),
(1446, 2, 141),
(1447, 10, 142),
(1448, 8, 142),
(1449, 1, 142),
(1450, 8, 142),
(1451, 13, 142),
(1452, 6, 142),
(1453, 5, 142),
(1454, 1, 142),
(1455, 12, 142),
(1456, 8, 142),
(1457, 7, 142),
(1458, 4, 142),
(1459, 8, 142),
(1460, 10, 142),
(1461, 11, 142),
(1462, 3, 142),
(1463, 11, 142),
(1464, 9, 142),
(1465, 3, 143),
(1466, 12, 143),
(1467, 11, 143),
(1468, 2, 144),
(1469, 13, 144),
(1470, 7, 145),
(1471, 5, 145),
(1472, 12, 146),
(1473, 13, 146),
(1474, 4, 146),
(1475, 15, 146),
(1476, 15, 146),
(1477, 4, 146),
(1478, 1, 146),
(1479, 11, 146),
(1480, 7, 146),
(1481, 13, 146),
(1482, 14, 147),
(1483, 4, 147),
(1484, 7, 147),
(1485, 15, 147),
(1486, 6, 147),
(1487, 7, 147),
(1488, 10, 148),
(1489, 4, 148),
(1490, 15, 149),
(1491, 4, 149),
(1492, 5, 149),
(1493, 5, 149),
(1494, 13, 149),
(1495, 3, 149),
(1496, 13, 149),
(1497, 4, 149),
(1498, 14, 149),
(1499, 8, 149),
(1500, 11, 149),
(1501, 2, 149),
(1502, 6, 149),
(1503, 11, 149),
(1504, 11, 149),
(1505, 15, 149),
(1506, 4, 149),
(1507, 6, 149),
(1508, 10, 149),
(1509, 10, 149),
(1510, 1, 150),
(1511, 7, 150),
(1512, 2, 150),
(1513, 8, 150),
(1514, 11, 150),
(1515, 11, 150),
(1516, 1, 150),
(1517, 5, 150),
(1518, 10, 150),
(1519, 8, 150),
(1520, 15, 150),
(1521, 14, 150),
(1522, 1, 150),
(1523, 13, 150),
(1524, 6, 150),
(1525, 14, 150),
(1526, 1, 150),
(1527, 4, 150),
(1528, 15, 150),
(1529, 1, 151),
(1530, 3, 151),
(1531, 1, 151),
(1532, 7, 151),
(1533, 11, 151),
(1534, 9, 151),
(1535, 11, 151),
(1536, 11, 151),
(1537, 7, 152),
(1538, 5, 152),
(1539, 10, 152),
(1540, 13, 152),
(1541, 4, 152),
(1542, 10, 152),
(1543, 9, 152),
(1544, 4, 152),
(1545, 8, 152),
(1546, 14, 152),
(1547, 12, 152),
(1548, 12, 152),
(1549, 14, 152),
(1550, 10, 152),
(1551, 3, 152),
(1552, 12, 152),
(1553, 14, 152),
(1554, 12, 152),
(1555, 12, 152),
(1556, 6, 152),
(1557, 11, 153),
(1558, 14, 153),
(1559, 7, 153),
(1560, 5, 153),
(1561, 8, 153),
(1562, 10, 153),
(1563, 3, 153),
(1564, 9, 153),
(1565, 3, 153),
(1566, 1, 153),
(1567, 4, 153),
(1568, 13, 153),
(1569, 6, 153),
(1570, 15, 153),
(1571, 3, 153),
(1572, 1, 153),
(1573, 8, 153),
(1574, 4, 154),
(1575, 6, 154),
(1576, 7, 154),
(1577, 6, 154),
(1578, 3, 154),
(1579, 14, 154),
(1580, 3, 154),
(1581, 3, 154),
(1582, 12, 154),
(1583, 2, 154),
(1584, 7, 154),
(1585, 2, 154),
(1586, 12, 154),
(1587, 2, 154),
(1588, 13, 154),
(1589, 9, 154),
(1590, 14, 154),
(1591, 9, 154),
(1592, 11, 155),
(1593, 5, 155),
(1594, 15, 155),
(1595, 6, 155),
(1596, 12, 155),
(1597, 2, 156),
(1598, 6, 156),
(1599, 5, 156),
(1600, 11, 156),
(1601, 11, 156),
(1602, 7, 156),
(1603, 14, 156),
(1604, 15, 156),
(1605, 9, 156),
(1606, 2, 156),
(1607, 7, 156),
(1608, 9, 156),
(1609, 4, 156),
(1610, 11, 156),
(1611, 6, 156),
(1612, 7, 156),
(1613, 7, 156),
(1614, 6, 156),
(1615, 10, 156),
(1616, 7, 157),
(1617, 15, 157),
(1618, 5, 157),
(1619, 5, 157),
(1620, 5, 157),
(1621, 7, 157),
(1622, 8, 157),
(1623, 15, 157),
(1624, 15, 157),
(1625, 1, 158),
(1626, 8, 158),
(1627, 5, 158),
(1628, 2, 158),
(1629, 4, 158),
(1630, 13, 158),
(1631, 12, 158),
(1632, 7, 158),
(1633, 13, 158),
(1634, 1, 158),
(1635, 14, 158),
(1636, 5, 158),
(1637, 10, 158),
(1638, 13, 158),
(1639, 9, 159),
(1640, 10, 159),
(1641, 13, 159),
(1642, 5, 159),
(1643, 11, 159),
(1644, 11, 159),
(1645, 1, 159),
(1646, 15, 159),
(1647, 1, 159),
(1648, 3, 160),
(1649, 10, 160),
(1650, 15, 160),
(1651, 13, 160),
(1652, 9, 160),
(1653, 2, 160),
(1654, 12, 160),
(1655, 2, 160),
(1656, 13, 160),
(1657, 15, 160),
(1658, 13, 160),
(1659, 7, 160),
(1660, 4, 160),
(1661, 7, 160),
(1662, 2, 160),
(1663, 10, 161),
(1664, 7, 161),
(1665, 6, 161),
(1666, 13, 161),
(1667, 15, 161),
(1668, 13, 161),
(1669, 5, 161),
(1670, 2, 161),
(1671, 4, 161),
(1672, 11, 161),
(1673, 8, 161),
(1674, 6, 161),
(1675, 14, 161),
(1676, 5, 161),
(1677, 11, 162),
(1678, 10, 162),
(1679, 6, 162),
(1680, 11, 162),
(1681, 14, 162),
(1682, 1, 162),
(1683, 1, 162),
(1684, 8, 162),
(1685, 8, 162),
(1686, 6, 163),
(1687, 13, 163),
(1688, 14, 163),
(1689, 11, 163),
(1690, 5, 163),
(1691, 10, 163),
(1692, 10, 164),
(1693, 9, 164),
(1694, 8, 164),
(1695, 7, 164),
(1696, 15, 164),
(1697, 12, 164),
(1698, 9, 164),
(1699, 9, 164),
(1700, 5, 164),
(1701, 4, 165),
(1702, 14, 165),
(1703, 7, 165),
(1704, 11, 165),
(1705, 15, 166),
(1706, 10, 166),
(1707, 5, 166),
(1708, 2, 166),
(1709, 6, 166),
(1710, 1, 166),
(1711, 5, 166),
(1712, 5, 166),
(1713, 13, 166),
(1714, 5, 166),
(1715, 9, 166),
(1716, 1, 166),
(1717, 11, 166),
(1718, 8, 166),
(1719, 15, 166),
(1720, 7, 166),
(1721, 9, 166),
(1722, 11, 166),
(1723, 12, 167),
(1724, 7, 167),
(1725, 5, 167),
(1726, 3, 167),
(1727, 15, 167),
(1728, 14, 167),
(1729, 15, 167),
(1730, 14, 167),
(1731, 13, 168),
(1732, 4, 168),
(1733, 3, 168),
(1734, 3, 168),
(1735, 15, 168),
(1736, 1, 168),
(1737, 6, 168),
(1738, 9, 168),
(1739, 2, 168),
(1740, 15, 168),
(1741, 13, 168),
(1742, 3, 168),
(1743, 10, 168),
(1744, 2, 168),
(1745, 4, 168),
(1746, 6, 168),
(1747, 14, 168),
(1748, 10, 168),
(1749, 13, 168),
(1750, 9, 168),
(1751, 3, 169),
(1752, 13, 169),
(1753, 14, 169),
(1754, 7, 169),
(1755, 6, 169),
(1756, 12, 169),
(1757, 3, 169),
(1758, 15, 169),
(1759, 14, 169),
(1760, 4, 169),
(1761, 5, 169),
(1762, 8, 169),
(1763, 8, 169),
(1764, 14, 170),
(1765, 5, 170),
(1766, 10, 170),
(1767, 1, 170),
(1768, 5, 170),
(1769, 9, 170),
(1770, 6, 170),
(1771, 6, 170),
(1772, 13, 170),
(1773, 3, 170),
(1774, 13, 171),
(1775, 14, 171),
(1776, 11, 171),
(1777, 4, 171),
(1778, 2, 171),
(1779, 2, 171),
(1780, 12, 171),
(1781, 14, 171),
(1782, 7, 171),
(1783, 4, 171),
(1784, 3, 171),
(1785, 8, 171),
(1786, 13, 171),
(1787, 11, 171),
(1788, 2, 171),
(1789, 13, 171),
(1790, 3, 172),
(1791, 12, 172),
(1792, 4, 172),
(1793, 3, 172),
(1794, 1, 172),
(1795, 11, 172),
(1796, 9, 172),
(1797, 1, 172),
(1798, 14, 172),
(1799, 14, 172),
(1800, 5, 172),
(1801, 5, 172),
(1802, 3, 172),
(1803, 7, 172),
(1804, 14, 173),
(1805, 3, 173),
(1806, 1, 173),
(1807, 11, 173),
(1808, 9, 173),
(1809, 6, 174),
(1810, 14, 174),
(1811, 5, 174),
(1812, 11, 174),
(1813, 2, 174),
(1814, 9, 174),
(1815, 13, 174),
(1816, 4, 174),
(1817, 6, 174),
(1818, 15, 174),
(1819, 14, 175),
(1820, 1, 175),
(1821, 9, 175),
(1822, 15, 175),
(1823, 12, 175),
(1824, 9, 175),
(1825, 8, 175),
(1826, 4, 175),
(1827, 13, 175),
(1828, 6, 175),
(1829, 2, 175),
(1830, 14, 175),
(1831, 8, 175),
(1832, 6, 175),
(1833, 3, 175),
(1834, 13, 175),
(1835, 3, 175),
(1836, 9, 176),
(1837, 5, 176),
(1838, 3, 176),
(1839, 5, 176),
(1840, 6, 176),
(1841, 11, 176),
(1842, 14, 176),
(1843, 11, 176),
(1844, 6, 176),
(1845, 6, 177),
(1846, 14, 177),
(1847, 4, 177),
(1848, 8, 177),
(1849, 6, 177),
(1850, 10, 177),
(1851, 10, 177),
(1852, 8, 178),
(1853, 2, 178),
(1854, 12, 178),
(1855, 9, 178),
(1856, 7, 178),
(1857, 3, 178),
(1858, 9, 178),
(1859, 14, 178),
(1860, 6, 178),
(1861, 13, 178),
(1862, 2, 178),
(1863, 5, 178),
(1864, 9, 178),
(1865, 9, 178),
(1866, 7, 178),
(1867, 7, 178),
(1868, 13, 179),
(1869, 11, 179),
(1870, 15, 179),
(1871, 3, 179),
(1872, 3, 179),
(1873, 1, 179),
(1874, 9, 179),
(1875, 11, 179),
(1876, 3, 180),
(1877, 12, 180),
(1878, 11, 180),
(1879, 11, 180),
(1880, 13, 180),
(1881, 5, 180),
(1882, 1, 180),
(1883, 13, 180),
(1884, 5, 181),
(1885, 13, 181),
(1886, 11, 181),
(1887, 13, 181),
(1888, 14, 181),
(1889, 6, 181),
(1890, 9, 181),
(1891, 12, 182),
(1892, 6, 182),
(1893, 1, 183),
(1894, 2, 183),
(1895, 12, 183),
(1896, 3, 183),
(1897, 7, 183),
(1898, 1, 183),
(1899, 7, 183),
(1900, 15, 183),
(1901, 11, 183),
(1902, 5, 183),
(1903, 10, 183),
(1904, 1, 183),
(1905, 8, 183),
(1906, 1, 183),
(1907, 2, 183),
(1908, 13, 183),
(1909, 7, 184),
(1910, 13, 184),
(1911, 8, 184),
(1912, 2, 184),
(1913, 15, 184),
(1914, 3, 185),
(1915, 5, 185),
(1916, 5, 185),
(1917, 12, 185),
(1918, 10, 185),
(1919, 14, 185),
(1920, 8, 185),
(1921, 15, 185),
(1922, 7, 185),
(1923, 3, 185),
(1924, 8, 185),
(1925, 11, 186),
(1926, 9, 186),
(1927, 7, 186),
(1928, 15, 186),
(1929, 10, 186),
(1930, 8, 186),
(1931, 14, 186),
(1932, 1, 187),
(1933, 2, 187),
(1934, 4, 187),
(1935, 3, 187),
(1936, 13, 187),
(1937, 3, 187),
(1938, 11, 187),
(1939, 13, 187),
(1940, 11, 187),
(1941, 12, 187),
(1942, 15, 187),
(1943, 2, 187),
(1944, 9, 187),
(1945, 10, 187),
(1946, 2, 187),
(1947, 10, 187),
(1948, 12, 187),
(1949, 7, 187),
(1950, 14, 188),
(1951, 3, 188),
(1952, 12, 188),
(1953, 14, 188),
(1954, 9, 188),
(1955, 6, 189),
(1956, 8, 189),
(1957, 2, 189),
(1958, 8, 189),
(1959, 8, 189),
(1960, 15, 189),
(1961, 1, 189),
(1962, 7, 189),
(1963, 8, 190),
(1964, 1, 191),
(1965, 10, 191),
(1966, 5, 191),
(1967, 14, 191),
(1968, 8, 191),
(1969, 1, 191),
(1970, 8, 191),
(1971, 12, 191),
(1972, 9, 191),
(1973, 7, 191),
(1974, 9, 191),
(1975, 14, 191),
(1976, 7, 191),
(1977, 15, 191),
(1978, 6, 191),
(1979, 14, 191),
(1980, 10, 191),
(1981, 12, 192),
(1982, 15, 192),
(1983, 1, 192),
(1984, 12, 192),
(1985, 11, 192),
(1986, 3, 192),
(1987, 13, 193),
(1988, 11, 193),
(1989, 9, 193),
(1990, 4, 193),
(1991, 3, 193),
(1992, 12, 193),
(1993, 1, 193),
(1994, 11, 193),
(1995, 10, 194),
(1996, 6, 194),
(1997, 14, 194),
(1998, 14, 194),
(1999, 8, 194),
(2000, 1, 194),
(2001, 3, 194),
(2002, 6, 194),
(2003, 14, 194),
(2004, 4, 194),
(2005, 11, 194),
(2006, 10, 194),
(2007, 15, 194),
(2008, 11, 194),
(2009, 5, 194),
(2010, 2, 194),
(2011, 4, 195),
(2012, 1, 195),
(2013, 6, 195),
(2014, 11, 195),
(2015, 5, 195),
(2016, 10, 195),
(2017, 7, 195),
(2018, 7, 195),
(2019, 15, 195),
(2020, 11, 195),
(2021, 7, 195),
(2022, 1, 195),
(2023, 2, 195),
(2024, 9, 195),
(2025, 3, 195),
(2026, 3, 195),
(2027, 9, 195),
(2028, 5, 196),
(2029, 15, 196),
(2030, 15, 196),
(2031, 12, 196),
(2032, 7, 196),
(2033, 10, 196),
(2034, 9, 196),
(2035, 10, 196),
(2036, 11, 196),
(2037, 13, 196),
(2038, 4, 196),
(2039, 15, 197),
(2040, 6, 197),
(2041, 11, 197),
(2042, 1, 197),
(2043, 8, 197),
(2044, 14, 197),
(2045, 6, 197),
(2046, 15, 197),
(2047, 3, 197),
(2048, 9, 197),
(2049, 8, 197),
(2050, 7, 197),
(2051, 1, 197),
(2052, 12, 197),
(2053, 13, 197),
(2054, 6, 197),
(2055, 8, 197),
(2056, 6, 197),
(2057, 1, 197),
(2058, 10, 198),
(2059, 4, 198),
(2060, 7, 198),
(2061, 11, 198),
(2062, 3, 198),
(2063, 15, 198),
(2064, 6, 198),
(2065, 3, 198),
(2066, 3, 198),
(2067, 8, 199),
(2068, 11, 199),
(2069, 2, 199),
(2070, 11, 199),
(2071, 14, 199),
(2072, 10, 199),
(2073, 1, 199),
(2074, 13, 199),
(2075, 1, 199),
(2076, 14, 199),
(2077, 1, 199),
(2078, 11, 199),
(2079, 14, 199),
(2080, 8, 199),
(2081, 14, 199),
(2082, 4, 199),
(2083, 2, 200),
(2084, 15, 200),
(2085, 3, 200),
(2086, 7, 200),
(2087, 9, 200),
(2088, 15, 200),
(2089, 12, 200),
(2090, 6, 200),
(2091, 4, 200),
(2092, 6, 200),
(2093, 15, 200),
(2094, 8, 200),
(2095, 5, 200),
(2096, 14, 200),
(2097, 13, 200),
(2098, 15, 200),
(2099, 1, 200),
(2100, 8, 200),
(2101, 11, 201),
(2102, 8, 201),
(2103, 9, 201),
(2104, 7, 201),
(2105, 1, 201),
(2106, 13, 201),
(2107, 7, 201),
(2108, 13, 201),
(2109, 5, 201),
(2110, 6, 201),
(2111, 12, 201),
(2112, 12, 201),
(2113, 7, 201),
(2114, 1, 201),
(2115, 2, 201),
(2116, 14, 201),
(2117, 10, 201),
(2118, 7, 201),
(2119, 5, 202),
(2120, 3, 202),
(2121, 4, 202),
(2122, 2, 202),
(2123, 1, 202),
(2124, 8, 202),
(2125, 4, 202),
(2126, 11, 202),
(2127, 13, 202),
(2128, 4, 202),
(2129, 2, 202),
(2130, 10, 203),
(2131, 13, 203),
(2132, 10, 203),
(2133, 3, 203),
(2134, 15, 203),
(2135, 1, 203),
(2136, 10, 203),
(2137, 8, 203),
(2138, 12, 203),
(2139, 3, 203),
(2140, 2, 203),
(2141, 15, 203),
(2142, 5, 203),
(2143, 2, 203),
(2144, 7, 203),
(2145, 8, 203),
(2146, 15, 203),
(2147, 11, 203),
(2148, 1, 203),
(2149, 2, 203),
(2150, 13, 204),
(2151, 4, 204),
(2152, 9, 204),
(2153, 6, 205),
(2154, 7, 205),
(2155, 14, 205),
(2156, 7, 205),
(2157, 6, 205),
(2158, 6, 205),
(2159, 15, 205),
(2160, 5, 205),
(2161, 2, 205),
(2162, 12, 205),
(2163, 3, 205),
(2164, 1, 205),
(2165, 9, 205),
(2166, 9, 205),
(2167, 12, 205),
(2168, 10, 205),
(2169, 2, 206),
(2170, 6, 206),
(2171, 12, 206),
(2172, 7, 206),
(2173, 8, 206),
(2174, 15, 206),
(2175, 10, 206),
(2176, 11, 207),
(2177, 2, 207),
(2178, 9, 207),
(2179, 13, 207),
(2180, 13, 207),
(2181, 6, 207),
(2182, 13, 207),
(2183, 15, 207),
(2184, 12, 207),
(2185, 9, 207),
(2186, 9, 207),
(2187, 14, 207),
(2188, 7, 207),
(2189, 4, 207),
(2190, 7, 207),
(2191, 10, 207),
(2192, 9, 207),
(2193, 6, 207),
(2194, 12, 208),
(2195, 1, 208),
(2196, 7, 208),
(2197, 12, 208),
(2198, 6, 208),
(2199, 10, 208),
(2200, 12, 208),
(2201, 2, 208),
(2202, 8, 208),
(2203, 13, 208),
(2204, 10, 208),
(2205, 13, 208),
(2206, 2, 208),
(2207, 11, 208),
(2208, 11, 208),
(2209, 9, 209),
(2210, 13, 209),
(2211, 2, 209),
(2212, 4, 209),
(2213, 8, 209),
(2214, 1, 209),
(2215, 10, 210),
(2216, 7, 210),
(2217, 14, 210),
(2218, 2, 210),
(2219, 14, 210),
(2220, 3, 210),
(2221, 1, 210),
(2222, 4, 210),
(2223, 11, 210),
(2224, 6, 210),
(2225, 3, 210),
(2226, 9, 210),
(2227, 11, 210),
(2228, 10, 210),
(2229, 7, 210),
(2230, 15, 210),
(2231, 12, 210),
(2232, 8, 211),
(2233, 14, 211),
(2234, 1, 211),
(2235, 8, 211),
(2236, 6, 211),
(2237, 6, 211),
(2238, 8, 211),
(2239, 1, 211),
(2240, 9, 211),
(2241, 8, 212),
(2242, 9, 212),
(2243, 9, 212),
(2244, 8, 213),
(2245, 5, 213),
(2246, 9, 213),
(2247, 9, 213),
(2248, 7, 214),
(2249, 15, 215),
(2250, 14, 215),
(2251, 2, 215),
(2252, 6, 216),
(2253, 12, 216),
(2254, 11, 216),
(2255, 12, 216),
(2256, 4, 216),
(2257, 12, 216),
(2258, 11, 216),
(2259, 2, 216),
(2260, 7, 216),
(2261, 13, 216),
(2262, 2, 217),
(2263, 4, 217),
(2264, 1, 217),
(2265, 3, 217),
(2266, 10, 217),
(2267, 3, 217),
(2268, 7, 217),
(2269, 4, 217),
(2270, 8, 217),
(2271, 14, 217),
(2272, 2, 217),
(2273, 3, 218),
(2274, 11, 218),
(2275, 12, 218),
(2276, 6, 218),
(2277, 6, 218),
(2278, 10, 218),
(2279, 8, 218),
(2280, 8, 218),
(2281, 9, 218),
(2282, 1, 218),
(2283, 4, 218),
(2284, 2, 218),
(2285, 15, 218),
(2286, 11, 218),
(2287, 1, 219),
(2288, 1, 219),
(2289, 3, 219),
(2290, 5, 220),
(2291, 9, 220),
(2292, 10, 220),
(2293, 4, 220),
(2294, 12, 220),
(2295, 12, 220),
(2296, 11, 220),
(2297, 13, 220),
(2298, 6, 220),
(2299, 8, 221),
(2300, 3, 221),
(2301, 1, 221),
(2302, 2, 221),
(2303, 3, 221),
(2304, 6, 221),
(2305, 6, 221),
(2306, 7, 221),
(2307, 2, 221),
(2308, 6, 221),
(2309, 3, 221),
(2310, 13, 221),
(2311, 3, 221),
(2312, 9, 221),
(2313, 7, 221),
(2314, 13, 221),
(2315, 9, 221),
(2316, 6, 221),
(2317, 11, 221),
(2318, 3, 222),
(2319, 10, 222),
(2320, 8, 222),
(2321, 1, 222),
(2322, 9, 222),
(2323, 12, 222),
(2324, 13, 222),
(2325, 5, 222),
(2326, 5, 222),
(2327, 3, 222),
(2328, 14, 222),
(2329, 4, 222),
(2330, 4, 222),
(2331, 5, 222),
(2332, 4, 222),
(2333, 14, 222),
(2334, 9, 223),
(2335, 10, 223),
(2336, 9, 223),
(2337, 5, 223),
(2338, 7, 223),
(2339, 9, 224),
(2340, 14, 224),
(2341, 11, 224),
(2342, 10, 224),
(2343, 6, 224),
(2344, 12, 224),
(2345, 6, 224),
(2346, 15, 224),
(2347, 10, 224),
(2348, 1, 224),
(2349, 15, 224),
(2350, 2, 224),
(2351, 9, 224),
(2352, 9, 224),
(2353, 6, 224),
(2354, 1, 224),
(2355, 7, 225),
(2356, 7, 225),
(2357, 2, 225),
(2358, 10, 225),
(2359, 6, 225),
(2360, 9, 225),
(2361, 9, 225),
(2362, 13, 225),
(2363, 13, 225),
(2364, 12, 225),
(2365, 14, 225),
(2366, 15, 225),
(2367, 1, 226),
(2368, 8, 226),
(2369, 4, 226),
(2370, 12, 226),
(2371, 3, 226),
(2372, 11, 226),
(2373, 5, 226),
(2374, 1, 226),
(2375, 7, 227),
(2376, 2, 227),
(2377, 8, 227),
(2378, 14, 228),
(2379, 2, 228),
(2380, 1, 228),
(2381, 6, 228),
(2382, 11, 228),
(2383, 12, 228),
(2384, 9, 228),
(2385, 9, 228),
(2386, 14, 229),
(2387, 7, 229),
(2388, 14, 229),
(2389, 6, 229),
(2390, 10, 229),
(2391, 3, 229),
(2392, 11, 229),
(2393, 15, 229),
(2394, 13, 229),
(2395, 11, 229),
(2396, 2, 229),
(2397, 5, 229),
(2398, 2, 229),
(2399, 8, 229),
(2400, 8, 229),
(2401, 12, 230),
(2402, 7, 230),
(2403, 12, 230),
(2404, 5, 230),
(2405, 8, 230),
(2406, 1, 230),
(2407, 12, 230),
(2408, 9, 230),
(2409, 3, 230),
(2410, 6, 230),
(2411, 2, 230),
(2412, 11, 231),
(2413, 1, 231),
(2414, 10, 231),
(2415, 14, 231),
(2416, 15, 231),
(2417, 10, 231),
(2418, 4, 231),
(2419, 9, 231),
(2420, 12, 231),
(2421, 8, 232),
(2422, 11, 232),
(2423, 6, 232),
(2424, 6, 232),
(2425, 8, 232),
(2426, 5, 233),
(2427, 3, 233),
(2428, 13, 233),
(2429, 8, 233),
(2430, 15, 233),
(2431, 5, 233),
(2432, 5, 233),
(2433, 4, 234),
(2434, 14, 234),
(2435, 12, 234),
(2436, 10, 234),
(2437, 13, 235),
(2438, 12, 235),
(2439, 15, 235),
(2440, 1, 236),
(2441, 10, 236),
(2442, 10, 236),
(2443, 6, 236),
(2444, 15, 236),
(2445, 12, 236),
(2446, 8, 237),
(2447, 13, 237),
(2448, 7, 237),
(2449, 3, 237),
(2450, 12, 237),
(2451, 15, 237),
(2452, 7, 237),
(2453, 7, 237),
(2454, 15, 238),
(2455, 10, 238),
(2456, 10, 239),
(2457, 11, 239),
(2458, 6, 239),
(2459, 14, 239),
(2460, 7, 239),
(2461, 6, 239),
(2462, 15, 239),
(2463, 2, 240),
(2464, 7, 240),
(2465, 1, 240),
(2466, 11, 240),
(2467, 8, 240),
(2468, 4, 240),
(2469, 1, 240),
(2470, 3, 240),
(2471, 9, 240),
(2472, 13, 241),
(2473, 11, 241),
(2474, 15, 241),
(2475, 11, 241),
(2476, 3, 241),
(2477, 9, 241),
(2478, 4, 241),
(2479, 6, 241),
(2480, 13, 241),
(2481, 5, 241),
(2482, 3, 241),
(2483, 5, 241),
(2484, 12, 241),
(2485, 11, 241),
(2486, 9, 242),
(2487, 9, 242),
(2488, 5, 242),
(2489, 7, 242),
(2490, 12, 242),
(2491, 7, 242),
(2492, 8, 242),
(2493, 13, 242),
(2494, 12, 242),
(2495, 10, 242),
(2496, 7, 242),
(2497, 9, 242),
(2498, 14, 242),
(2499, 9, 242),
(2500, 6, 242),
(2501, 12, 243),
(2502, 1, 243),
(2503, 13, 243),
(2504, 7, 243),
(2505, 9, 243),
(2506, 12, 243),
(2507, 11, 244),
(2508, 9, 244),
(2509, 6, 244),
(2510, 14, 244),
(2511, 12, 244),
(2512, 4, 244),
(2513, 13, 244),
(2514, 12, 244),
(2515, 8, 244),
(2516, 4, 244),
(2517, 15, 244),
(2518, 10, 244),
(2519, 5, 244),
(2520, 3, 245),
(2521, 15, 245),
(2522, 2, 245),
(2523, 7, 246),
(2524, 6, 246),
(2525, 14, 246),
(2526, 2, 246),
(2527, 4, 246),
(2528, 14, 246),
(2529, 7, 246),
(2530, 13, 246),
(2531, 1, 246),
(2532, 10, 247),
(2533, 13, 247),
(2534, 9, 247),
(2535, 8, 247),
(2536, 2, 247),
(2537, 3, 247),
(2538, 8, 247),
(2539, 12, 247),
(2540, 5, 247),
(2541, 9, 247),
(2542, 2, 247),
(2543, 2, 247),
(2544, 12, 247),
(2545, 7, 247),
(2546, 4, 248),
(2547, 15, 248),
(2548, 8, 248),
(2549, 3, 248),
(2550, 2, 248),
(2551, 6, 248),
(2552, 8, 248),
(2553, 10, 248),
(2554, 2, 248),
(2555, 3, 248),
(2556, 9, 248),
(2557, 4, 248),
(2558, 12, 248),
(2559, 8, 248),
(2560, 7, 248),
(2561, 9, 248),
(2562, 7, 248),
(2563, 6, 248),
(2564, 9, 248),
(2565, 8, 248),
(2566, 12, 249),
(2567, 1, 249),
(2568, 1, 249),
(2569, 14, 249),
(2570, 13, 249),
(2571, 11, 249),
(2572, 3, 249),
(2573, 5, 249),
(2574, 3, 249),
(2575, 7, 249),
(2576, 11, 249),
(2577, 13, 249),
(2578, 10, 249),
(2579, 13, 249),
(2580, 2, 249),
(2581, 8, 249),
(2582, 7, 249),
(2583, 4, 249),
(2584, 15, 249),
(2585, 4, 249),
(2586, 11, 250),
(2587, 14, 250),
(2588, 2, 250),
(2589, 7, 250),
(2590, 7, 250),
(2591, 7, 250),
(2592, 14, 250),
(2593, 14, 250),
(2594, 2, 250),
(2595, 1, 250),
(2596, 2, 250),
(2597, 2, 250),
(2598, 10, 250),
(2599, 12, 250),
(2600, 15, 251),
(2601, 11, 251),
(2602, 10, 251),
(2603, 3, 251),
(2604, 10, 252),
(2605, 8, 252),
(2606, 6, 252),
(2607, 1, 252),
(2608, 1, 252),
(2609, 11, 252),
(2610, 9, 252),
(2611, 7, 252),
(2612, 6, 252),
(2613, 7, 252),
(2614, 2, 252),
(2615, 3, 252),
(2616, 1, 252),
(2617, 10, 252),
(2618, 12, 252),
(2619, 13, 252),
(2620, 1, 252),
(2621, 14, 253),
(2622, 3, 253),
(2623, 10, 253),
(2624, 2, 253),
(2625, 11, 253),
(2626, 4, 254),
(2627, 10, 254),
(2628, 11, 254),
(2629, 10, 254),
(2630, 3, 254),
(2631, 12, 254),
(2632, 5, 255),
(2633, 4, 255),
(2634, 15, 255),
(2635, 11, 255),
(2636, 15, 255),
(2637, 1, 255),
(2638, 6, 255),
(2639, 14, 255),
(2640, 9, 255),
(2641, 4, 255),
(2642, 15, 255),
(2643, 3, 255),
(2644, 4, 255),
(2645, 9, 255),
(2646, 12, 255),
(2647, 11, 255),
(2648, 1, 255),
(2649, 6, 255),
(2650, 8, 256),
(2651, 9, 256),
(2652, 5, 256),
(2653, 1, 256),
(2654, 4, 256),
(2655, 9, 256),
(2656, 7, 256),
(2657, 12, 256),
(2658, 15, 256),
(2659, 10, 256),
(2660, 11, 256),
(2661, 15, 256),
(2662, 14, 256),
(2663, 10, 256),
(2664, 3, 256),
(2665, 14, 256),
(2666, 9, 256),
(2667, 13, 257),
(2668, 2, 257),
(2669, 9, 257),
(2670, 3, 257),
(2671, 2, 258),
(2672, 13, 258),
(2673, 9, 258),
(2674, 5, 258),
(2675, 10, 258),
(2676, 14, 258),
(2677, 3, 258),
(2678, 11, 258),
(2679, 8, 258),
(2680, 5, 258),
(2681, 12, 258),
(2682, 4, 258),
(2683, 7, 258),
(2684, 2, 258),
(2685, 13, 258),
(2686, 6, 258),
(2687, 5, 258),
(2688, 10, 258),
(2689, 10, 258),
(2690, 3, 258),
(2691, 4, 259),
(2692, 15, 259),
(2693, 5, 259),
(2694, 3, 259),
(2695, 12, 259),
(2696, 3, 259),
(2697, 8, 259),
(2698, 7, 259),
(2699, 2, 259),
(2700, 1, 259),
(2701, 15, 259),
(2702, 1, 259),
(2703, 15, 259),
(2704, 2, 259),
(2705, 15, 259),
(2706, 10, 259),
(2707, 7, 259),
(2708, 5, 259),
(2709, 2, 260),
(2710, 15, 260),
(2711, 8, 260),
(2712, 13, 260),
(2713, 8, 260),
(2714, 5, 260),
(2715, 5, 260),
(2716, 15, 260),
(2717, 5, 260),
(2718, 12, 260),
(2719, 2, 260),
(2720, 10, 260),
(2721, 13, 261),
(2722, 12, 261),
(2723, 10, 261),
(2724, 1, 261),
(2725, 8, 261),
(2726, 6, 261),
(2727, 4, 261),
(2728, 5, 261),
(2729, 3, 261),
(2730, 6, 261),
(2731, 4, 261),
(2732, 5, 261),
(2733, 1, 261),
(2734, 2, 261),
(2735, 5, 261),
(2736, 4, 261),
(2737, 7, 261),
(2738, 10, 261),
(2739, 6, 261),
(2740, 14, 262),
(2741, 13, 262),
(2742, 12, 262),
(2743, 15, 262),
(2744, 15, 262),
(2745, 10, 262),
(2746, 14, 262),
(2747, 10, 262),
(2748, 7, 262),
(2749, 3, 262),
(2750, 6, 262),
(2751, 7, 262),
(2752, 7, 262),
(2753, 11, 262),
(2754, 8, 262),
(2755, 9, 262),
(2756, 9, 262),
(2757, 14, 263),
(2758, 14, 263),
(2759, 4, 263),
(2760, 6, 263),
(2761, 8, 263),
(2762, 15, 263),
(2763, 11, 263),
(2764, 1, 263),
(2765, 9, 263),
(2766, 4, 264),
(2767, 13, 264),
(2768, 7, 264),
(2769, 7, 264),
(2770, 5, 264),
(2771, 15, 264),
(2772, 14, 264),
(2773, 13, 265),
(2774, 7, 265),
(2775, 8, 265),
(2776, 13, 265),
(2777, 9, 265),
(2778, 2, 265),
(2779, 15, 265),
(2780, 11, 265),
(2781, 14, 265),
(2782, 11, 265),
(2783, 5, 265),
(2784, 9, 265),
(2785, 3, 265),
(2786, 2, 265),
(2787, 14, 265),
(2788, 1, 265),
(2789, 14, 265),
(2790, 6, 265),
(2791, 11, 266),
(2792, 6, 266),
(2793, 9, 266),
(2794, 8, 266),
(2795, 12, 266),
(2796, 15, 266),
(2797, 15, 266),
(2798, 1, 266),
(2799, 13, 266),
(2800, 4, 266),
(2801, 10, 266),
(2802, 6, 266),
(2803, 13, 266),
(2804, 12, 266),
(2805, 7, 266),
(2806, 15, 266),
(2807, 12, 266),
(2808, 6, 266),
(2809, 11, 267),
(2810, 5, 267),
(2811, 5, 268),
(2812, 7, 268),
(2813, 15, 268),
(2814, 11, 268),
(2815, 4, 268),
(2816, 13, 268),
(2817, 14, 268),
(2818, 14, 268),
(2819, 3, 268),
(2820, 11, 268),
(2821, 13, 269),
(2822, 12, 269),
(2823, 11, 269),
(2824, 14, 269),
(2825, 7, 269),
(2826, 9, 269),
(2827, 5, 269),
(2828, 10, 269),
(2829, 8, 269),
(2830, 11, 269),
(2831, 10, 269),
(2832, 5, 269),
(2833, 3, 269),
(2834, 11, 269),
(2835, 7, 269),
(2836, 13, 270),
(2837, 12, 270),
(2838, 12, 270),
(2839, 13, 270),
(2840, 9, 270),
(2841, 11, 270),
(2842, 6, 270),
(2843, 2, 270),
(2844, 1, 270),
(2845, 7, 270),
(2846, 8, 270),
(2847, 6, 270),
(2848, 4, 270),
(2849, 1, 270),
(2850, 2, 271),
(2851, 1, 271),
(2852, 5, 271),
(2853, 15, 271),
(2854, 6, 271),
(2855, 9, 271),
(2856, 10, 271),
(2857, 13, 272),
(2858, 14, 272),
(2859, 1, 272),
(2860, 15, 272),
(2861, 13, 272),
(2862, 3, 272),
(2863, 1, 273),
(2864, 6, 273),
(2865, 3, 273),
(2866, 1, 273),
(2867, 11, 273),
(2868, 4, 274),
(2869, 9, 274),
(2870, 4, 274),
(2871, 9, 274),
(2872, 15, 274),
(2873, 5, 274),
(2874, 8, 275),
(2875, 7, 276),
(2876, 14, 276),
(2877, 12, 276),
(2878, 3, 276),
(2879, 11, 277),
(2880, 1, 277),
(2881, 6, 277),
(2882, 11, 277),
(2883, 2, 277),
(2884, 13, 277),
(2885, 11, 277),
(2886, 6, 277),
(2887, 10, 277),
(2888, 15, 277),
(2889, 3, 277),
(2890, 5, 277),
(2891, 12, 277),
(2892, 15, 277),
(2893, 11, 277),
(2894, 8, 277),
(2895, 11, 278),
(2896, 1, 278),
(2897, 4, 278),
(2898, 15, 278),
(2899, 8, 278),
(2900, 4, 278),
(2901, 8, 278),
(2902, 4, 278),
(2903, 15, 278),
(2904, 9, 278),
(2905, 10, 278),
(2906, 2, 278),
(2907, 2, 278),
(2908, 4, 278),
(2909, 5, 279),
(2910, 6, 279),
(2911, 11, 279),
(2912, 3, 279),
(2913, 15, 279),
(2914, 3, 279),
(2915, 15, 279),
(2916, 11, 280),
(2917, 15, 280),
(2918, 11, 280),
(2919, 1, 280),
(2920, 9, 280),
(2921, 3, 280),
(2922, 1, 280),
(2923, 12, 280),
(2924, 5, 280),
(2925, 10, 280),
(2926, 12, 280),
(2927, 7, 280),
(2928, 11, 280),
(2929, 7, 280),
(2930, 4, 281),
(2931, 10, 282),
(2932, 2, 282),
(2933, 9, 282),
(2934, 13, 282),
(2935, 11, 282),
(2936, 15, 282),
(2937, 7, 282),
(2938, 12, 282),
(2939, 1, 283),
(2940, 4, 283),
(2941, 9, 284),
(2942, 9, 284),
(2943, 9, 284),
(2944, 6, 284),
(2945, 11, 284),
(2946, 11, 284),
(2947, 6, 284),
(2948, 15, 284),
(2949, 14, 284),
(2950, 15, 284),
(2951, 4, 284),
(2952, 12, 284),
(2953, 5, 284),
(2954, 13, 284),
(2955, 12, 284),
(2956, 11, 284),
(2957, 7, 284),
(2958, 15, 285),
(2959, 11, 285),
(2960, 13, 285),
(2961, 8, 285),
(2962, 2, 285),
(2963, 3, 285),
(2964, 1, 285),
(2965, 5, 285),
(2966, 3, 285),
(2967, 12, 285),
(2968, 10, 285),
(2969, 9, 285),
(2970, 3, 285),
(2971, 8, 285),
(2972, 14, 285),
(2973, 3, 285),
(2974, 6, 286),
(2975, 4, 286),
(2976, 3, 286),
(2977, 14, 286),
(2978, 5, 286),
(2979, 2, 286),
(2980, 2, 286),
(2981, 12, 286),
(2982, 5, 286),
(2983, 6, 287),
(2984, 11, 287),
(2985, 14, 287),
(2986, 6, 287),
(2987, 12, 287),
(2988, 2, 287),
(2989, 13, 287),
(2990, 9, 287),
(2991, 4, 287),
(2992, 8, 287),
(2993, 15, 287),
(2994, 11, 287),
(2995, 5, 287),
(2996, 15, 287),
(2997, 1, 287),
(2998, 10, 288),
(2999, 10, 288),
(3000, 4, 288),
(3001, 3, 289),
(3002, 6, 289),
(3003, 9, 289),
(3004, 7, 289),
(3005, 10, 289),
(3006, 5, 289),
(3007, 1, 290),
(3008, 4, 290),
(3009, 6, 290),
(3010, 3, 290),
(3011, 9, 291),
(3012, 9, 291),
(3013, 14, 291),
(3014, 11, 291),
(3015, 15, 291),
(3016, 3, 291),
(3017, 1, 291),
(3018, 12, 291),
(3019, 11, 291),
(3020, 5, 291),
(3021, 10, 291),
(3022, 6, 291),
(3023, 9, 291),
(3024, 1, 291),
(3025, 1, 291),
(3026, 5, 291),
(3027, 2, 291),
(3028, 10, 291),
(3029, 13, 292),
(3030, 12, 292),
(3031, 6, 292),
(3032, 3, 292),
(3033, 2, 292),
(3034, 4, 292),
(3035, 4, 292),
(3036, 9, 292),
(3037, 11, 292),
(3038, 12, 292),
(3039, 9, 292),
(3040, 12, 292),
(3041, 14, 293),
(3042, 10, 293),
(3043, 15, 293),
(3044, 10, 293),
(3045, 10, 293),
(3046, 12, 293),
(3047, 1, 293),
(3048, 1, 293),
(3049, 10, 293),
(3050, 7, 293),
(3051, 9, 293),
(3052, 5, 293),
(3053, 11, 293),
(3054, 2, 293),
(3055, 15, 293),
(3056, 4, 293),
(3057, 5, 293),
(3058, 9, 293),
(3059, 7, 294),
(3060, 4, 294),
(3061, 7, 294),
(3062, 1, 294),
(3063, 12, 294),
(3064, 5, 294),
(3065, 14, 294),
(3066, 13, 294),
(3067, 15, 294),
(3068, 15, 294),
(3069, 5, 294),
(3070, 15, 294),
(3071, 3, 294),
(3072, 6, 294),
(3073, 15, 294),
(3074, 2, 294),
(3075, 11, 294),
(3076, 8, 294),
(3077, 10, 295),
(3078, 1, 295),
(3079, 13, 295),
(3080, 8, 295),
(3081, 14, 295),
(3082, 9, 295),
(3083, 5, 295),
(3084, 12, 295),
(3085, 11, 295),
(3086, 10, 295),
(3087, 1, 295),
(3088, 15, 295),
(3089, 12, 296),
(3090, 11, 296),
(3091, 7, 296),
(3092, 12, 296),
(3093, 2, 296),
(3094, 8, 296),
(3095, 6, 296),
(3096, 14, 296),
(3097, 1, 296),
(3098, 8, 296),
(3099, 9, 296),
(3100, 5, 296),
(3101, 13, 296),
(3102, 1, 296),
(3103, 3, 296),
(3104, 13, 296),
(3105, 4, 296),
(3106, 6, 297),
(3107, 13, 297),
(3108, 10, 297),
(3109, 1, 297),
(3110, 9, 297),
(3111, 3, 297),
(3112, 15, 297),
(3113, 11, 297),
(3114, 7, 297),
(3115, 3, 297),
(3116, 12, 297),
(3117, 8, 297),
(3118, 5, 297),
(3119, 5, 297),
(3120, 14, 298),
(3121, 1, 298),
(3122, 6, 298),
(3123, 5, 298),
(3124, 2, 298),
(3125, 1, 299),
(3126, 15, 299),
(3127, 14, 299),
(3128, 3, 299),
(3129, 8, 299),
(3130, 14, 299),
(3131, 6, 299),
(3132, 12, 299),
(3133, 4, 299),
(3134, 12, 300),
(3135, 6, 300),
(3136, 12, 300),
(3137, 3, 300),
(3138, 6, 300),
(3139, 3, 300),
(3140, 6, 300),
(3141, 4, 300),
(3142, 1, 300),
(3143, 12, 300),
(3144, 12, 300),
(3145, 6, 300),
(3146, 12, 300),
(3147, 9, 300),
(3148, 12, 300),
(3149, 12, 301),
(3150, 6, 301),
(3151, 8, 301),
(3152, 1, 301),
(3153, 15, 301),
(3154, 2, 301),
(3155, 14, 301),
(3156, 14, 301),
(3157, 1, 301),
(3158, 14, 301),
(3159, 1, 301),
(3160, 7, 301),
(3161, 7, 301),
(3162, 13, 301),
(3163, 7, 301),
(3164, 9, 302),
(3165, 15, 302),
(3166, 14, 302),
(3167, 5, 302),
(3168, 8, 302),
(3169, 5, 302),
(3170, 6, 302),
(3171, 10, 302),
(3172, 3, 302),
(3173, 8, 302),
(3174, 9, 302),
(3175, 4, 302),
(3176, 4, 303),
(3177, 3, 304),
(3178, 8, 304),
(3179, 14, 305),
(3180, 3, 305),
(3181, 6, 305),
(3182, 14, 305),
(3183, 7, 305),
(3184, 11, 305),
(3185, 6, 305),
(3186, 12, 305),
(3187, 12, 305),
(3188, 4, 305),
(3189, 13, 305),
(3190, 8, 305),
(3191, 14, 305),
(3192, 14, 305),
(3193, 12, 305),
(3194, 8, 305),
(3195, 2, 305),
(3196, 12, 306),
(3197, 14, 306),
(3198, 1, 306),
(3199, 11, 306),
(3200, 10, 306),
(3201, 4, 306),
(3202, 2, 306),
(3203, 13, 306),
(3204, 15, 306),
(3205, 9, 306),
(3206, 13, 306),
(3207, 3, 306),
(3208, 11, 306),
(3209, 6, 306),
(3210, 10, 306),
(3211, 4, 306),
(3212, 8, 306),
(3213, 12, 306),
(3214, 9, 306),
(3215, 12, 307),
(3216, 8, 308),
(3217, 2, 308),
(3218, 15, 308),
(3219, 15, 308),
(3220, 12, 308),
(3221, 4, 308),
(3222, 6, 308),
(3223, 12, 308),
(3224, 6, 308),
(3225, 13, 308),
(3226, 13, 308),
(3227, 3, 308),
(3228, 10, 308),
(3229, 3, 308),
(3230, 15, 308),
(3231, 8, 308),
(3232, 8, 308),
(3233, 1, 308),
(3234, 2, 308),
(3235, 1, 309),
(3236, 8, 309),
(3237, 5, 309),
(3238, 8, 309),
(3239, 12, 309),
(3240, 10, 309),
(3241, 7, 309),
(3242, 11, 309),
(3243, 4, 309),
(3244, 5, 309),
(3245, 3, 309),
(3246, 8, 309),
(3247, 1, 309),
(3248, 3, 309),
(3249, 2, 309),
(3250, 14, 309),
(3251, 1, 310),
(3252, 12, 310),
(3253, 3, 310),
(3254, 4, 310),
(3255, 7, 310),
(3256, 2, 310),
(3257, 12, 310),
(3258, 3, 310),
(3259, 14, 311),
(3260, 15, 311),
(3261, 13, 311),
(3262, 4, 311),
(3263, 2, 311),
(3264, 6, 311),
(3265, 6, 311),
(3266, 11, 311),
(3267, 13, 311),
(3268, 10, 311),
(3269, 6, 311),
(3270, 3, 311),
(3271, 4, 311),
(3272, 3, 311),
(3273, 2, 311),
(3274, 1, 311),
(3275, 9, 312),
(3276, 8, 313),
(3277, 12, 313),
(3278, 8, 313),
(3279, 9, 313),
(3280, 14, 313),
(3281, 6, 313),
(3282, 13, 313),
(3283, 1, 313),
(3284, 6, 313),
(3285, 2, 313),
(3286, 10, 313),
(3287, 10, 313),
(3288, 4, 313),
(3289, 3, 313),
(3290, 11, 313),
(3291, 4, 313),
(3292, 14, 314),
(3293, 15, 314),
(3294, 10, 314),
(3295, 14, 314),
(3296, 15, 314),
(3297, 14, 314),
(3298, 2, 314),
(3299, 9, 314),
(3300, 9, 314),
(3301, 11, 314),
(3302, 3, 314),
(3303, 1, 314),
(3304, 7, 314),
(3305, 7, 314),
(3306, 11, 314),
(3307, 12, 314),
(3308, 14, 315),
(3309, 12, 316),
(3310, 15, 316),
(3311, 6, 316),
(3312, 7, 316),
(3313, 2, 316),
(3314, 8, 316),
(3315, 5, 316),
(3316, 12, 316),
(3317, 1, 316),
(3318, 7, 317),
(3319, 2, 317),
(3320, 3, 317),
(3321, 4, 317),
(3322, 14, 317),
(3323, 4, 317),
(3324, 14, 317),
(3325, 7, 317),
(3326, 2, 317),
(3327, 4, 317),
(3328, 9, 318),
(3329, 9, 318),
(3330, 1, 318),
(3331, 9, 318),
(3332, 8, 318),
(3333, 15, 318),
(3334, 5, 319),
(3335, 7, 319),
(3336, 8, 319),
(3337, 15, 319),
(3338, 11, 319),
(3339, 9, 319),
(3340, 7, 319),
(3341, 13, 319),
(3342, 8, 319),
(3343, 4, 319),
(3344, 2, 319),
(3345, 7, 319),
(3346, 5, 319),
(3347, 9, 319),
(3348, 8, 319),
(3349, 2, 319),
(3350, 3, 319),
(3351, 2, 319),
(3352, 10, 320),
(3353, 1, 320),
(3354, 11, 320),
(3355, 11, 320),
(3356, 9, 320),
(3357, 14, 320),
(3358, 9, 320),
(3359, 5, 320),
(3360, 12, 320),
(3361, 6, 320),
(3362, 3, 320),
(3363, 9, 320),
(3364, 2, 320),
(3365, 14, 320),
(3366, 5, 320),
(3367, 9, 320),
(3368, 12, 321),
(3369, 4, 321),
(3370, 9, 321),
(3371, 8, 321),
(3372, 7, 321),
(3373, 12, 321),
(3374, 15, 321),
(3375, 2, 321),
(3376, 11, 321),
(3377, 8, 321),
(3378, 10, 321),
(3379, 8, 321),
(3380, 7, 321),
(3381, 15, 321),
(3382, 12, 321),
(3383, 14, 321),
(3384, 2, 321),
(3385, 12, 321),
(3386, 1, 321),
(3387, 14, 322),
(3388, 4, 322),
(3389, 11, 322),
(3390, 6, 322),
(3391, 10, 322),
(3392, 12, 322),
(3393, 9, 322),
(3394, 15, 323),
(3395, 10, 323),
(3396, 5, 323),
(3397, 4, 323),
(3398, 4, 323),
(3399, 10, 323),
(3400, 10, 323),
(3401, 8, 323),
(3402, 4, 323),
(3403, 5, 323),
(3404, 2, 323),
(3405, 2, 323),
(3406, 10, 323),
(3407, 5, 323),
(3408, 10, 323),
(3409, 2, 323),
(3410, 2, 324),
(3411, 6, 324),
(3412, 5, 324),
(3413, 2, 324),
(3414, 2, 324),
(3415, 10, 324),
(3416, 9, 324),
(3417, 6, 324),
(3418, 7, 324),
(3419, 5, 324),
(3420, 6, 324),
(3421, 13, 325),
(3422, 12, 325),
(3423, 5, 325),
(3424, 13, 325),
(3425, 8, 325),
(3426, 3, 325),
(3427, 7, 325),
(3428, 11, 325),
(3429, 11, 325),
(3430, 7, 325),
(3431, 10, 325),
(3432, 6, 325),
(3433, 2, 326),
(3434, 13, 326),
(3435, 9, 326),
(3436, 11, 326),
(3437, 14, 326),
(3438, 6, 326),
(3439, 5, 326),
(3440, 10, 326),
(3441, 7, 326),
(3442, 10, 326),
(3443, 6, 326),
(3444, 4, 326),
(3445, 3, 326),
(3446, 4, 326),
(3447, 6, 326),
(3448, 4, 326),
(3449, 4, 326),
(3450, 3, 326),
(3451, 14, 326),
(3452, 15, 326),
(3453, 2, 327),
(3454, 13, 327),
(3455, 2, 327),
(3456, 12, 327),
(3457, 5, 327),
(3458, 3, 327),
(3459, 1, 327),
(3460, 2, 327),
(3461, 10, 327),
(3462, 10, 327),
(3463, 15, 327),
(3464, 10, 327),
(3465, 9, 327),
(3466, 5, 328),
(3467, 13, 328),
(3468, 10, 328),
(3469, 7, 328),
(3470, 11, 328),
(3471, 5, 328),
(3472, 1, 328),
(3473, 10, 328),
(3474, 11, 328),
(3475, 13, 328),
(3476, 11, 328),
(3477, 3, 328),
(3478, 6, 328),
(3479, 2, 328),
(3480, 2, 328),
(3481, 14, 328),
(3482, 6, 329),
(3483, 14, 329),
(3484, 11, 329),
(3485, 11, 329),
(3486, 6, 329),
(3487, 12, 329),
(3488, 4, 329),
(3489, 14, 329),
(3490, 1, 329),
(3491, 3, 329),
(3492, 11, 329),
(3493, 5, 329),
(3494, 3, 329),
(3495, 1, 329),
(3496, 9, 330),
(3497, 6, 330),
(3498, 5, 330),
(3499, 10, 330),
(3500, 8, 330),
(3501, 3, 330),
(3502, 1, 330),
(3503, 11, 330),
(3504, 8, 330),
(3505, 14, 330),
(3506, 6, 330),
(3507, 4, 330),
(3508, 12, 330),
(3509, 12, 330),
(3510, 3, 330),
(3511, 5, 330),
(3512, 13, 330),
(3513, 6, 331),
(3514, 15, 331),
(3515, 11, 331),
(3516, 14, 331),
(3517, 1, 331),
(3518, 4, 331),
(3519, 10, 332),
(3520, 13, 332),
(3521, 8, 332),
(3522, 15, 332),
(3523, 15, 332),
(3524, 12, 332),
(3525, 7, 332),
(3526, 2, 332),
(3527, 13, 332),
(3528, 11, 332),
(3529, 3, 332),
(3530, 11, 332),
(3531, 3, 332),
(3532, 14, 332),
(3533, 8, 332),
(3534, 1, 332),
(3535, 3, 332),
(3536, 4, 332),
(3537, 2, 332),
(3538, 2, 333),
(3539, 6, 333),
(3540, 5, 333),
(3541, 10, 333),
(3542, 9, 333),
(3543, 12, 333),
(3544, 6, 333),
(3545, 9, 333),
(3546, 15, 333),
(3547, 10, 333),
(3548, 9, 334),
(3549, 7, 334),
(3550, 11, 334),
(3551, 14, 334),
(3552, 1, 334),
(3553, 6, 334),
(3554, 14, 334),
(3555, 9, 334),
(3556, 5, 334),
(3557, 7, 334),
(3558, 13, 334),
(3559, 9, 334),
(3560, 3, 334),
(3561, 12, 334),
(3562, 7, 334),
(3563, 7, 334),
(3564, 3, 334),
(3565, 3, 334),
(3566, 5, 335),
(3567, 9, 335),
(3568, 14, 335),
(3569, 2, 335),
(3570, 5, 335),
(3571, 11, 335),
(3572, 11, 335),
(3573, 10, 335),
(3574, 9, 335),
(3575, 6, 335),
(3576, 11, 335),
(3577, 10, 335),
(3578, 8, 335),
(3579, 9, 335),
(3580, 8, 335),
(3581, 8, 335),
(3582, 11, 335),
(3583, 14, 335),
(3584, 11, 336),
(3585, 13, 336),
(3586, 1, 336),
(3587, 4, 336),
(3588, 11, 336),
(3589, 2, 336),
(3590, 9, 336),
(3591, 13, 336),
(3592, 3, 336),
(3593, 10, 336),
(3594, 8, 336),
(3595, 4, 336),
(3596, 12, 336),
(3597, 8, 336),
(3598, 12, 336),
(3599, 10, 336),
(3600, 15, 336),
(3601, 11, 336),
(3602, 2, 337),
(3603, 5, 337),
(3604, 3, 337),
(3605, 3, 337),
(3606, 13, 337),
(3607, 12, 337),
(3608, 3, 337),
(3609, 9, 337),
(3610, 5, 337),
(3611, 15, 337),
(3612, 7, 337),
(3613, 11, 337),
(3614, 15, 337),
(3615, 7, 337),
(3616, 7, 337),
(3617, 3, 337),
(3618, 6, 337),
(3619, 1, 337),
(3620, 4, 337);
INSERT INTO `products_count` (`product_id`, `count`, `order_id`) VALUES
(3621, 7, 338),
(3622, 4, 338),
(3623, 2, 338),
(3624, 7, 338),
(3625, 3, 339),
(3626, 5, 339),
(3627, 7, 339),
(3628, 9, 339),
(3629, 11, 339),
(3630, 2, 339),
(3631, 2, 339),
(3632, 10, 339),
(3633, 12, 339),
(3634, 4, 339),
(3635, 11, 340),
(3636, 10, 340),
(3637, 4, 340),
(3638, 14, 340),
(3639, 8, 340),
(3640, 6, 340),
(3641, 12, 340),
(3642, 12, 340),
(3643, 10, 340),
(3644, 7, 340),
(3645, 5, 340),
(3646, 1, 340),
(3647, 6, 340),
(3648, 11, 340),
(3649, 6, 340),
(3650, 15, 341),
(3651, 14, 341),
(3652, 6, 342),
(3653, 11, 342),
(3654, 10, 342),
(3655, 14, 342),
(3656, 3, 342),
(3657, 12, 343),
(3658, 11, 344),
(3659, 5, 344),
(3660, 3, 344),
(3661, 7, 344),
(3662, 4, 344),
(3663, 7, 344),
(3664, 5, 344),
(3665, 15, 344),
(3666, 4, 344),
(3667, 2, 344),
(3668, 7, 344),
(3669, 11, 344),
(3670, 5, 344),
(3671, 6, 344),
(3672, 3, 344),
(3673, 13, 344),
(3674, 1, 344),
(3675, 5, 345),
(3676, 11, 345),
(3677, 2, 345),
(3678, 3, 345),
(3679, 11, 345),
(3680, 15, 345),
(3681, 1, 345),
(3682, 8, 345),
(3683, 10, 345),
(3684, 2, 345),
(3685, 7, 345),
(3686, 6, 345),
(3687, 6, 345),
(3688, 1, 345),
(3689, 6, 345),
(3690, 7, 345),
(3691, 7, 345),
(3692, 3, 345),
(3693, 12, 345),
(3694, 11, 346),
(3695, 4, 346),
(3696, 10, 346),
(3697, 15, 346),
(3698, 2, 346),
(3699, 13, 346),
(3700, 14, 347),
(3701, 14, 347),
(3702, 2, 347),
(3703, 7, 347),
(3704, 10, 347),
(3705, 9, 348),
(3706, 1, 348),
(3707, 1, 348),
(3708, 4, 348),
(3709, 13, 348),
(3710, 7, 348),
(3711, 7, 348),
(3712, 7, 348),
(3713, 1, 348),
(3714, 13, 348),
(3715, 9, 348),
(3716, 1, 348),
(3717, 8, 348),
(3718, 10, 349),
(3719, 12, 349),
(3720, 10, 349),
(3721, 6, 349),
(3722, 3, 349),
(3723, 11, 349),
(3724, 15, 349),
(3725, 5, 349),
(3726, 11, 349),
(3727, 12, 349),
(3728, 11, 349),
(3729, 15, 350),
(3730, 5, 350),
(3731, 14, 350),
(3732, 9, 350),
(3733, 5, 350),
(3734, 10, 351),
(3735, 5, 351),
(3736, 2, 351),
(3737, 8, 351),
(3738, 10, 351),
(3739, 6, 351),
(3740, 14, 352),
(3741, 12, 352),
(3742, 3, 352),
(3743, 10, 352),
(3744, 8, 352),
(3745, 7, 353),
(3746, 10, 353),
(3747, 12, 353),
(3748, 8, 353),
(3749, 3, 353),
(3750, 5, 353),
(3751, 11, 353),
(3752, 12, 353),
(3753, 15, 353),
(3754, 8, 353),
(3755, 5, 353),
(3756, 2, 353),
(3757, 13, 353),
(3758, 13, 353),
(3759, 12, 353),
(3760, 14, 353),
(3761, 7, 353),
(3762, 11, 353),
(3763, 15, 354),
(3764, 1, 354),
(3765, 10, 354),
(3766, 3, 354),
(3767, 11, 354),
(3768, 10, 354),
(3769, 14, 354),
(3770, 5, 354),
(3771, 5, 354),
(3772, 15, 354),
(3773, 4, 354),
(3774, 9, 354),
(3775, 13, 354),
(3776, 12, 354),
(3777, 13, 354),
(3778, 11, 354),
(3779, 12, 354),
(3780, 10, 355),
(3781, 13, 355),
(3782, 13, 355),
(3783, 5, 355),
(3784, 9, 355),
(3785, 2, 355),
(3786, 13, 355),
(3787, 6, 355),
(3788, 7, 356),
(3789, 8, 356),
(3790, 1, 356),
(3791, 9, 356),
(3792, 2, 356),
(3793, 6, 356),
(3794, 7, 356),
(3795, 14, 356),
(3796, 1, 356),
(3797, 4, 356),
(3798, 12, 356),
(3799, 9, 356),
(3800, 5, 356),
(3801, 10, 356),
(3802, 11, 356),
(3803, 9, 357),
(3804, 10, 357),
(3805, 9, 357),
(3806, 10, 357),
(3807, 7, 357),
(3808, 12, 357),
(3809, 14, 357),
(3810, 9, 357),
(3811, 10, 357),
(3812, 2, 358),
(3813, 1, 358),
(3814, 3, 358),
(3815, 7, 358),
(3816, 12, 358),
(3817, 15, 358),
(3818, 11, 358),
(3819, 5, 358),
(3820, 9, 358),
(3821, 9, 358),
(3822, 12, 358),
(3823, 4, 358),
(3824, 3, 358),
(3825, 9, 358),
(3826, 8, 358),
(3827, 12, 358),
(3828, 6, 359),
(3829, 5, 359),
(3830, 2, 359),
(3831, 15, 359),
(3832, 10, 359),
(3833, 9, 359),
(3834, 11, 359),
(3835, 2, 359),
(3836, 6, 359),
(3837, 8, 359),
(3838, 5, 359),
(3839, 12, 359),
(3840, 14, 359),
(3841, 9, 359),
(3842, 10, 359),
(3843, 11, 359),
(3844, 11, 359),
(3845, 5, 359),
(3846, 10, 360),
(3847, 13, 361),
(3848, 13, 361),
(3849, 4, 361),
(3850, 2, 361),
(3851, 9, 361),
(3852, 14, 361),
(3853, 14, 361),
(3854, 9, 361),
(3855, 6, 361),
(3856, 1, 361),
(3857, 2, 361),
(3858, 10, 361),
(3859, 7, 361),
(3860, 12, 361),
(3861, 2, 361),
(3862, 6, 361),
(3863, 8, 361),
(3864, 8, 361),
(3865, 7, 362),
(3866, 15, 362),
(3867, 10, 362),
(3868, 13, 362),
(3869, 2, 362),
(3870, 8, 363),
(3871, 11, 363),
(3872, 12, 363),
(3873, 6, 363),
(3874, 13, 363),
(3875, 3, 363),
(3876, 13, 363),
(3877, 6, 363),
(3878, 6, 363),
(3879, 13, 363),
(3880, 10, 363),
(3881, 3, 363),
(3882, 9, 363),
(3883, 12, 363),
(3884, 7, 363),
(3885, 2, 363),
(3886, 2, 363),
(3887, 11, 363),
(3888, 13, 363),
(3889, 11, 364),
(3890, 2, 364),
(3891, 12, 364),
(3892, 5, 364),
(3893, 9, 364),
(3894, 14, 364),
(3895, 4, 364),
(3896, 1, 364),
(3897, 11, 364),
(3898, 7, 364),
(3899, 1, 364),
(3900, 14, 364),
(3901, 4, 365),
(3902, 5, 365),
(3903, 10, 365),
(3904, 4, 365),
(3905, 15, 365),
(3906, 6, 365),
(3907, 7, 365),
(3908, 2, 365),
(3909, 14, 366),
(3910, 8, 367),
(3911, 13, 367),
(3912, 15, 367),
(3913, 15, 367),
(3914, 7, 367),
(3915, 5, 367),
(3916, 10, 367),
(3917, 11, 367),
(3918, 9, 367),
(3919, 14, 367),
(3920, 13, 367),
(3921, 2, 367),
(3922, 3, 367),
(3923, 6, 367),
(3924, 2, 367),
(3925, 9, 367),
(3926, 10, 367),
(3927, 12, 367),
(3928, 15, 367),
(3929, 14, 367),
(3930, 1, 368),
(3931, 5, 368),
(3932, 14, 368),
(3933, 14, 368),
(3934, 9, 368),
(3935, 2, 368),
(3936, 8, 368),
(3937, 10, 368),
(3938, 6, 368),
(3939, 12, 368),
(3940, 3, 368),
(3941, 5, 368),
(3942, 13, 368),
(3943, 11, 368),
(3944, 12, 368),
(3945, 2, 368),
(3946, 6, 368),
(3947, 6, 368),
(3948, 11, 368),
(3949, 11, 368),
(3950, 9, 369),
(3951, 4, 369),
(3952, 5, 369),
(3953, 14, 369),
(3954, 1, 369),
(3955, 15, 369),
(3956, 1, 369),
(3957, 1, 369),
(3958, 15, 369),
(3959, 15, 370),
(3960, 11, 370),
(3961, 5, 370),
(3962, 5, 370),
(3963, 15, 370),
(3964, 9, 370),
(3965, 13, 371),
(3966, 9, 371),
(3967, 13, 371),
(3968, 1, 371),
(3969, 11, 371),
(3970, 13, 371),
(3971, 5, 371),
(3972, 11, 371),
(3973, 12, 371),
(3974, 14, 371),
(3975, 5, 371),
(3976, 4, 371),
(3977, 8, 372),
(3978, 9, 372),
(3979, 6, 372),
(3980, 15, 373),
(3981, 9, 373),
(3982, 5, 373),
(3983, 11, 373),
(3984, 3, 373),
(3985, 2, 373),
(3986, 9, 373),
(3987, 9, 373),
(3988, 4, 374),
(3989, 9, 374),
(3990, 6, 374),
(3991, 11, 374),
(3992, 10, 374),
(3993, 14, 374),
(3994, 1, 374),
(3995, 8, 374),
(3996, 2, 374),
(3997, 1, 374),
(3998, 15, 374),
(3999, 7, 374),
(4000, 11, 374),
(4001, 6, 374),
(4002, 10, 374),
(4003, 10, 375),
(4004, 5, 375),
(4005, 14, 375),
(4006, 2, 375),
(4007, 15, 375),
(4008, 12, 375),
(4009, 6, 375),
(4010, 9, 375),
(4011, 8, 375),
(4012, 6, 375),
(4013, 12, 375),
(4014, 15, 375),
(4015, 9, 375),
(4016, 3, 375),
(4017, 4, 376),
(4018, 1, 376),
(4019, 2, 376),
(4020, 10, 376),
(4021, 12, 376),
(4022, 14, 376),
(4023, 2, 376),
(4024, 3, 376),
(4025, 4, 376),
(4026, 1, 377),
(4027, 11, 377),
(4028, 6, 377),
(4029, 8, 377),
(4030, 13, 377),
(4031, 10, 378),
(4032, 12, 378),
(4033, 14, 378),
(4034, 14, 378),
(4035, 12, 379),
(4036, 11, 379),
(4037, 8, 379),
(4038, 11, 379),
(4039, 8, 379),
(4040, 2, 379),
(4041, 6, 379),
(4042, 12, 379),
(4043, 11, 379),
(4044, 5, 379),
(4045, 2, 379),
(4046, 2, 379),
(4047, 4, 379),
(4048, 9, 379),
(4049, 12, 379),
(4050, 2, 379),
(4051, 6, 379),
(4052, 11, 379),
(4053, 6, 379),
(4054, 2, 380),
(4055, 13, 380),
(4056, 2, 380),
(4057, 13, 380),
(4058, 10, 381),
(4059, 9, 381),
(4060, 2, 381),
(4061, 11, 381),
(4062, 12, 381),
(4063, 5, 381),
(4064, 3, 381),
(4065, 1, 381),
(4066, 14, 381),
(4067, 6, 381),
(4068, 13, 381),
(4069, 14, 381),
(4070, 7, 381),
(4071, 7, 381),
(4072, 1, 381),
(4073, 1, 382),
(4074, 9, 382),
(4075, 14, 382),
(4076, 9, 382),
(4077, 8, 382),
(4078, 7, 382),
(4079, 5, 382),
(4080, 6, 382),
(4081, 3, 382),
(4082, 11, 382),
(4083, 5, 382),
(4084, 12, 382),
(4085, 10, 382),
(4086, 3, 382),
(4087, 6, 382),
(4088, 14, 382),
(4089, 12, 382),
(4090, 11, 382),
(4091, 13, 382),
(4092, 2, 383),
(4093, 14, 383),
(4094, 7, 383),
(4095, 9, 383),
(4096, 15, 383),
(4097, 10, 383),
(4098, 8, 383),
(4099, 14, 383),
(4100, 2, 383),
(4101, 4, 383),
(4102, 10, 383),
(4103, 1, 383),
(4104, 7, 383),
(4105, 12, 383),
(4106, 7, 383),
(4107, 5, 383),
(4108, 2, 383),
(4109, 2, 384),
(4110, 7, 384),
(4111, 6, 384),
(4112, 3, 384),
(4113, 4, 385),
(4114, 11, 385),
(4115, 12, 385),
(4116, 10, 385),
(4117, 7, 385),
(4118, 7, 385),
(4119, 8, 385),
(4120, 5, 385),
(4121, 7, 385),
(4122, 11, 385),
(4123, 14, 385),
(4124, 13, 385),
(4125, 3, 385),
(4126, 2, 385),
(4127, 2, 385),
(4128, 4, 385),
(4129, 2, 385),
(4130, 5, 385),
(4131, 13, 386),
(4132, 7, 386),
(4133, 11, 386),
(4134, 7, 386),
(4135, 12, 386),
(4136, 2, 386),
(4137, 1, 386),
(4138, 15, 386),
(4139, 9, 386),
(4140, 4, 386),
(4141, 6, 386),
(4142, 5, 387),
(4143, 10, 387),
(4144, 9, 387),
(4145, 12, 387),
(4146, 11, 388),
(4147, 3, 388),
(4148, 2, 388),
(4149, 7, 388),
(4150, 3, 388),
(4151, 11, 388),
(4152, 11, 388),
(4153, 1, 388),
(4154, 14, 388),
(4155, 5, 388),
(4156, 4, 388),
(4157, 4, 388),
(4158, 11, 388),
(4159, 7, 389),
(4160, 12, 389),
(4161, 4, 389),
(4162, 8, 389),
(4163, 5, 390),
(4164, 1, 390),
(4165, 5, 390),
(4166, 13, 390),
(4167, 14, 391),
(4168, 13, 391),
(4169, 12, 391),
(4170, 9, 391),
(4171, 7, 391),
(4172, 14, 391),
(4173, 4, 391),
(4174, 7, 391),
(4175, 14, 391),
(4176, 15, 391),
(4177, 14, 391),
(4178, 8, 391),
(4179, 1, 391),
(4180, 11, 391),
(4181, 12, 391),
(4182, 13, 391),
(4183, 12, 391),
(4184, 6, 391),
(4185, 4, 391),
(4186, 14, 392),
(4187, 14, 392),
(4188, 9, 392),
(4189, 2, 392),
(4190, 1, 392),
(4191, 14, 392),
(4192, 11, 392),
(4193, 14, 392),
(4194, 12, 392),
(4195, 1, 392),
(4196, 10, 393),
(4197, 4, 394),
(4198, 8, 394),
(4199, 10, 394),
(4200, 14, 394),
(4201, 10, 394),
(4202, 8, 394),
(4203, 11, 394),
(4204, 15, 394),
(4205, 7, 394),
(4206, 1, 395),
(4207, 14, 395),
(4208, 13, 395),
(4209, 4, 395),
(4210, 14, 395),
(4211, 13, 395),
(4212, 3, 396),
(4213, 6, 396),
(4214, 1, 396),
(4215, 6, 396),
(4216, 13, 396),
(4217, 11, 396),
(4218, 3, 396),
(4219, 15, 396),
(4220, 15, 397),
(4221, 7, 397),
(4222, 1, 397),
(4223, 5, 397),
(4224, 7, 397),
(4225, 15, 397),
(4226, 4, 397),
(4227, 14, 398),
(4228, 9, 398),
(4229, 3, 398),
(4230, 7, 398),
(4231, 13, 398),
(4232, 6, 398),
(4233, 13, 398),
(4234, 15, 398),
(4235, 13, 398),
(4236, 8, 398),
(4237, 7, 398),
(4238, 12, 398),
(4239, 14, 398),
(4240, 6, 398),
(4241, 10, 398),
(4242, 1, 398),
(4243, 11, 398),
(4244, 15, 398),
(4245, 6, 399),
(4246, 5, 399),
(4247, 11, 399),
(4248, 10, 399),
(4249, 13, 399),
(4250, 10, 399),
(4251, 10, 399),
(4252, 6, 399),
(4253, 12, 399),
(4254, 1, 399),
(4255, 9, 399),
(4256, 8, 399),
(4257, 9, 399),
(4258, 3, 399),
(4259, 12, 399),
(4260, 10, 399),
(4261, 2, 399),
(4262, 7, 399),
(4263, 4, 399),
(4264, 1, 400),
(4265, 3, 400),
(4266, 1, 400),
(4267, 3, 400),
(4268, 5, 400),
(4269, 5, 400),
(4270, 3, 400),
(4271, 10, 400),
(4272, 8, 400),
(4273, 14, 400),
(4274, 1, 400),
(4275, 7, 400),
(4276, 14, 400),
(4277, 15, 400),
(4278, 5, 400),
(4279, 6, 400),
(4280, 15, 400),
(4281, 13, 400),
(4282, 15, 400),
(4283, 4, 400),
(4284, 4, 401),
(4285, 4, 401),
(4286, 5, 401),
(4287, 12, 401),
(4288, 6, 401),
(4289, 11, 401),
(4290, 5, 401),
(4291, 3, 401),
(4292, 9, 401),
(4293, 7, 401),
(4294, 10, 401),
(4295, 9, 401),
(4296, 8, 401),
(4297, 14, 401),
(4298, 7, 401),
(4299, 11, 401),
(4300, 14, 401),
(4301, 15, 401),
(4302, 9, 402),
(4303, 10, 402),
(4304, 9, 402),
(4305, 3, 402),
(4306, 2, 402),
(4307, 3, 402),
(4308, 13, 402),
(4309, 14, 402),
(4310, 4, 402),
(4311, 5, 403),
(4312, 1, 403),
(4313, 13, 403),
(4314, 11, 403),
(4315, 8, 403),
(4316, 12, 403),
(4317, 12, 403),
(4318, 10, 403),
(4319, 6, 403),
(4320, 11, 403),
(4321, 10, 403),
(4322, 7, 403),
(4323, 2, 403),
(4324, 2, 403),
(4325, 5, 403),
(4326, 2, 403),
(4327, 9, 403),
(4328, 9, 403),
(4329, 11, 403),
(4330, 4, 403),
(4331, 3, 404),
(4332, 11, 404),
(4333, 13, 404),
(4334, 7, 404),
(4335, 14, 404),
(4336, 2, 404),
(4337, 13, 404),
(4338, 1, 404),
(4339, 3, 404),
(4340, 9, 404),
(4341, 15, 404),
(4342, 10, 405),
(4343, 12, 405),
(4344, 7, 405),
(4345, 10, 405),
(4346, 1, 405),
(4347, 4, 405),
(4348, 7, 405),
(4349, 10, 405),
(4350, 12, 405),
(4351, 8, 405),
(4352, 6, 405),
(4353, 7, 405),
(4354, 3, 405),
(4355, 12, 405),
(4356, 10, 405),
(4357, 1, 405),
(4358, 11, 405),
(4359, 14, 405),
(4360, 10, 405),
(4361, 1, 405),
(4362, 12, 406),
(4363, 14, 406),
(4364, 9, 406),
(4365, 15, 406),
(4366, 5, 406),
(4367, 11, 406),
(4368, 4, 407),
(4369, 5, 407),
(4370, 14, 407),
(4371, 14, 407),
(4372, 10, 407),
(4373, 8, 407),
(4374, 6, 407),
(4375, 11, 407),
(4376, 8, 407),
(4377, 8, 407),
(4378, 9, 407),
(4379, 5, 407),
(4380, 3, 407),
(4381, 8, 407),
(4382, 1, 407),
(4383, 4, 407),
(4384, 11, 408),
(4385, 11, 408),
(4386, 3, 408),
(4387, 8, 408),
(4388, 3, 408),
(4389, 4, 408),
(4390, 2, 408),
(4391, 6, 408),
(4392, 12, 408),
(4393, 6, 408),
(4394, 11, 408),
(4395, 11, 408),
(4396, 15, 408),
(4397, 14, 408),
(4398, 6, 409),
(4399, 6, 409),
(4400, 1, 409),
(4401, 4, 409),
(4402, 1, 409),
(4403, 11, 409),
(4404, 11, 409),
(4405, 2, 409),
(4406, 1, 409),
(4407, 5, 409),
(4408, 9, 409),
(4409, 12, 409),
(4410, 6, 409),
(4411, 1, 409),
(4412, 4, 409),
(4413, 13, 409),
(4414, 15, 409),
(4415, 3, 410),
(4416, 6, 410),
(4417, 12, 410),
(4418, 3, 410),
(4419, 15, 410),
(4420, 6, 411),
(4421, 8, 411),
(4422, 5, 411),
(4423, 7, 411),
(4424, 9, 411),
(4425, 15, 412),
(4426, 6, 412),
(4427, 1, 412),
(4428, 7, 412),
(4429, 13, 412),
(4430, 1, 412),
(4431, 8, 412),
(4432, 15, 412),
(4433, 13, 412),
(4434, 8, 412),
(4435, 12, 412),
(4436, 14, 412),
(4437, 6, 412),
(4438, 14, 412),
(4439, 14, 412),
(4440, 6, 412),
(4441, 8, 412),
(4442, 7, 412),
(4443, 12, 412),
(4444, 2, 412),
(4445, 9, 413),
(4446, 14, 413),
(4447, 1, 413),
(4448, 4, 413);

-- --------------------------------------------------------

--
-- Структура таблицы `staffs`
--

CREATE TABLE `staffs` (
  `id` int(11) NOT NULL,
  `first_name` varchar(40) NOT NULL,
  `last_name` varchar(40) NOT NULL,
  `position` varchar(40) NOT NULL,
  `type` varchar(40) NOT NULL,
  `phone` varchar(40) NOT NULL
) ENGINE=InnoDB DEFAULT CHARSET=utf8;

--
-- Дамп данных таблицы `staffs`
--

INSERT INTO `staffs` (`id`, `first_name`, `last_name`, `position`, `type`, `phone`) VALUES
(1, 'Jill', 'Nelson', 'обслуживающий персонал', 'staff_house', '+7 (878) 582-6090'),
(2, 'Mr.', 'Kelly', 'менеджер', 'staff_booking', '+7 (582) 903-07-59'),
(3, 'Katie', 'Jarvis', 'старший обслуживающий персонал', 'staff_house', '+7 (995) 174-4371'),
(4, 'Abigail', 'Johnson', 'старший обслуживающий персонал', 'staff_house', '+78213353462'),
(5, 'Dr.', 'Lewis', 'менеджер', 'staff_booking', '8 (514) 001-2404'),
(6, 'Mrs.', 'Green', 'менеджер', 'staff_booking', '+7 853 674 18 14'),
(7, 'Charlotte', 'Wilson', 'младший обслуживающий персонал', 'staff_house', '86535136263'),
(8, 'Julie', 'Hodgson', 'старший обслуживающий персонал', 'staff_house', '+76501882209'),
(9, 'Alex', 'Morley-Powell', 'старший обслуживающий персонал', 'staff_house', '+7 (680) 299-54-74'),
(10, 'Rebecca', 'Parker', 'обслуживающий персонал', 'staff_house', '8 062 819 73 27'),
(11, 'Miss', 'Patel', 'менеджер', 'staff_booking', '+7 (298) 616-93-00'),
(12, 'Robert', 'Curtis', 'младший обслуживающий персонал', 'staff_house', '8 (435) 480-4995'),
(13, 'Miss', 'Wood', 'менеджер', 'staff_booking', '+7 (402) 781-72-79'),
(14, 'Dr.', 'Bradley', 'старший обслуживающий персонал', 'staff_house', '8 629 731 5186'),
(15, 'Dr.', 'Lee', 'администратор', 'staff_booking', '8 569 810 7061'),
(16, 'Craig', 'Ellis', 'старший обслуживающий персонал', 'staff_house', '+7 (241) 411-53-01'),
(17, 'Ms.', 'Collins', 'менеджер', 'staff_booking', '8 (462) 178-73-05'),
(18, 'Molly', 'Griffiths', 'администратор', 'staff_booking', '8 (726) 613-1035'),
(19, 'Mr.', 'Burgess', 'менеджер', 'staff_booking', '8 742 161 37 99'),
(20, 'Natasha', 'Carey', 'администратор', 'staff_booking', '+7 718 430 00 81'),
(21, 'Alexandra', 'Smith', 'обслуживающий персонал', 'staff_house', '8 (210) 234-5020'),
(22, 'Lynn', 'Lewis', 'старший обслуживающий персонал', 'staff_house', '8 (418) 120-8560'),
(23, 'Dr.', 'Palmer', 'старший обслуживающий персонал', 'staff_house', '+7 989 631 49 76'),
(24, 'Glenn', 'Cox', 'администратор', 'staff_booking', '8 112 332 33 96'),
(25, 'Ms.', 'ONeill', 'менеджер', 'staff_booking', '8 (826) 703-6900'),
(26, 'Mitchell', 'Thompson', 'старший обслуживающий персонал', 'staff_house', '8 435 717 72 37'),
(27, 'Nicholas', 'Ali-Walters', 'менеджер', 'staff_booking', '8 890 174 6481'),
(28, 'Linda', 'Thompson-Moss', 'менеджер', 'staff_booking', '8 (204) 724-6641'),
(29, 'Bethan', 'Taylor', 'администратор', 'staff_booking', '+7 (269) 818-8338'),
(30, 'Sylvia', 'Parker', 'младший обслуживающий персонал', 'staff_house', '+7 (377) 820-1165');

-- --------------------------------------------------------

--
-- Структура таблицы `staffs_houses`
--

CREATE TABLE `staffs_houses` (
  `house_id` int(11) NOT NULL,
  `staff_id` int(11) NOT NULL
) ENGINE=InnoDB DEFAULT CHARSET=utf8;

--
-- Дамп данных таблицы `staffs_houses`
--

INSERT INTO `staffs_houses` (`house_id`, `staff_id`) VALUES
(12, 1),
(23, 1),
(36, 1),
(12, 2),
(24, 2),
(37, 2),
(12, 3),
(25, 3),
(37, 3),
(12, 4),
(26, 4),
(37, 4),
(13, 5),
(26, 5),
(37, 5),
(14, 6),
(26, 6),
(38, 6),
(14, 7),
(26, 7),
(38, 7),
(14, 8),
(27, 8),
(38, 8),
(14, 9),
(28, 9),
(39, 9),
(1, 10),
(15, 10),
(29, 10),
(39, 10),
(1, 11),
(16, 11),
(30, 11),
(40, 11),
(2, 12),
(17, 12),
(30, 12),
(2, 13),
(17, 13),
(31, 13),
(3, 14),
(17, 14),
(31, 14),
(3, 15),
(17, 15),
(31, 15),
(4, 16),
(18, 16),
(31, 16),
(4, 17),
(18, 17),
(32, 17),
(4, 18),
(19, 18),
(33, 18),
(5, 19),
(19, 19),
(33, 19),
(6, 20),
(19, 20),
(33, 20),
(6, 21),
(19, 21),
(34, 21),
(6, 22),
(20, 22),
(34, 22),
(6, 23),
(21, 23),
(34, 23),
(7, 24),
(21, 24),
(34, 24),
(7, 25),
(22, 25),
(35, 25),
(8, 26),
(22, 26),
(35, 26),
(8, 27),
(22, 27),
(35, 27),
(9, 28),
(23, 28),
(35, 28),
(10, 29),
(23, 29),
(36, 29),
(11, 30),
(23, 30),
(36, 30);

--
-- Индексы сохранённых таблиц
--

--
-- Индексы таблицы `bookings`
--
ALTER TABLE `bookings`
  ADD PRIMARY KEY (`id`),
  ADD KEY `booking_client_fk` (`client_id`),
  ADD KEY `booking_staff_fk` (`staff_id`),
  ADD KEY `booking_house_fk` (`house_id`);

--
-- Индексы таблицы `clients`
--
ALTER TABLE `clients`
  ADD PRIMARY KEY (`id`);

--
-- Индексы таблицы `houses`
--
ALTER TABLE `houses`
  ADD PRIMARY KEY (`id`);

--
-- Индексы таблицы `orders`
--
ALTER TABLE `orders`
  ADD PRIMARY KEY (`id`),
  ADD KEY `order_client_fk` (`client_id`);

--
-- Индексы таблицы `products`
--
ALTER TABLE `products`
  ADD PRIMARY KEY (`id`);

--
-- Индексы таблицы `products_count`
--
ALTER TABLE `products_count`
  ADD PRIMARY KEY (`product_id`,`order_id`),
  ADD KEY `product_count_order_fk` (`order_id`);

--
-- Индексы таблицы `staffs`
--
ALTER TABLE `staffs`
  ADD PRIMARY KEY (`id`);

--
-- Индексы таблицы `staffs_houses`
--
ALTER TABLE `staffs_houses`
  ADD PRIMARY KEY (`house_id`,`staff_id`),
  ADD KEY `staff_house_staff_fk` (`staff_id`);

--
-- Ограничения внешнего ключа сохраненных таблиц
--

--
-- Ограничения внешнего ключа таблицы `bookings`
--
ALTER TABLE `bookings`
  ADD CONSTRAINT `booking_client_fk` FOREIGN KEY (`client_id`) REFERENCES `clients` (`id`),
  ADD CONSTRAINT `booking_house_fk` FOREIGN KEY (`house_id`) REFERENCES `houses` (`id`),
  ADD CONSTRAINT `booking_staff_fk` FOREIGN KEY (`staff_id`) REFERENCES `staffs` (`id`);

--
-- Ограничения внешнего ключа таблицы `orders`
--
ALTER TABLE `orders`
  ADD CONSTRAINT `order_client_fk` FOREIGN KEY (`client_id`) REFERENCES `clients` (`id`);

--
-- Ограничения внешнего ключа таблицы `products_count`
--
ALTER TABLE `products_count`
  ADD CONSTRAINT `product_count_order_fk` FOREIGN KEY (`order_id`) REFERENCES `orders` (`id`),
  ADD CONSTRAINT `product_count_product_fk` FOREIGN KEY (`product_id`) REFERENCES `products` (`id`);

--
-- Ограничения внешнего ключа таблицы `staffs_houses`
--
ALTER TABLE `staffs_houses`
  ADD CONSTRAINT `staff_house_house_fk` FOREIGN KEY (`house_id`) REFERENCES `houses` (`id`),
  ADD CONSTRAINT `staff_house_staff_fk` FOREIGN KEY (`staff_id`) REFERENCES `staffs` (`id`);
COMMIT;

/*!40101 SET CHARACTER_SET_CLIENT=@OLD_CHARACTER_SET_CLIENT */;
/*!40101 SET CHARACTER_SET_RESULTS=@OLD_CHARACTER_SET_RESULTS */;
/*!40101 SET COLLATION_CONNECTION=@OLD_COLLATION_CONNECTION */;
