-- phpMyAdmin SQL Dump
-- version 5.0.4
-- https://www.phpmyadmin.net/
--
-- Хост: database:3306
-- Время создания: Фев 07 2021 г., 20:14
-- Версия сервера: 5.7.33
-- Версия PHP: 7.4.14

SET SQL_MODE = "NO_AUTO_VALUE_ON_ZERO";
START TRANSACTION;
SET time_zone = "+00:00";


/*!40101 SET @OLD_CHARACTER_SET_CLIENT=@@CHARACTER_SET_CLIENT */;
/*!40101 SET @OLD_CHARACTER_SET_RESULTS=@@CHARACTER_SET_RESULTS */;
/*!40101 SET @OLD_COLLATION_CONNECTION=@@COLLATION_CONNECTION */;
/*!40101 SET NAMES utf8mb4 */;

--
-- База данных: `CONTROL_FA`
--

-- --------------------------------------------------------

--
-- Структура таблицы `bookings`
--

CREATE TABLE `bookings` (
  `id` int(11) NOT NULL,
  `client_id` int(11) NOT NULL,
  `date_in` date NOT NULL,
  `date_out` date NOT NULL,
  `cost` float NOT NULL,
  `staff_id` int(11) NOT NULL
) ENGINE=InnoDB DEFAULT CHARSET=utf8;

--
-- Дамп данных таблицы `bookings`
--

INSERT INTO `bookings` (`id`, `client_id`, `date_in`, `date_out`, `cost`, `staff_id`) VALUES
(1, 1, '2019-05-13', '2019-06-04', 38616.6, 1),
(2, 1, '2019-02-10', '2019-02-18', 99784.7, 2),
(3, 1, '2019-11-03', '2019-11-04', 7444.15, 3),
(4, 1, '2019-07-27', '2019-07-30', 45361, 4),
(5, 1, '2020-06-30', '2020-07-22', 345361, 5),
(6, 2, '2020-07-10', '2020-08-04', 236146, 6),
(7, 2, '2019-08-15', '2019-09-09', 179090, 7),
(8, 2, '2019-02-28', '2019-03-21', 348384, 8),
(9, 3, '2019-09-15', '2019-09-22', 54806.1, 9),
(10, 5, '2020-03-24', '2020-04-01', 108098, 10),
(11, 5, '2019-10-20', '2019-11-04', 239905, 11),
(12, 5, '2020-06-15', '2020-06-28', 165212, 12),
(13, 6, '2019-12-14', '2020-01-06', 378271, 13),
(14, 6, '2020-01-02', '2020-01-06', 46963.6, 14),
(15, 9, '2020-04-19', '2020-05-07', 193941, 15),
(16, 9, '2019-12-01', '2019-12-13', 250994, 16),
(17, 11, '2019-12-18', '2019-12-28', 200698, 17),
(18, 11, '2019-11-25', '2019-12-18', 294776, 18),
(19, 11, '2021-01-06', '2021-01-14', 70926.6, 19),
(20, 11, '2019-03-08', '2019-03-24', 221590, 20),
(21, 15, '2019-08-05', '2019-08-15', 129226, 21),
(22, 15, '2020-09-09', '2020-10-04', 563934, 22),
(23, 15, '2019-05-04', '2019-05-23', 139943, 23),
(24, 15, '2020-05-07', '2020-05-18', 135420, 24),
(25, 16, '2021-01-21', '2021-02-11', 51393.7, 25),
(26, 16, '2020-07-04', '2020-07-29', 462368, 26),
(27, 16, '2020-03-27', '2020-04-11', 298952, 27),
(28, 16, '2019-11-20', '2019-11-21', 15832.3, 28),
(29, 16, '2020-01-03', '2020-01-07', 11257.8, 29),
(30, 17, '2019-04-13', '2019-05-06', 124479, 30),
(31, 17, '2020-07-13', '2020-07-29', 174645, 1),
(32, 18, '2020-01-14', '2020-02-06', 168524, 2),
(33, 18, '2019-04-01', '2019-04-19', 186892, 3),
(34, 18, '2020-02-29', '2020-03-18', 174720, 4),
(35, 19, '2020-04-17', '2020-05-08', 131173, 5),
(36, 21, '2019-03-31', '2019-04-21', 38122.6, 6),
(37, 23, '2019-10-27', '2019-11-18', 440902, 7),
(38, 24, '2020-07-02', '2020-07-19', 363937, 8),
(39, 24, '2020-05-22', '2020-06-04', 289081, 9),
(40, 24, '2019-05-26', '2019-05-27', 10746.2, 10),
(41, 24, '2020-12-05', '2020-12-19', 23345.4, 11),
(42, 25, '2019-03-07', '2019-03-27', 135918, 12),
(43, 25, '2020-10-16', '2020-11-01', 110090, 13),
(44, 26, '2020-06-14', '2020-06-19', 69814.4, 14),
(45, 26, '2020-04-06', '2020-04-25', 503168, 15),
(46, 26, '2020-05-03', '2020-05-12', 93121.7, 16),
(47, 26, '2020-07-17', '2020-08-10', 424346, 17),
(48, 27, '2019-04-03', '2019-04-26', 230685, 18),
(49, 27, '2021-01-16', '2021-01-22', 90727.3, 19),
(50, 27, '2020-12-14', '2020-12-19', 14164.8, 20),
(51, 27, '2019-11-21', '2019-12-05', 284609, 21),
(52, 30, '2020-05-08', '2020-06-01', 500303, 22),
(53, 32, '2020-04-24', '2020-05-04', 87489.2, 23),
(54, 32, '2019-04-30', '2019-05-18', 250348, 24),
(55, 32, '2019-10-15', '2019-11-01', 238905, 25),
(56, 32, '2020-06-10', '2020-07-01', 392443, 26),
(57, 33, '2020-08-16', '2020-08-25', 75103.8, 27),
(58, 33, '2019-06-27', '2019-07-01', 85635.8, 28),
(59, 33, '2019-07-09', '2019-07-23', 156905, 29),
(60, 33, '2019-05-10', '2019-05-31', 258992, 30),
(61, 33, '2020-02-14', '2020-02-26', 62090.2, 1),
(62, 34, '2019-08-26', '2019-09-17', 548276, 2),
(63, 34, '2019-05-30', '2019-06-23', 104046, 3),
(64, 34, '2020-02-03', '2020-02-04', 9402.2, 4),
(65, 37, '2020-11-29', '2020-12-09', 119688, 5),
(66, 37, '2019-02-18', '2019-03-07', 147323, 6),
(67, 37, '2021-01-16', '2021-01-18', 13357.4, 7),
(68, 37, '2020-12-07', '2020-12-09', 5677.32, 8),
(69, 39, '2019-09-21', '2019-09-30', 162226, 9),
(70, 39, '2020-09-05', '2020-09-16', 80856.6, 10),
(71, 39, '2019-05-02', '2019-05-21', 350132, 11),
(72, 40, '2020-09-11', '2020-09-19', 77922.8, 12),
(73, 40, '2019-10-06', '2019-10-11', 79582, 13),
(74, 40, '2020-07-31', '2020-08-10', 245632, 14),
(75, 40, '2020-09-10', '2020-09-22', 179296, 15),
(76, 40, '2019-10-01', '2019-10-03', 28338.1, 16);

-- --------------------------------------------------------

--
-- Структура таблицы `clients`
--

CREATE TABLE `clients` (
  `id` int(11) NOT NULL,
  `first_name` varchar(40) NOT NULL,
  `last_name` varchar(40) NOT NULL,
  `email` varchar(40) NOT NULL,
  `phone` varchar(40) NOT NULL,
  `document_title` varchar(40) NOT NULL,
  `document_file` varbinary(2000) NOT NULL,
  `document_text` varchar(400) NOT NULL,
  `document_comments` varchar(400) DEFAULT NULL,
  `special_requests` varchar(400) DEFAULT NULL
) ENGINE=InnoDB DEFAULT CHARSET=utf8;

--
-- Дамп данных таблицы `clients`
--

INSERT INTO `clients` (`id`, `first_name`, `last_name`, `email`, `phone`, `document_title`, `document_file`, `document_text`, `document_comments`, `special_requests`) VALUES
(1, 'Adrian', 'Cooke', 'narkis50@ooo.org', '+70616738817', 'Паспорт', 0x74b68cf4e0846f863f7badbd6257e95f3d421c3f9bbc333b7bf304115e5e2db3b4abc51f22ccdbb88dff7fd93d2b66c0bc745a8809decad6045b58917c516d0e1d50879b804fda81949c5e0611aba5bb373df6fcdeb6054810a599fd8aa0b77fe2663155, 'ID 0069 94882231', 'ok', NULL),
(2, 'Lucy', 'Fletcher', 'smirnovfedor@rambler.ru', '85870158979', 'Паспорт', 0x94b05b81620fe99e771e9c387e31cff267b6e33b8823614ab8750e6893c5768a7239111e33761535272b8b96768c9ee71da77f17bdc472b52c60d295e4ef5ac9ea5f89b636af7628b97efbe5535add8db54ec865563f5d4b68cf39ea7392356c71f373dd, 'ID 2009 00813898', 'срок действия заканчивется', NULL),
(3, 'Mitchell', 'Ryan', 'seliverst_1993@rao.ru', '+7 (887) 411-0561', 'Паспорт', 0xda94ba4bf378a04da2568749980b9f631513d233563ed8b3f148c1b911a0816b7130cf340ea62b598c40ede018657bed4a06e926f9cf337dc88daf7f5f4e434877a2dee314b614cc42e4aa674effe96d720958b72d9928796b58dfd7641ef8a2f2ffaaf5, 'ID 4168 06348531', 'ok', NULL),
(4, 'Mr.', 'Begum', 'rloginova@oao.net', '+76749668750', 'Паспорт', 0x980d3af576123514968971834cb1c6879116307052dc0ccaddf270f4f56f8fe0f8c873b996a6436e9ccc69a0863c24d008226ba26272413356fe9a48ccd51181280282eb898af56869e15b357cae263f9a42405da6c2c33591af47c2ea1b7d1d45f59f01, 'ID 2047 90737508', 'ok', NULL),
(5, 'Stephen', 'Potter', 'ljubomir_1970@yahoo.com', '+7 261 518 3383', 'Паспорт', 0x121a8c195fa4cd0fe3f57ec0912de6869b514c34b81dd107fc5567810727c8e856665333d17fd1ae70ba5071d252a1c4bda597a03c71de523ba2c6eb6b71ca343b968b6c669760665ac3be9ca78a1b267dc94553c3b07781d25c0a959a8a24b58736a281, 'ID 6324 81530697', NULL, NULL),
(6, 'Guy', 'Charlton-Jackson', 'vissarion1981@yahoo.com', '8 321 358 95 37', 'Паспорт', 0x5eaecdd5b05d5149a4a2c53e4b541a23aa915dd756f23c26615ead46220bccd8b12c7659a68528545b479f25120a2e0fd941e5e66cc35bd6e9477fddf5a49d16337f63434c9cbcd846ee8386fd88a5d8aa850f6b1be9937a750812ffb1308a51b476ae73, 'ID 5657 19704887', 'ok', NULL),
(7, 'Ian', 'Francis', 'bolshakovauljana@hotmail.com', '+7 (308) 555-88-01', 'Паспорт', 0xd72ca23ce374a7655b9aad0db7a8cc0d980b373dc3987bd6bff29d68693293a1c2d50b9e097d47b008883f466d1482ee680d91e105b3177566163a03cce561511eb085c28b7034cac2f7faf700fb47fcf5c146106b8961064ad38d4608023331cde6d245, 'ID 3092 33454196', 'срок действия заканчивется', NULL),
(8, 'Angela', 'Curtis', 'dkazakov@yahoo.com', '88479004601', 'Паспорт', 0x04744d7b7d93d04d0c8382dede8fca58f2822a1371863847972e6138fdc67efe6a6b864ff9fa9f27db2954d102e3818de195183a9387403706c118f68da24b3db624dd17ea6dd2689003ee6b4ce7c4b1265e860f876414f265ba005c1da578689b2b701d, 'ID 0559 69910934', 'ok', NULL),
(9, 'Nigel', 'Jones', 'savinasinklitikija@hotmail.com', '+7 540 406 46 09', 'Паспорт', 0xe592bb7ebab2f888f0ba23ea52184eb4ab6154530eafb10af1adc0394c15a3f79279e1c046cca9309e17f1fac7d25d79fdef396f5770c8e5e0843d28d64ee61bedf81c7bc0c2ade5dd1fe71db616c6fc4b062c49269b16f8d4072cb8fb85489443efe4b2, 'ID 9293 95423673', 'срок действия заканчивется', NULL),
(10, 'Miss', 'Hunt', 'shcherbakovpimen@ao.org', '8 031 376 4345', 'Паспорт', 0x7ae8d1c3c22a20578292059604888a2d35e0019d6205a75c429d2477109f0e3972f126b6bb056c32b8eaac229fdde3af01f21f92ab716bbf11a76774c5600629bb0c142931c0a2e463b9e0aa56d47bf83f870ec02b596648b794fbe04fa622f8893bee4a, 'ID 4560 25203348', 'ok', NULL),
(11, 'Ellie', 'King-Hussain', 'glebmorozov@npo.ru', '+7 (894) 949-9757', 'Паспорт', 0x7e754b33c6479f2ee5e3dc818521e854d3ba4cd61d61e348c9b388c340c1574e2b4def9d9b9896b0018fae56f7e5becf67fd2aaa0c0bd2dbf6f21ab04c7c9b4f765947432cfe13dd243c099b7332bc2897bb8ccdd745bc2a6429d490406c35fd3a417b97, 'ID 0762 24281713', NULL, NULL),
(12, 'Clive', 'Clayton', 'qkopilova@gruppa.com', '+7 (398) 451-4924', 'Паспорт', 0xee1253c20c70c3738bcb615b4f4b22712d88b636c77418ed4eb2ce923294c99bc336dddc65f8f2bf38f667f6b948f7167d2d88e7e574f128c70095631b34231038ead6579f9784902a4afb17bc0039afba1ca9b41e4c8105e94965916f6f045c92f5f20d, 'ID 9457 61690412', 'срок действия заканчивется', NULL),
(13, 'Sheila', 'Pearson', 'kalashnikovaevgenija@ooo.biz', '+71971817659', 'Паспорт', 0x4f4e833e38922b61f77a47e415a18c9330ef8e21628f556a23199a1d1f576b848749715058bd53096f81feab462557b3ec01ef083da001dff7026fdc245bdd8c990f026855e15aab08e6e7dd58995834c6e866ff3ececc43ac45e38d543cef9bf764ae22, 'ID 2747 88161876', NULL, NULL),
(14, 'Ashleigh', 'Elliott', 'zhukovamarina@yandex.ru', '8 748 522 0949', 'Паспорт', 0x022d001ca739cca193bb422cc86d56bdafabb86797bbb5617ed8acf5f169812cf761446f9aa06db277a6cb4d916fc62d81a15d8c371ae995f295ecbf9165d775acde0f7b396b405b07fa92261397fd28e47f039995d5ab0f423e2afeb612b4bfa3db37fe, 'ID 7291 99853137', 'срок действия заканчивется', NULL),
(15, 'Mr.', 'Lamb', 'zahar_48@ao.com', '+7 (769) 358-4616', 'Паспорт', 0x60bd25d4cfafcc106dbe729dcaa7ae6fe27f81a60ca08646a58c6e9499c1d8204f86f23aa0b66b67c70b47b50d1281c330f66eeb58a4235eff4b245b0094e2a77098e33497c89f7f13b2612d0f23e6fc2ae334c887ddac9c634920b4586d4b45ac6f109e, 'ID 5258 87211967', 'срок действия заканчивется', NULL),
(16, 'Mr.', 'Waters', 'nkulakova@gmail.com', '8 (741) 377-71-81', 'Паспорт', 0x08aa733c46d07f7248271a4d0eb14579a18766a15f6bb761d3abfa5f880451e136499efc73b4bbc501184419de71eb3270858c6d8694f0c216eabb4b078ec04a7f83e3bfeb1d649d54511572916eea9cd5c905a3de6a677b309decedf9060b0deeedf3b9, 'ID 4896 35996011', 'ok', NULL),
(17, 'Dr.', 'Robinson', 'kondratevkallistrat@hotmail.com', '8 (929) 795-16-01', 'Паспорт', 0x0e46f26cd081aa7eaa3e677213cf47fac04305d813b6c2692d5d42998c9a47629d876aef601a375b97238f99b0b610c9561a3a548902d05e4e52a040902990dec32aeb9c14173061caf0090089541386fe4e8244b8fa67c8266ecc58c668e4ef5a935343, 'ID 6356 07850495', 'срок действия заканчивется', NULL),
(18, 'Debra', 'Fox', 'teterinasofija@rambler.ru', '8 (254) 872-9806', 'Паспорт', 0xc5be11267db80d034b316101195c754f3c4a52d4e1035e262ec5d088e8d84c2c8e260a2a9983593b0f33747d7a461e30e57ce6093952398a0b2853742e23c01afdc502516143d8e03a6cccb6d6f2ecda32475615c923a56a1e8d57e0c22f6c31fc3d682e, 'ID 4704 40335839', 'срок действия заканчивется', NULL),
(19, 'Barry', 'James', 'rodionovorest@gmail.com', '+7 (302) 995-0301', 'Паспорт', 0x6023aa807efd7c6f53082490d4c991b36d87389c4a0ff5f54838578fe4f14e9ccbb1c58fb2420c4e7c01a3ef84a29d195c426e7decdf341d630677b4bf8a6a88392ae9f58a731fdb44a1706600202a411825a50e230d820a795dab8def557dc558941cfc, 'ID 4292 68192995', 'ok', NULL),
(20, 'Lisa', 'Carter', 'kozlovazoja@gmail.com', '+7 (540) 331-28-87', 'Паспорт', 0x7afe37e0ce3692957d63a65380681281c9882202a60d2c58a08b9140d53616328a6e405b2210546d9505a811f371419b78265bd0b9525673e141b6c88a6a0be7b1281129a03f0c9bce54219946357b435a23fd697eefc2f51e02abe4cfa23017c3b88c21, 'ID 9906 26332803', 'ok', NULL),
(21, 'Mr.', 'Francis', 'nagafonov@npo.ru', '+7 900 313 97 93', 'Паспорт', 0xdb9bff902431364675209ee7b753b507e47e296453d620347a51b0cc9e48f31d0e6b37c9e5181d4227854de914fba49ea72cdc345b98a4a4681983fbb750053c5d57ac4e1fbead6dbb3bb08e96cdcb4812440e4461c3a912452a40f2d5b70d7e4766f5e6, 'ID 0382 58117550', NULL, NULL),
(22, 'Dr.', 'Wilkins', 'santonova@oao.biz', '+7 (093) 356-21-07', 'Паспорт', 0x201f8f83026aa08a89b0fb15a6b74fb76339a590631f68da1407b21a7d40a847b59dddf7dc8745d529775c9b37d6d0bd3218259dc984df63794cc8da4e0c97c493ebccf221428f077d77c654419325c0e30873e2944a7fa15f7b161614b465b6f456e0cb, 'ID 7506 14928823', 'срок действия заканчивется', NULL),
(23, 'Antony', 'Powell', 'juvenali_96@ip.org', '+7 (771) 600-5395', 'Паспорт', 0x2ac0c3aa65574fbb1e26b47c436c761617560a9e0e4c5db316f583a6a8e9efc4f0caf8360a7d470b51c4825a4bc2bf77f518a8d1d361a209776ff9630b02036d0ec7df7b94cf9e6509a951b155ff9a7a1e603d37122a3712b69515fdd83df7901f594aaf, 'ID 4423 53535529', NULL, NULL),
(24, 'Jay', 'Dale', 'borislavdoronin@gruppa.com', '+74447524110', 'Паспорт', 0x6d3b20efc6b2d55c28d4c6370b7c6350d5cc4a078f6e2f04da6200a8afa1d8f138354691e3c737bc100eb160b0fc8b53c9b927e3fb18913e159e6329c6b7e3df927a43902a5581fc5bd1143b1fc06c1631036b3ff952897ac89ad6888ecfa7191219fda3, 'ID 9181 67466724', NULL, NULL),
(25, 'Georgia', 'Edwards', 'vsevolod_2008@sergeeva.org', '86473267793', 'Паспорт', 0xc93632e621df229f51d4fa359157d2f0e1149062fdc9e87aa92e87a60f25e33099185d6c16d81d2dcdf5d4c82befaa1118a5ae84cc79c9733c3731e781a717dad898c7f93760d7db3e4a13a96f7078b90d50f9e57445f0fce8e3deb00220d34e1ea507e7, 'ID 4310 45324739', NULL, NULL),
(26, 'Joanne', 'Hartley', 'svetozar41@mail.ru', '8 003 414 8459', 'Паспорт', 0xba3c91c8d8f4ca01ae63bc904aff42ae0cb592f77532994a18153ea703af25cd2e8cb36616c73bde19aac48a5a8423094bcc1154ab7d1adfcce7d19a12124f2f284593f1da598f5a3aebf5aefb3d775d0d558fb2cd628acea3eddbbdef3ccf352d808fff, 'ID 8064 23508251', NULL, NULL),
(27, 'Alex', 'Carter', 'fadeeveduard@yandex.ru', '8 938 331 4343', 'Паспорт', 0x47eef60e6eb9117921d98231eaf7af15c00cb41f6fda82676b20ed01c52cdb2c7e1e05c7fa08c9966c5f47823d84536902463ba53fb0e29beef3334ebf6efd11abc9ec42a23dabea27fcf1f44c16a8c099a9c4e19ccfcc141ed48096a083d69b32742d39, 'ID 3459 98303522', 'срок действия заканчивется', NULL),
(28, 'Roy', 'Flynn', 'silinaglafira@ooo.ru', '8 (061) 622-2062', 'Паспорт', 0x55642c83ba07dac4b10bf330d4fc219c07bde2751214be1221efc6ed315dd5f2a17ed168f8416d3ba2e1537872419909d32ecdc9b421e820a81587d8a76c7f029d604e9e497b00c2cbf274ec7530ebaa2776e0e2ced0b68b4395b3fb692d144b389fc6e2, 'ID 4821 65757835', 'срок действия заканчивется', NULL),
(29, 'Marcus', 'Crawford', 'bogdanovprokofi@yahoo.com', '+7 490 309 10 11', 'Паспорт', 0xe48961836ca022662b55dfda5bb61cd8a12a4ffef337138dc2017138cdbe01960225ffe4d5cb563cbc8e3dd3c702a3bd3f9b3132549d91965dcc0d94c114d5edf1f09f4183ca41c5288f2dec16a9e1c8c8a7a8a2dd0912f09a2f47bca66992d210ea0488, 'ID 3598 98631116', NULL, NULL),
(30, 'Gerard', 'Powell', 'vera31@oao.ru', '+7 114 752 8977', 'Паспорт', 0xec10e60788eb948f4cdb0708b07747e69236d887c70223ceacc9e2ecc94e0f379516b5256e117725001400c555e039b991ea14020a55f00cd44471b9f4980c5941d5282c5d61f46df46c9492468627742fcfdc29973dac2d13c43e52be6a0bdd8298c48e, 'ID 2511 34192005', 'срок действия заканчивется', NULL),
(31, 'Samuel', 'Pratt', 'marina1976@mail.ru', '8 381 478 91 82', 'Паспорт', 0x56b8274f949799d4ee9e9c2705b4259f9126452add978495f1642a9fbf3777cf3ac02ff7351273b2569c0867bccce0859fe86be7677e8c780c41c7e80d58bdeca3fc3227a3f2de06a88e8ab8226621852cbbe60f3f2f0c17e54090176e7ea2ffa23b59dc, 'ID 2764 36002903', 'ok', NULL),
(32, 'Peter', 'Robinson', 'xkabanov@oao.info', '84460670413', 'Паспорт', 0xe6e8d75dacaae0bb4c13395b3ace9299f79f515045338d8e327886f6c078e6c26180f9ed76afe83100e0bc2f542d5a9c914476bce43af249c834d9f45222af5a8fe9547aa57731fb894b587f8f80d9f6cbe17ffeea71d8a36efb9ab882d4f61e0b926074, 'ID 7991 85871785', 'срок действия заканчивется', NULL),
(33, 'Kirsty', 'Warner', 'lazar_2003@mail.ru', '+7 (397) 070-08-42', 'Паспорт', 0xd7938cc364e6be9dd18247c8e6cbd9958ef901ceda9aa347f92d3d7d87d55b4baac0697577f6a3732a743a1e8578b80240de917378ab009e047fdf1e68fcd4626c1d14498dadce9a751e3b8d309d3d02a0a6c23de10c8f4443c9899d996a8e9c47a6a806, 'ID 9791 06479740', NULL, NULL),
(34, 'Kate', 'Foster', 'kapustinaekaterina@mail.ru', '8 102 763 3217', 'Паспорт', 0xe880513e7dfaa0da49996cba65e8903be24d28f430fcc09baf51ac072bf54c74b6912978ed8d46aee2495e9a48212ff21a59d3211357eef2a0d5b4d936f84f2f545a30d71ba62ebd733e04e15670f9976f7bbace2ff743025c6725af39fff0cdfec8dfd4, 'ID 5066 70224392', 'срок действия заканчивется', NULL),
(35, 'Dr.', 'Ahmed', 'taras69@ooo.biz', '+70275778646', 'Паспорт', 0x08e81e9bff691926e7049604350b32a4d3b8ee82225bcd62377395ca4ca02f98ffc5f11252653336c51042d7b53fa8a078a90a775cc28f5b48d891590f57e9c4997dccba350b588f1a6c2822cb752fcec19d86e3ccad18ca7ab7a1ab7db54dfb01e81c1d, 'ID 1520 92158008', NULL, NULL),
(36, 'Dr.', 'Abbott', 'titovazoja@yandex.ru', '88860504598', 'Паспорт', 0x27a38b8545a1e4902722c1b92bad6601c6606c344e31b7cbf3dd4dc3871b31de3ed3fd64b7affdcce0766eebd91e71070b20ff718022c466271aaaf1801bd9fc29d8cf162ab9a4eba0731bebdbe5047aa4915c8b7a1ac48848083b99b3ebe2cdd33bc0e0, 'ID 1674 97506977', NULL, NULL),
(37, 'Mr.', 'Evans', 'antonin_1987@zao.edu', '8 (257) 803-05-04', 'Паспорт', 0x802fc0a0c544cf6a5eb2332ef8ad9fe9c6fb6e034f8577b3bfbb3f4c927a63aaf1f9e95c8577d451ecde84a133956a8f3b61b02d30663b29b596fc6425d71cc71a9c1fd674aa54696b40cea5f5865fe688ce381dd2872611e46f399e5b636dbcfc1193a2, 'ID 7438 53230474', 'ok', NULL),
(38, 'Miss', 'Martin', 'eleonora2016@gmail.com', '8 (797) 552-5211', 'Паспорт', 0x3eca04d0a4953eca5d76b706ddc7bba56a9869de9ffd417d812effdd848a9b2c504d64d4ed2ad9efd28d82b2c79427b334e7c6cc35523c1abea97cf6dafab54f152f016cc7908352e18568ea13f6fedd19012190de03de2155b2f2fa67435f07a08aa234, 'ID 5231 34411636', NULL, NULL),
(39, 'Joan', 'Richardson-Green', 'zpoljakov@mail.ru', '8 (625) 028-86-34', 'Паспорт', 0xfa43251bb16e67ae5f0a229b8d64598d18b7b63453ecdef78a9f78496c0925656bb26b36975d5f2a85da912d0104dc3bdf98ed54576d39769a9e8528b0811f513eb6ff89a053d28453ff4e95423246e19557a123e93f675d8190efb89e9e10a088f9678e, 'ID 6951 61526814', 'ok', NULL),
(40, 'Malcolm', 'Robinson-Young', 'fermakov@mail.ru', '+7 467 499 1269', 'Паспорт', 0xd19560a2ddb12c7038f802f76372e01e42729ff49ae8832166960b58058315c44f623d27af6a37b7dffa3938714a5b86457c53125350e00e437b8da742bab55b743cdae3fe383d3766337e1652271796bb5b67da018541ce803dc3af2e73ed1301ec1fb9, 'ID 6090 50079560', 'срок действия заканчивется', NULL);

-- --------------------------------------------------------

--
-- Структура таблицы `houses`
--

CREATE TABLE `houses` (
  `id` int(11) NOT NULL,
  `name` varchar(40) NOT NULL,
  `price` float NOT NULL,
  `ac` int(11) NOT NULL,
  `tv` int(11) NOT NULL,
  `safe` int(11) NOT NULL,
  `description` varchar(400) DEFAULT NULL,
  `type` varchar(40) DEFAULT NULL,
  `booking_id` int(11) DEFAULT NULL
) ENGINE=InnoDB DEFAULT CHARSET=utf8;

--
-- Дамп данных таблицы `houses`
--

INSERT INTO `houses` (`id`, `name`, `price`, `ac`, `tv`, `safe`, `description`, `type`, `booking_id`) VALUES
(1, 'Таунхаус ET MAGNI', 1755.3, 0, 1, 0, 'Описание для дома с id 1', 'Таунхаус', 1),
(2, 'Пентхаус EUM REPELLAT', 2617.49, 1, 1, 0, 'Описание для дома с id 2', 'Пентхаус', 2),
(3, 'Бунгало CUMQUE PROVIDENT', 2218.33, 0, 1, 1, 'Описание для дома с id 3', 'Бунгало', 2),
(4, 'Таунхаус SIMILIQUE VOLUPTATES', 4103.36, 1, 0, 0, 'Описание для дома с id 4', 'Таунхаус', 2),
(5, 'Пентхаус AUT MODI', 3533.91, 0, 1, 0, 'Описание для дома с id 5', 'Пентхаус', 2),
(6, 'Вилла SUNT MAGNAM', 7444.15, 1, 1, 0, 'Описание для дома с id 6', 'Вилла', 3),
(7, 'Бунгало EXPLICABO IMPEDIT', 4991.51, 1, 1, 0, 'Описание для дома с id 7', 'Бунгало', 4),
(8, 'Таунхаус NIHIL DICTA', 6134.88, 1, 0, 1, 'Описание для дома с id 8', 'Таунхаус', 4),
(9, 'Коттедж HARUM IPSA', 3993.93, 0, 0, 0, 'Описание для дома с id 9', 'Коттедж', 4),
(10, 'Вилла COMMODI MOLLITIA', 6421.09, 0, 1, 0, 'Описание для дома с id 10', 'Вилла', 5),
(11, 'Пентхаус INVENTORE NIHIL', 3719.23, 1, 0, 0, 'Описание для дома с id 11', 'Пентхаус', 5),
(12, 'Таунхаус CULPA DELECTUS', 5557.89, 0, 1, 0, 'Описание для дома с id 12', 'Таунхаус', 5),
(13, 'Таунхаус ASPERIORES PLACEAT', 2069.57, 1, 1, 1, 'Описание для дома с id 13', 'Таунхаус', 6),
(14, 'Коттедж FUGA AUTEM', 4392.33, 0, 1, 1, 'Описание для дома с id 14', 'Коттедж', 6),
(15, 'Пентхаус NUMQUAM EUM', 2983.93, 0, 0, 0, 'Описание для дома с id 15', 'Пентхаус', 6),
(16, 'Таунхаус ERROR DOLORES', 7163.62, 0, 0, 1, 'Описание для дома с id 16', 'Таунхаус', 7),
(17, 'Пентхаус QUAM DOLORES', 7714.9, 0, 1, 0, 'Описание для дома с id 17', 'Пентхаус', 8),
(18, 'Таунхаус INVENTORE LABORE', 2175.22, 1, 0, 1, 'Описание для дома с id 18', 'Таунхаус', 8),
(19, 'Бунгало ASPERIORES QUOD', 6699.6, 0, 0, 1, 'Описание для дома с id 19', 'Бунгало', 8),
(20, 'Коттедж NON ILLUM', 7829.45, 0, 0, 0, 'Описание для дома с id 20', 'Коттедж', 9),
(21, 'Таунхаус AUT MAXIME', 7107.31, 0, 1, 1, 'Описание для дома с id 21', 'Таунхаус', 10),
(22, 'Коттедж EUM ODIT', 6404.93, 1, 0, 1, 'Описание для дома с id 22', 'Коттедж', 10),
(23, 'Коттедж ILLUM VOLUPTATEM', 4556.69, 1, 1, 1, 'Описание для дома с id 23', 'Коттедж', 11),
(24, 'Бунгало DEBITIS DICTA', 3218.88, 1, 0, 0, 'Описание для дома с id 24', 'Бунгало', 11),
(25, 'Коттедж COMMODI CUMQUE', 6335.53, 1, 0, 0, 'Описание для дома с id 25', 'Коттедж', 11),
(26, 'Вилла QUAE IPSA', 1882.56, 1, 1, 0, 'Описание для дома с id 26', 'Вилла', 11),
(27, 'Бунгало ISTE ARCHITECTO', 1622.59, 1, 0, 1, 'Описание для дома с id 27', 'Бунгало', 12),
(28, 'Вилла A IN', 7674.88, 0, 0, 1, 'Описание для дома с id 28', 'Вилла', 12),
(29, 'Таунхаус ENIM REPELLAT', 3411.12, 1, 0, 0, 'Описание для дома с id 29', 'Таунхаус', 12),
(30, 'Вилла ADIPISCI NEQUE', 4212.49, 0, 0, 1, 'Описание для дома с id 30', 'Вилла', 13),
(31, 'Коттедж EARUM INCIDUNT', 7315.01, 1, 1, 0, 'Описание для дома с id 31', 'Коттедж', 13),
(32, 'Коттедж NEQUE ILLUM', 4919.07, 0, 1, 1, 'Описание для дома с id 32', 'Коттедж', 13),
(33, 'Бунгало REPELLAT TOTAM', 6268.68, 0, 1, 0, 'Описание для дома с id 33', 'Бунгало', 14),
(34, 'Вилла ULLAM APERIAM', 5472.22, 1, 1, 0, 'Описание для дома с id 34', 'Вилла', 14),
(35, 'Пентхаус EX ANIMI', 5852.57, 1, 1, 0, 'Описание для дома с id 35', 'Пентхаус', 15),
(36, 'Бунгало REPUDIANDAE QUAM', 3136.99, 1, 0, 0, 'Описание для дома с id 36', 'Бунгало', 15),
(37, 'Коттедж SINT DOLOREM', 1784.94, 1, 1, 0, 'Описание для дома с id 37', 'Коттедж', 15),
(38, 'Бунгало MINIMA REM', 5951.8, 1, 0, 0, 'Описание для дома с id 38', 'Бунгало', 16),
(39, 'Вилла ELIGENDI PARIATUR', 7932.41, 1, 0, 1, 'Описание для дома с id 39', 'Вилла', 16),
(40, 'Коттедж EAQUE FACERE', 3652.43, 1, 1, 0, 'Описание для дома с id 40', 'Коттедж', 16),
(41, 'Бунгало FACILIS QUAS', 3379.5, 1, 0, 0, 'Описание для дома с id 41', 'Бунгало', 16),
(42, 'Таунхаус ODIT NEQUE', 2001.48, 1, 0, 0, 'Описание для дома с id 42', 'Таунхаус', 17),
(43, 'Таунхаус VOLUPTATEM COMMODI', 3232.36, 0, 1, 0, 'Описание для дома с id 43', 'Таунхаус', 17),
(44, 'Вилла VERO ACCUSANTIUM', 7250.64, 1, 0, 1, 'Описание для дома с id 44', 'Вилла', 17),
(45, 'Вилла ITAQUE VOLUPTATEM', 7585.37, 0, 0, 0, 'Описание для дома с id 45', 'Вилла', 17),
(46, 'Вилла ITAQUE HARUM', 4951.42, 0, 0, 1, 'Описание для дома с id 46', 'Вилла', 18),
(47, 'Коттедж IURE SED', 7864.93, 1, 0, 1, 'Описание для дома с id 47', 'Коттедж', 18),
(48, 'Пентхаус DOLOREMQUE SINT', 2118.74, 1, 0, 0, 'Описание для дома с id 48', 'Пентхаус', 19),
(49, 'Бунгало MAIORES EX', 6747.09, 1, 1, 1, 'Описание для дома с id 49', 'Бунгало', 19),
(50, 'Пентхаус APERIAM DOLOR', 7176.95, 0, 0, 0, 'Описание для дома с id 50', 'Пентхаус', 20),
(51, 'Коттедж PERSPICIATIS CONSECTETUR', 1995.3, 0, 1, 1, 'Описание для дома с id 51', 'Коттедж', 20),
(52, 'Вилла PARIATUR NEMO', 4677.14, 1, 0, 1, 'Описание для дома с id 52', 'Вилла', 20),
(53, 'Бунгало ERROR AT', 2348.28, 1, 0, 1, 'Описание для дома с id 53', 'Бунгало', 21),
(54, 'Вилла SUNT COMMODI', 3161.67, 0, 0, 1, 'Описание для дома с id 54', 'Вилла', 21),
(55, 'Вилла EIUS SIT', 7412.7, 1, 1, 0, 'Описание для дома с id 55', 'Вилла', 21),
(56, 'Вилла BEATAE DICTA', 7248.24, 1, 1, 0, 'Описание для дома с id 56', 'Вилла', 22),
(57, 'Коттедж NEMO VOLUPTATEM', 6307.9, 1, 1, 0, 'Описание для дома с id 57', 'Коттедж', 22),
(58, 'Таунхаус MOLLITIA SUSCIPIT', 4089.68, 1, 1, 1, 'Описание для дома с id 58', 'Таунхаус', 22),
(59, 'Бунгало QUOD PORRO', 4911.56, 0, 1, 0, 'Описание для дома с id 59', 'Бунгало', 22),
(60, 'Коттедж NON DUCIMUS', 4997.45, 0, 1, 1, 'Описание для дома с id 60', 'Коттедж', 23),
(61, 'Бунгало VERITATIS SAEPE', 2367.97, 1, 1, 0, 'Описание для дома с id 61', 'Бунгало', 23),
(62, 'Пентхаус ASPERIORES DOLORIBUS', 7499.8, 1, 0, 1, 'Описание для дома с id 62', 'Пентхаус', 24),
(63, 'Вилла DIGNISSIMOS RERUM', 4811.11, 0, 0, 1, 'Описание для дома с id 63', 'Вилла', 24),
(64, 'Пентхаус REPUDIANDAE QUIBUSDAM', 2447.32, 1, 0, 1, 'Описание для дома с id 64', 'Пентхаус', 25),
(65, 'Бунгало MAGNI SOLUTA', 5314.55, 0, 0, 1, 'Описание для дома с id 65', 'Бунгало', 26),
(66, 'Коттедж EX DISTINCTIO', 4272.53, 1, 1, 1, 'Описание для дома с id 66', 'Коттедж', 26),
(67, 'Таунхаус ISTE NESCIUNT', 3632.84, 1, 0, 1, 'Описание для дома с id 67', 'Таунхаус', 26),
(68, 'Пентхаус QUAS ET', 5274.82, 1, 0, 0, 'Описание для дома с id 68', 'Пентхаус', 26),
(69, 'Вилла CONSEQUUNTUR OPTIO', 2143.46, 1, 0, 1, 'Описание для дома с id 69', 'Вилла', 27),
(70, 'Бунгало COMMODI BLANDITIIS', 7118.09, 0, 0, 0, 'Описание для дома с id 70', 'Бунгало', 27),
(71, 'Пентхаус NUMQUAM DOLORE', 3232.64, 0, 1, 1, 'Описание для дома с id 71', 'Пентхаус', 27),
(72, 'Таунхаус APERIAM LABORUM', 7435.91, 1, 0, 0, 'Описание для дома с id 72', 'Таунхаус', 27),
(73, 'Бунгало RATIONE QUIBUSDAM', 2861.89, 1, 1, 1, 'Описание для дома с id 73', 'Бунгало', 28),
(74, 'Вилла VOLUPTATUM NAM', 2308.77, 0, 1, 0, 'Описание для дома с id 74', 'Вилла', 28),
(75, 'Вилла QUAS VEL', 5707.42, 0, 0, 1, 'Описание для дома с id 75', 'Вилла', 28),
(76, 'Таунхаус EX MOLESTIAE', 4954.27, 1, 0, 1, 'Описание для дома с id 76', 'Таунхаус', 28),
(77, 'Бунгало SEQUI SED', 2814.46, 0, 1, 1, 'Описание для дома с id 77', 'Бунгало', 29),
(78, 'Коттедж AUT QUOS', 5412.13, 1, 0, 0, 'Описание для дома с id 78', 'Коттедж', 30),
(79, 'Вилла NATUS ANIMI', 7781.25, 0, 0, 1, 'Описание для дома с id 79', 'Вилла', 31),
(80, 'Коттедж PERFERENDIS EUM', 3134.04, 1, 1, 0, 'Описание для дома с id 80', 'Коттедж', 31),
(81, 'Коттедж EST ELIGENDI', 7327.13, 1, 0, 1, 'Описание для дома с id 81', 'Коттедж', 32),
(82, 'Вилла OPTIO LABORUM', 6366.53, 1, 1, 1, 'Описание для дома с id 82', 'Вилла', 33),
(83, 'Пентхаус OPTIO ULLAM', 4016.37, 0, 0, 0, 'Описание для дома с id 83', 'Пентхаус', 33),
(84, 'Вилла ADIPISCI EOS', 2900.55, 0, 1, 0, 'Описание для дома с id 84', 'Вилла', 34),
(85, 'Таунхаус NATUS QUIA', 6806.09, 1, 0, 1, 'Описание для дома с id 85', 'Таунхаус', 34),
(86, 'Пентхаус VOLUPTATEM MAXIME', 6246.34, 1, 0, 1, 'Описание для дома с id 86', 'Пентхаус', 35),
(87, 'Коттедж OPTIO DELENITI', 1815.36, 1, 0, 0, 'Описание для дома с id 87', 'Коттедж', 36),
(88, 'Вилла QUIDEM QUAE', 6389.95, 1, 0, 1, 'Описание для дома с id 88', 'Вилла', 37),
(89, 'Таунхаус INCIDUNT SIT', 5927.5, 0, 1, 1, 'Описание для дома с id 89', 'Таунхаус', 37),
(90, 'Бунгало DISTINCTIO VITAE', 7723.54, 1, 0, 1, 'Описание для дома с id 90', 'Бунгало', 37),
(91, 'Коттедж EST ASPERIORES', 6273.78, 0, 0, 0, 'Описание для дома с id 91', 'Коттедж', 38),
(92, 'Таунхаус AUT EIUS', 4722.18, 0, 1, 1, 'Описание для дома с id 92', 'Таунхаус', 38),
(93, 'Бунгало EARUM EXERCITATIONEM', 6157.33, 0, 0, 0, 'Описание для дома с id 93', 'Бунгало', 38),
(94, 'Бунгало INCIDUNT CONSEQUUNTUR', 4254.78, 0, 1, 1, 'Описание для дома с id 94', 'Бунгало', 38),
(95, 'Бунгало EVENIET DOLORUM', 5672.92, 1, 1, 0, 'Описание для дома с id 95', 'Бунгало', 39),
(96, 'Пентхаус AUT QUI', 4810.41, 0, 0, 0, 'Описание для дома с id 96', 'Пентхаус', 39),
(97, 'Пентхаус TEMPORE VOLUPTATES', 5577.16, 0, 0, 0, 'Описание для дома с id 97', 'Пентхаус', 39),
(98, 'Вилла IPSAM NUMQUAM', 6176.5, 0, 0, 1, 'Описание для дома с id 98', 'Вилла', 39),
(99, 'Таунхаус IPSUM DOLOREMQUE', 5198.54, 1, 0, 0, 'Описание для дома с id 99', 'Таунхаус', 40),
(100, 'Коттедж CORRUPTI DISTINCTIO', 5547.67, 1, 0, 1, 'Описание для дома с id 100', 'Коттедж', 40),
(101, 'Пентхаус NISI EA', 1667.53, 1, 0, 1, 'Описание для дома с id 101', 'Пентхаус', 41),
(102, 'Пентхаус DICTA PLACEAT', 6795.9, 0, 1, 1, 'Описание для дома с id 102', 'Пентхаус', 42),
(103, 'Коттедж INVENTORE REICIENDIS', 2399.62, 1, 0, 1, 'Описание для дома с id 103', 'Коттедж', 43),
(104, 'Таунхаус QUAERAT OCCAECATI', 4480.98, 1, 0, 1, 'Описание для дома с id 104', 'Таунхаус', 43),
(105, 'Таунхаус ANIMI ODIO', 2004.64, 0, 1, 0, 'Описание для дома с id 105', 'Таунхаус', 44),
(106, 'Коттедж EVENIET CULPA', 5672.29, 1, 0, 1, 'Описание для дома с id 106', 'Коттедж', 44),
(107, 'Таунхаус NIHIL AUT', 1974.74, 0, 1, 1, 'Описание для дома с id 107', 'Таунхаус', 44),
(108, 'Коттедж CULPA NULLA', 4311.21, 0, 1, 1, 'Описание для дома с id 108', 'Коттедж', 44),
(109, 'Таунхаус NECESSITATIBUS IPSUM', 6227.6, 1, 0, 1, 'Описание для дома с id 109', 'Таунхаус', 45),
(110, 'Коттедж IMPEDIT ADIPISCI', 6489.53, 0, 1, 1, 'Описание для дома с id 110', 'Коттедж', 45),
(111, 'Бунгало MOLESTIAE SAPIENTE', 6348.27, 1, 0, 1, 'Описание для дома с id 111', 'Бунгало', 45),
(112, 'Пентхаус ACCUSAMUS VENIAM', 7417.15, 0, 1, 0, 'Описание для дома с id 112', 'Пентхаус', 45),
(113, 'Пентхаус LABORE ATQUE', 2829.31, 0, 1, 1, 'Описание для дома с id 113', 'Пентхаус', 46),
(114, 'Таунхаус NOBIS ILLUM', 2689.75, 1, 0, 0, 'Описание для дома с id 114', 'Таунхаус', 46),
(115, 'Бунгало MINIMA BEATAE', 4827.8, 0, 0, 1, 'Описание для дома с id 115', 'Бунгало', 46),
(116, 'Вилла DUCIMUS FACILIS', 1678.69, 0, 1, 0, 'Описание для дома с id 116', 'Вилла', 47),
(117, 'Коттедж DOLOREM ACCUSANTIUM', 5406.57, 1, 0, 1, 'Описание для дома с id 117', 'Коттедж', 47),
(118, 'Бунгало TEMPORE OCCAECATI', 3317.7, 0, 1, 1, 'Описание для дома с id 118', 'Бунгало', 47),
(119, 'Бунгало DOLORUM MAGNI', 7278.13, 0, 1, 0, 'Описание для дома с id 119', 'Бунгало', 47),
(120, 'Таунхаус NECESSITATIBUS ODIO', 7602.38, 1, 0, 1, 'Описание для дома с id 120', 'Таунхаус', 48),
(121, 'Бунгало UT VENIAM', 2427.42, 0, 1, 1, 'Описание для дома с id 121', 'Бунгало', 48),
(122, 'Пентхаус ALIQUID UT', 5784.89, 1, 1, 1, 'Описание для дома с id 122', 'Пентхаус', 49),
(123, 'Бунгало LAUDANTIUM QUIBUSDAM', 3910.98, 0, 1, 1, 'Описание для дома с id 123', 'Бунгало', 49),
(124, 'Коттедж CONSEQUUNTUR ASPERNATUR', 1602.49, 0, 0, 0, 'Описание для дома с id 124', 'Коттедж', 49),
(125, 'Вилла SIT ITAQUE', 3822.86, 1, 0, 1, 'Описание для дома с id 125', 'Вилла', 49),
(126, 'Таунхаус OPTIO ODIT', 2832.96, 1, 0, 1, 'Описание для дома с id 126', 'Таунхаус', 50),
(127, 'Таунхаус SIMILIQUE SEQUI', 5235.2, 0, 1, 0, 'Описание для дома с id 127', 'Таунхаус', 51),
(128, 'Пентхаус PLACEAT OFFICIIS', 2422.25, 1, 1, 1, 'Описание для дома с id 128', 'Пентхаус', 51),
(129, 'Вилла CONSEQUATUR EAQUE', 4766.79, 0, 1, 0, 'Описание для дома с id 129', 'Вилла', 51),
(130, 'Коттедж RATIONE ENIM', 7904.97, 1, 1, 1, 'Описание для дома с id 130', 'Коттедж', 51),
(131, 'Коттедж EXPLICABO VITAE', 4791.76, 0, 1, 0, 'Описание для дома с id 131', 'Коттедж', 52),
(132, 'Коттедж VERITATIS ADIPISCI', 7669.22, 0, 1, 1, 'Описание для дома с id 132', 'Коттедж', 52),
(133, 'Пентхаус COMMODI FACILIS', 2818.51, 1, 1, 1, 'Описание для дома с id 133', 'Пентхаус', 52),
(134, 'Коттедж NON VOLUPTATUM', 5566.45, 0, 1, 0, 'Описание для дома с id 134', 'Коттедж', 52),
(135, 'Бунгало MOLESTIAE EA', 6862.23, 0, 0, 0, 'Описание для дома с id 135', 'Бунгало', 53),
(136, 'Таунхаус LABORE QUIDEM', 1886.69, 1, 0, 1, 'Описание для дома с id 136', 'Таунхаус', 53),
(137, 'Бунгало MOLESTIAS DICTA', 7500.88, 1, 1, 0, 'Описание для дома с id 137', 'Бунгало', 54),
(138, 'Коттедж VOLUPTATE REPUDIANDAE', 6407.34, 1, 0, 1, 'Описание для дома с id 138', 'Коттедж', 54),
(139, 'Вилла DICTA DOLORE', 6848.64, 1, 1, 0, 'Описание для дома с id 139', 'Вилла', 55),
(140, 'Бунгало VITAE DISTINCTIO', 7204.58, 1, 1, 1, 'Описание для дома с id 140', 'Бунгало', 55),
(141, 'Вилла FACERE REPELLAT', 5680.64, 0, 1, 1, 'Описание для дома с id 141', 'Вилла', 56),
(142, 'Вилла TEMPORIBUS ODIO', 5031.74, 0, 0, 0, 'Описание для дома с id 142', 'Вилла', 56),
(143, 'Коттедж EVENIET NISI', 7975.4, 0, 1, 0, 'Описание для дома с id 143', 'Коттедж', 56),
(144, 'Коттедж OPTIO CUPIDITATE', 2593.42, 1, 1, 1, 'Описание для дома с id 144', 'Коттедж', 57),
(145, 'Вилла ENIM VOLUPTATUM', 5751.45, 0, 1, 0, 'Описание для дома с id 145', 'Вилла', 57),
(146, 'Бунгало QUIA OMNIS', 4475.05, 1, 0, 1, 'Описание для дома с id 146', 'Бунгало', 58),
(147, 'Коттедж NULLA ALIQUAM', 4648.72, 0, 0, 0, 'Описание для дома с id 147', 'Коттедж', 58),
(148, 'Вилла LABORIOSAM COMMODI', 4725.9, 0, 0, 1, 'Описание для дома с id 148', 'Вилла', 58),
(149, 'Коттедж AD ANIMI', 7559.28, 0, 0, 1, 'Описание для дома с id 149', 'Коттедж', 58),
(150, 'Таунхаус A DOLOREM', 2020, 1, 1, 0, 'Описание для дома с id 150', 'Таунхаус', 59),
(151, 'Бунгало UNDE LIBERO', 6070.79, 1, 0, 0, 'Описание для дома с id 151', 'Бунгало', 59),
(152, 'Пентхаус IPSUM DIGNISSIMOS', 3116.69, 1, 1, 0, 'Описание для дома с id 152', 'Пентхаус', 59),
(153, 'Таунхаус MOLESTIAS QUASI', 4411.91, 0, 1, 1, 'Описание для дома с id 153', 'Таунхаус', 60),
(154, 'Вилла EUM RECUSANDAE', 7921.04, 0, 1, 0, 'Описание для дома с id 154', 'Вилла', 60),
(155, 'Пентхаус BLANDITIIS ANIMI', 5174.18, 0, 0, 1, 'Описание для дома с id 155', 'Пентхаус', 61),
(156, 'Пентхаус QUAE VOLUPTAS', 6401.99, 1, 1, 0, 'Описание для дома с id 156', 'Пентхаус', 62),
(157, 'Вилла VOLUPTATES TEMPORIBUS', 7233.36, 1, 1, 0, 'Описание для дома с id 157', 'Вилла', 62),
(158, 'Коттедж CONSECTETUR AMET', 4034.95, 1, 0, 1, 'Описание для дома с id 158', 'Коттедж', 62),
(159, 'Коттедж SAPIENTE SED', 7251.32, 1, 1, 0, 'Описание для дома с id 159', 'Коттедж', 62),
(160, 'Пентхаус ISTE ULLAM', 4335.26, 0, 1, 1, 'Описание для дома с id 160', 'Пентхаус', 63),
(161, 'Вилла ASPERIORES QUIDEM', 2370.57, 1, 1, 1, 'Описание для дома с id 161', 'Вилла', 64),
(162, 'Коттедж BEATAE MAGNAM', 2587.69, 1, 0, 0, 'Описание для дома с id 162', 'Коттедж', 64),
(163, 'Вилла MAGNAM EVENIET', 1846.54, 1, 0, 0, 'Описание для дома с id 163', 'Вилла', 64),
(164, 'Коттедж QUIDEM QUAM', 2597.4, 0, 0, 0, 'Описание для дома с id 164', 'Коттедж', 64),
(165, 'Вилла ELIGENDI SIT', 6968.29, 1, 0, 1, 'Описание для дома с id 165', 'Вилла', 65),
(166, 'Бунгало NIHIL QUIS', 5000.5, 1, 0, 0, 'Описание для дома с id 166', 'Бунгало', 65),
(167, 'Пентхаус VERITATIS A', 3003.39, 1, 1, 1, 'Описание для дома с id 167', 'Пентхаус', 66),
(168, 'Таунхаус CUM ALIQUAM', 5662.68, 1, 0, 0, 'Описание для дома с id 168', 'Таунхаус', 66),
(169, 'Коттедж ET TEMPORA', 6678.72, 0, 1, 0, 'Описание для дома с id 169', 'Коттедж', 67),
(170, 'Пентхаус DOLOR LABORE', 2838.66, 0, 0, 0, 'Описание для дома с id 170', 'Пентхаус', 68),
(171, 'Пентхаус ARCHITECTO NECESSITATIBUS', 6293.12, 0, 0, 1, 'Описание для дома с id 171', 'Пентхаус', 69),
(172, 'Пентхаус QUIA REPUDIANDAE', 2559.26, 1, 0, 1, 'Описание для дома с id 172', 'Пентхаус', 69),
(173, 'Пентхаус CONSECTETUR QUASI', 7320.25, 0, 0, 1, 'Описание для дома с id 173', 'Пентхаус', 69),
(174, 'Пентхаус PERFERENDIS DELECTUS', 1852.44, 0, 1, 0, 'Описание для дома с id 174', 'Пентхаус', 69),
(175, 'Коттедж PARIATUR REPREHENDERIT', 5189.06, 1, 1, 0, 'Описание для дома с id 175', 'Коттедж', 70),
(176, 'Вилла EUM A', 2161.54, 1, 1, 1, 'Описание для дома с id 176', 'Вилла', 70),
(177, 'Пентхаус PROVIDENT NATUS', 5390.71, 0, 0, 0, 'Описание для дома с id 177', 'Пентхаус', 71),
(178, 'Таунхаус VITAE SIT', 6478.85, 0, 0, 1, 'Описание для дома с id 178', 'Таунхаус', 71),
(179, 'Коттедж ODIT CUPIDITATE', 6558.46, 1, 1, 0, 'Описание для дома с id 179', 'Коттедж', 71),
(180, 'Таунхаус ASPERNATUR SIT', 5358.72, 0, 0, 0, 'Описание для дома с id 180', 'Таунхаус', 72),
(181, 'Коттедж FACILIS EVENIET', 4381.63, 0, 0, 0, 'Описание для дома с id 181', 'Коттедж', 72),
(182, 'Коттедж ACCUSAMUS DIGNISSIMOS', 6704.48, 1, 1, 0, 'Описание для дома с id 182', 'Коттедж', 73),
(183, 'Пентхаус REM QUAM', 3429.06, 1, 0, 0, 'Описание для дома с id 183', 'Пентхаус', 73),
(184, 'Бунгало APERIAM RECUSANDAE', 5782.86, 0, 1, 0, 'Описание для дома с id 184', 'Бунгало', 73),
(185, 'Коттедж PERFERENDIS INCIDUNT', 6360.93, 0, 1, 0, 'Описание для дома с id 185', 'Коттедж', 74),
(186, 'Бунгало EA CUM', 5544.72, 0, 0, 0, 'Описание для дома с id 186', 'Бунгало', 74),
(187, 'Бунгало DOLOREMQUE SIMILIQUE', 5010.95, 1, 0, 0, 'Описание для дома с id 187', 'Бунгало', 74),
(188, 'Вилла ACCUSAMUS NISI', 7646.58, 0, 0, 0, 'Описание для дома с id 188', 'Вилла', 74),
(189, 'Бунгало UNDE ASPERIORES', 3659.51, 0, 0, 1, 'Описание для дома с id 189', 'Бунгало', 75),
(190, 'Пентхаус QUIS AD', 5221.5, 0, 1, 0, 'Описание для дома с id 190', 'Пентхаус', 75),
(191, 'Коттедж AUTEM DOLORES', 6060.36, 1, 0, 0, 'Описание для дома с id 191', 'Коттедж', 75),
(192, 'Вилла ID REPELLAT', 3158.44, 1, 1, 0, 'Описание для дома с id 192', 'Вилла', 76),
(193, 'Бунгало LABORUM PORRO', 5750.73, 0, 0, 1, 'Описание для дома с id 193', 'Бунгало', 76),
(194, 'Таунхаус NAM EXPEDITA', 5259.86, 0, 1, 0, 'Описание для дома с id 194', 'Таунхаус', 76),
(195, 'Пентхаус EAQUE OPTIO', 6116.64, 1, 1, 1, 'Описание для дома с id 195', 'Пентхаус', NULL),
(196, 'Вилла OPTIO MAGNI', 2407.46, 1, 0, 0, 'Описание для дома с id 196', 'Вилла', NULL),
(197, 'Пентхаус DEBITIS ODIT', 3764.97, 1, 1, 0, 'Описание для дома с id 197', 'Пентхаус', NULL),
(198, 'Коттедж CULPA DOLOR', 2166.84, 1, 0, 1, 'Описание для дома с id 198', 'Коттедж', NULL),
(199, 'Таунхаус OMNIS QUOD', 3130.81, 1, 1, 0, 'Описание для дома с id 199', 'Таунхаус', NULL),
(200, 'Коттедж A REPELLAT', 7773.03, 0, 1, 1, 'Описание для дома с id 200', 'Коттедж', NULL);

-- --------------------------------------------------------

--
-- Структура таблицы `orders`
--

CREATE TABLE `orders` (
  `id` int(11) NOT NULL,
  `order_date` date NOT NULL,
  `client_id` int(11) NOT NULL,
  `cost` float NOT NULL
) ENGINE=InnoDB DEFAULT CHARSET=utf8;

--
-- Дамп данных таблицы `orders`
--

INSERT INTO `orders` (`id`, `order_date`, `client_id`, `cost`) VALUES
(1, '2020-12-10', 3, 53667),
(2, '2019-11-29', 3, 4095.45),
(3, '2019-03-09', 3, 41442.4),
(4, '2020-09-06', 3, 24237.1),
(5, '2020-09-27', 3, 1709.55),
(6, '2021-01-26', 3, 23706.8),
(7, '2020-02-16', 3, 2240.56),
(8, '2020-04-05', 3, 44108.6),
(9, '2020-12-04', 3, 61948.6),
(10, '2019-12-20', 5, 38858.7),
(11, '2019-10-03', 5, 2692.14),
(12, '2020-07-14', 5, 18423.6),
(13, '2020-06-25', 5, 27880.1),
(14, '2019-04-26', 5, 66744),
(15, '2019-05-25', 5, 60276.9),
(16, '2021-01-29', 6, 44431.9),
(17, '2021-02-02', 6, 28772),
(18, '2020-11-20', 6, 45364.3),
(19, '2021-01-15', 6, 4540.95),
(20, '2020-10-31', 6, 19330.9),
(21, '2020-05-04', 6, 5293.68),
(22, '2020-04-29', 6, 8313.28),
(23, '2019-03-05', 6, 60513.5),
(24, '2019-08-26', 6, 33588.5),
(25, '2019-11-16', 6, 56121.9),
(26, '2019-02-14', 6, 30459.1),
(27, '2020-06-18', 6, 50921.3),
(28, '2019-12-07', 6, 43654.4),
(29, '2019-08-23', 6, 21598.2),
(30, '2019-06-03', 6, 80636.5),
(31, '2020-04-12', 6, 83684.8),
(32, '2020-09-22', 6, 57166),
(33, '2020-02-14', 7, 69767.5),
(34, '2020-01-30', 7, 63470.4),
(35, '2019-04-07', 7, 36283.2),
(36, '2019-05-27', 7, 35749.1),
(37, '2021-02-03', 7, 25337.2),
(38, '2019-08-04', 7, 11985.4),
(39, '2020-08-25', 7, 103549),
(40, '2019-03-03', 7, 47571.1),
(41, '2019-08-22', 7, 40295.2),
(42, '2020-03-18', 9, 736.28),
(43, '2020-10-28', 9, 33066.5),
(44, '2020-02-03', 9, 93313),
(45, '2019-11-24', 9, 5123.52),
(46, '2020-12-30', 9, 4662.79),
(47, '2019-09-14', 9, 29286.8),
(48, '2019-06-29', 10, 84180.3),
(49, '2020-07-15', 10, 44301.1),
(50, '2019-08-16', 10, 59373.2),
(51, '2019-05-18', 10, 20895.9),
(52, '2020-02-22', 10, 10471.8),
(53, '2019-09-03', 10, 60401.8),
(54, '2020-10-01', 10, 38114.8),
(55, '2019-12-09', 10, 39417.5),
(56, '2020-05-20', 10, 77376.9),
(57, '2019-11-03', 10, 71047.4),
(58, '2021-01-18', 10, 26058.6),
(59, '2019-04-06', 10, 47646.4),
(60, '2020-11-12', 10, 43842.7),
(61, '2019-11-27', 10, 12166.2),
(62, '2020-07-08', 11, 19729.3),
(63, '2020-08-22', 11, 66425.5),
(64, '2019-12-13', 11, 23111.7),
(65, '2019-04-14', 11, 53183.3),
(66, '2020-06-12', 11, 72532.2),
(67, '2019-02-12', 11, 42574.5),
(68, '2020-10-25', 11, 6275.6),
(69, '2021-01-06', 12, 36834.2),
(70, '2019-07-20', 12, 1991.33),
(71, '2020-01-19', 12, 36708),
(72, '2020-10-26', 12, 44151),
(73, '2020-12-22', 12, 46939.6),
(74, '2019-12-06', 12, 44754.3),
(75, '2020-05-07', 12, 33717.5),
(76, '2019-12-15', 12, 1020.8),
(77, '2019-11-09', 12, 8128.4),
(78, '2020-06-24', 12, 28352.2),
(79, '2019-10-31', 12, 40990.7),
(80, '2020-10-20', 12, 54004.1),
(81, '2020-11-23', 12, 38289.8),
(82, '2019-12-09', 12, 56565.6),
(83, '2020-08-07', 12, 48512.6),
(84, '2020-01-16', 12, 10255.9),
(85, '2020-07-03', 12, 43120.6),
(86, '2020-09-12', 12, 26289.2),
(87, '2021-01-19', 12, 78496.5),
(88, '2019-06-17', 12, 11725.4),
(89, '2020-03-08', 13, 36647.5),
(90, '2019-05-14', 13, 58583.7),
(91, '2020-07-05', 13, 13087.3),
(92, '2020-03-03', 13, 58958.4),
(93, '2020-03-23', 13, 27960.8),
(94, '2019-12-14', 13, 13519.8),
(95, '2020-06-09', 13, 63603.5),
(96, '2019-11-03', 13, 23725.8),
(97, '2020-07-28', 13, 64861.9),
(98, '2019-06-23', 13, 96496.6),
(99, '2019-12-05', 13, 72609.9),
(100, '2020-04-23', 13, 22531.5),
(101, '2020-05-10', 13, 71823.6),
(102, '2019-06-30', 15, 12828.6),
(103, '2020-08-05', 15, 50773.3),
(104, '2020-08-20', 15, 71741.2),
(105, '2020-02-27', 15, 1696.34),
(106, '2019-04-13', 15, 20006.3),
(107, '2019-09-06', 15, 45385.5),
(108, '2019-11-19', 15, 42163.3),
(109, '2020-01-26', 15, 56459.1),
(110, '2020-02-11', 15, 20697.2),
(111, '2019-11-13', 15, 36444.5),
(112, '2019-08-21', 15, 62006.2),
(113, '2020-09-11', 15, 32229.6),
(114, '2020-11-18', 15, 70713.2),
(115, '2020-03-14', 15, 57684.3),
(116, '2020-03-17', 15, 102169),
(117, '2019-11-05', 15, 29011.2),
(118, '2019-03-09', 16, 12725.1),
(119, '2021-02-05', 16, 61816.1),
(120, '2020-08-11', 16, 41947.8),
(121, '2019-06-29', 16, 10691.5),
(122, '2020-03-31', 17, 35982),
(123, '2019-03-09', 17, 79489.7),
(124, '2020-12-20', 17, 2178.03),
(125, '2020-12-10', 17, 8545.16),
(126, '2020-06-13', 17, 2284.33),
(127, '2020-03-16', 17, 79359.8),
(128, '2019-06-01', 17, 24468.7),
(129, '2020-03-20', 17, 38653.8),
(130, '2019-09-13', 17, 79826.2),
(131, '2020-04-21', 17, 2355.84),
(132, '2021-01-28', 17, 35945.7),
(133, '2020-03-21', 17, 68201.3),
(134, '2020-06-10', 17, 31617.9),
(135, '2020-07-19', 17, 27958.3),
(136, '2020-11-22', 17, 32188.8),
(137, '2019-11-03', 17, 47482),
(138, '2019-09-03', 18, 21891.5),
(139, '2020-07-19', 18, 24138.8),
(140, '2019-12-09', 18, 30220),
(141, '2021-01-13', 18, 16481),
(142, '2019-12-13', 18, 19816.9),
(143, '2019-03-21', 18, 34328.3),
(144, '2019-06-26', 18, 9781.43),
(145, '2020-02-27', 18, 44266.4),
(146, '2020-03-24', 18, 45462.9),
(147, '2020-10-09', 18, 69207.3),
(148, '2020-12-23', 18, 45641.7),
(149, '2019-06-03', 18, 92623.5),
(150, '2019-07-23', 18, 53491.2),
(151, '2020-04-19', 18, 927.67),
(152, '2020-07-19', 18, 544.32),
(153, '2019-02-09', 18, 240.23),
(154, '2020-07-28', 18, 48404.6),
(155, '2019-08-30', 19, 11082.1),
(156, '2019-10-30', 19, 87223),
(157, '2019-08-12', 19, 8294.3),
(158, '2020-01-14', 19, 76777.9),
(159, '2021-01-18', 19, 93966.4),
(160, '2020-10-08', 19, 17458.3),
(161, '2020-05-31', 19, 22787.8),
(162, '2019-05-15', 19, 44435.7),
(163, '2020-04-03', 19, 57730.3),
(164, '2020-12-09', 19, 33515.2),
(165, '2020-09-11', 19, 48566.4),
(166, '2019-12-06', 19, 37784.9),
(167, '2020-12-28', 19, 16313.9),
(168, '2020-06-24', 19, 63778.5),
(169, '2020-05-17', 19, 38426.7),
(170, '2020-06-13', 19, 79020.7),
(171, '2020-11-09', 19, 23320.5),
(172, '2021-01-01', 22, 33929.6),
(173, '2020-02-06', 22, 30933.6),
(174, '2019-11-29', 22, 4257.24),
(175, '2019-10-03', 22, 60791.1),
(176, '2020-06-04', 22, 61755.4),
(177, '2019-03-12', 22, 64902.2),
(178, '2020-01-31', 22, 14408.5),
(179, '2019-09-21', 22, 71335.5),
(180, '2019-11-27', 22, 57699.1),
(181, '2020-04-08', 22, 58925.9),
(182, '2020-12-16', 22, 1695.4),
(183, '2019-11-25', 22, 24664.7),
(184, '2019-12-31', 22, 16931.1),
(185, '2019-02-19', 22, 69593.1),
(186, '2019-03-02', 22, 1854.72),
(187, '2019-03-01', 22, 55525.2),
(188, '2020-07-11', 22, 80541.2),
(189, '2019-09-21', 22, 101151),
(190, '2019-02-21', 22, 37488.3),
(191, '2020-04-12', 23, 86160.6),
(192, '2019-05-04', 23, 27487.8),
(193, '2020-04-07', 23, 71898.3),
(194, '2019-09-17', 23, 58922.6),
(195, '2020-10-29', 23, 44975.1),
(196, '2019-11-21', 23, 36059.3),
(197, '2020-11-21', 23, 99623.6),
(198, '2019-06-24', 23, 50552.8),
(199, '2020-09-08', 23, 80106.3),
(200, '2020-07-02', 23, 39473.8),
(201, '2020-01-08', 23, 49063),
(202, '2019-05-31', 23, 61780.3),
(203, '2020-11-16', 25, 55860),
(204, '2020-07-10', 25, 91803.4),
(205, '2020-12-25', 25, 58187.1),
(206, '2019-04-12', 25, 36370.1),
(207, '2019-07-17', 25, 63243.7),
(208, '2019-07-15', 25, 42906.7),
(209, '2019-03-20', 25, 40041.6),
(210, '2019-11-27', 25, 4575.74),
(211, '2019-08-10', 25, 58372.4),
(212, '2020-01-09', 25, 58970.3),
(213, '2020-12-07', 25, 342.39),
(214, '2020-06-15', 25, 55928.4),
(215, '2019-05-27', 25, 1288.37),
(216, '2020-12-15', 25, 23273.1),
(217, '2020-11-22', 25, 50451.2),
(218, '2021-01-28', 27, 33701),
(219, '2020-05-04', 27, 72411.9),
(220, '2020-06-30', 31, 66849.2),
(221, '2020-11-10', 31, 19559.4),
(222, '2019-11-10', 31, 103230),
(223, '2019-03-28', 31, 41689.4),
(224, '2019-08-13', 34, 16770.6),
(225, '2020-09-08', 34, 87762.2),
(226, '2019-03-02', 34, 30645.9),
(227, '2019-03-13', 34, 96215.4),
(228, '2020-04-08', 34, 23477.2),
(229, '2020-11-09', 34, 19448.7),
(230, '2020-02-27', 35, 61709.1),
(231, '2019-05-03', 35, 17856.2),
(232, '2020-10-14', 35, 64866.7),
(233, '2019-02-16', 35, 38661.6),
(234, '2020-10-09', 35, 19747.8),
(235, '2021-01-11', 36, 15098.6),
(236, '2019-04-25', 36, 50574.6),
(237, '2019-03-02', 36, 26657.8),
(238, '2019-03-12', 36, 26077.5),
(239, '2019-05-05', 36, 50727.6),
(240, '2020-11-25', 36, 8825.7),
(241, '2019-05-21', 36, 83922.9),
(242, '2020-08-03', 36, 6694.4),
(243, '2020-10-07', 36, 28272.5),
(244, '2020-04-18', 36, 55027.8),
(245, '2020-04-26', 36, 66226.5),
(246, '2019-09-14', 36, 29828.4),
(247, '2020-05-27', 36, 21599.7),
(248, '2019-12-25', 36, 43506.7),
(249, '2020-06-11', 36, 22304.5),
(250, '2020-12-19', 36, 38752.6),
(251, '2020-07-26', 36, 87383.8),
(252, '2019-05-06', 36, 7778.97),
(253, '2020-03-28', 36, 54878.4),
(254, '2020-06-13', 36, 24434.6),
(255, '2019-12-30', 40, 41537.4);

-- --------------------------------------------------------

--
-- Структура таблицы `products`
--

CREATE TABLE `products` (
  `id` int(11) NOT NULL,
  `title` varchar(40) NOT NULL,
  `price` float NOT NULL
) ENGINE=InnoDB DEFAULT CHARSET=utf8;

--
-- Дамп данных таблицы `products`
--

INSERT INTO `products` (`id`, `title`, `price`) VALUES
(1, 'сравнение', 149.92),
(2, 'банк', 214.89),
(3, 'строительство', 551.55),
(4, 'пропадать', 396.83),
(5, 'дорогой', 241.46),
(6, 'упор', 706.11),
(7, 'очутиться', 44.12),
(8, 'угроза', 547.3),
(9, 'функция', 729.56),
(10, 'возникновение', 139.09),
(11, 'пасть', 69.09),
(12, 'трубка', 892.92),
(13, 'подробность', 635.27),
(14, 'порода', 37.09),
(15, 'расстегнуть', 789.71),
(16, 'другой', 95.51),
(17, 'назначить', 428.65),
(18, 'роскошный', 62.9),
(19, 'пространство', 437.23),
(20, 'возможно', 798.27),
(21, 'актриса', 779.54),
(22, 'медицина', 768.07),
(23, 'важный', 58.5),
(24, 'школьный', 271.18),
(25, 'сынок', 179.72),
(26, 'хотеть', 539.71),
(27, 'посидеть', 711.9),
(28, 'грудь', 486.02),
(29, 'научить', 332.62),
(30, 'художественный', 189.43),
(31, 'носок', 247.07),
(32, 'выразить', 995.98),
(33, 'цель', 698.66),
(34, 'зачем', 68.64),
(35, 'помимо', 167.07),
(36, 'висеть', 70.95),
(37, 'художественный', 234.32),
(38, 'народ', 286.95),
(39, 'какой', 725.75),
(40, 'постоянный', 547.77),
(41, 'наслаждение', 300.89),
(42, 'медицина', 31.54),
(43, 'изба', 456.49),
(44, 'рот', 810.07),
(45, 'картинка', 230.3),
(46, 'холодно', 110.69),
(47, 'выраженный', 731.44),
(48, 'носок', 486.06),
(49, 'бок', 227.13),
(50, 'изображать', 466.97),
(51, 'сбросить', 855.86),
(52, 'неожиданный', 98.7),
(53, 'четко', 37.3),
(54, 'степь', 177.25),
(55, 'отражение', 551.21),
(56, 'постоянный', 48.44),
(57, 'природа', 59.33),
(58, 'художественный', 826.3),
(59, 'поговорить', 582.74),
(60, 'дорогой', 399.77),
(61, 'провинция', 617.76),
(62, 'лететь', 336.46),
(63, 'теория', 933.57),
(64, 'четко', 233.33),
(65, 'князь', 188.31),
(66, 'секунда', 530.88),
(67, 'падать', 2.27),
(68, 'четыре', 234.77),
(69, 'мучительно', 671.67),
(70, 'трубка', 635.53),
(71, 'командир', 967.97),
(72, 'правильный', 970.54),
(73, 'аж', 70.46),
(74, 'падаль', 578.45),
(75, 'основание', 154.1),
(76, 'бригада', 152.63),
(77, 'доставать', 718.96),
(78, 'забирать', 269.12),
(79, 'сходить', 42.41),
(80, 'анализ', 973.55),
(81, 'горький', 335.81),
(82, 'что', 763.48),
(83, 'редактор', 783.16),
(84, 'обида', 290.04),
(85, 'порядок', 363.05),
(86, 'второй', 3.79),
(87, 'миллиард', 244.74),
(88, 'возмутиться', 34.98),
(89, 'возможно', 248.98),
(90, 'разнообразный', 574.32),
(91, 'бригада', 103.5),
(92, 'плод', 49.09),
(93, 'видимо', 761.74),
(94, 'мгновение', 353.83),
(95, 'школьный', 701.29),
(96, 'смеяться', 274.17),
(97, 'отражение', 771.87),
(98, 'изба', 9.7),
(99, 'табак', 993.03),
(100, 'природа', 134.35),
(101, 'иной', 263.18),
(102, 'райком', 486.53),
(103, 'четко', 336.05),
(104, 'уронить', 59.48),
(105, 'салон', 57.29),
(106, 'коробка', 467.8),
(107, 'коричневый', 569.72),
(108, 'аллея', 22.43),
(109, 'зачем', 729.26),
(110, 'изображать', 250.15),
(111, 'роскошный', 833.22),
(112, 'ремень', 302.16),
(113, 'адвокат', 558.47),
(114, 'ученый', 435.54),
(115, 'наступать', 773.84),
(116, 'провал', 885.32),
(117, 'цвет', 422.1),
(118, 'торопливый', 363.96),
(119, 'рот', 220.65),
(120, 'место', 73.49),
(121, 'полоска', 196),
(122, 'правление', 52.76),
(123, 'казнь', 860.51),
(124, 'более', 980.37),
(125, 'ярко', 857.07),
(126, 'выкинуть', 494.54),
(127, 'прежний', 658.96),
(128, 'трубка', 909.05),
(129, 'уронить', 285.94),
(130, 'миф', 129.42),
(131, 'тяжелый', 513.39),
(132, 'гулять', 575.17),
(133, 'исследование', 691.07),
(134, 'дрогнуть', 325.29),
(135, 'порог', 930.38),
(136, 'добиться', 180.17),
(137, 'издали', 166.97),
(138, 'около', 202.11),
(139, 'коллектив', 346.9),
(140, 'господь', 45.81),
(141, 'около', 871.22),
(142, 'тусклый', 557.12),
(143, 'мимо', 603.97),
(144, 'командующий', 702.75),
(145, 'невыносимый', 391.87),
(146, 'фонарик', 551.04),
(147, 'совет', 852.92),
(148, 'медицина', 94.14),
(149, 'славный', 795.78),
(150, 'заплакать', 490.73),
(151, 'назначить', 28.46),
(152, 'бетонный', 760.59),
(153, 'академик', 918.02),
(154, 'головка', 417.83),
(155, 'пропаганда', 137.56),
(156, 'кольцо', 771.21),
(157, 'привлекать', 581.15),
(158, 'табак', 663.1),
(159, 'решетка', 106.07),
(160, 'выгнать', 638.91),
(161, 'запретить', 72.57),
(162, 'упор', 654.48),
(163, 'ученый', 783.59),
(164, 'висеть', 99.59),
(165, 'запустить', 284.58),
(166, 'остановить', 491.08),
(167, 'ярко', 13.26),
(168, 'хлеб', 887.02),
(169, 'слать', 661.71),
(170, 'дьявол', 944.46),
(171, 'школьный', 510.25),
(172, 'развернуться', 415.74),
(173, 'очередной', 879.09),
(174, 'сынок', 179.42),
(175, 'человечек', 548.52),
(176, 'идея', 325.95),
(177, 'интеллектуальный', 298.67),
(178, 'ведь', 362.57),
(179, 'анализ', 124.79),
(180, 'решетка', 369.52),
(181, 'валюта', 124.78),
(182, 'сбросить', 440.8),
(183, 'полоска', 796.46),
(184, 'передо', 609.87),
(185, 'новый', 795.2),
(186, 'ремень', 927.19),
(187, 'эффект', 551.24),
(188, 'падать', 245.87),
(189, 'отметить', 882.3),
(190, 'витрина', 975.62),
(191, 'изредка', 173.7),
(192, 'мрачно', 149.46),
(193, 'песенка', 138.17),
(194, 'серьезный', 632.68),
(195, 'солнце', 615.57),
(196, 'миф', 995.73),
(197, 'госпожа', 972.71),
(198, 'видимо', 142.91),
(199, 'успокоиться', 805.08),
(200, 'обида', 513.68),
(201, 'необычный', 14.01),
(202, 'крыса', 291.1),
(203, 'левый', 754.06),
(204, 'стакан', 1000.35),
(205, 'тяжелый', 436.35),
(206, 'выражаться', 949.81),
(207, 'адвокат', 423.36),
(208, 'монета', 405.03),
(209, 'покидать', 183.72),
(210, 'хозяйка', 165.76),
(211, 'костер', 753.56),
(212, 'пламя', 823.14),
(213, 'запретить', 98.18),
(214, 'кожа', 39.5),
(215, 'иной', 834.6),
(216, 'медицина', 508.71),
(217, 'висеть', 6.39),
(218, 'роскошный', 813.61),
(219, 'ленинград', 363.27),
(220, 'правильный', 56.6),
(221, 'расстегнуть', 95.81),
(222, 'монета', 821),
(223, 'лететь', 11.17),
(224, 'даль', 163.81),
(225, 'возмутиться', 355.62),
(226, 'спешить', 865.79),
(227, 'костер', 575.89),
(228, 'снимать', 176.04),
(229, 'цепочка', 653.68),
(230, 'командующий', 640),
(231, 'ответить', 852.73),
(232, 'радость', 274.23),
(233, 'ломать', 254.25),
(234, 'господь', 213.37),
(235, 'термин', 765.71),
(236, 'заложить', 100.09),
(237, 'мимо', 696.09),
(238, 'покидать', 909.52),
(239, 'вчера', 146.46),
(240, 'медицина', 581.4),
(241, 'райком', 935.63),
(242, 'постоянный', 795.7),
(243, 'легко', 549.82),
(244, 'пятеро', 584.85),
(245, 'при', 546.07),
(246, 'выражаться', 570.38),
(247, 'угодный', 569.37),
(248, 'недостаток', 396.88),
(249, 'сутки', 808.08),
(250, 'передо', 361.76),
(251, 'монета', 465.62),
(252, 'возбуждение', 877.84),
(253, 'тысяча', 419.19),
(254, 'дурацкий', 179.18),
(255, 'витрина', 173.37),
(256, 'через', 577.09),
(257, 'помолчать', 426.74),
(258, 'намерение', 335.05),
(259, 'ярко', 569.76),
(260, 'ярко', 811.23),
(261, 'ответить', 490.99),
(262, 'приятель', 585.25),
(263, 'посидеть', 911.61),
(264, 'потрясти', 788),
(265, 'успокоиться', 833.06),
(266, 'полевой', 861.92),
(267, 'достоинство', 364.95),
(268, 'написать', 653.94),
(269, 'пересечь', 218.91),
(270, 'заложить', 373.69),
(271, 'поставить', 594.68),
(272, 'услать', 989.59),
(273, 'тревога', 523.28),
(274, 'невозможно', 805.47),
(275, 'термин', 10.9),
(276, 'недостаток', 826.64),
(277, 'через', 71.84),
(278, 'изба', 259.37),
(279, 'да', 537.16),
(280, 'ведь', 305.21),
(281, 'упорно', 496.49),
(282, 'кидать', 672.33),
(283, 'слишком', 193.96),
(284, 'вздрагивать', 532.37),
(285, 'падать', 14.72),
(286, 'угроза', 922.2),
(287, 'за', 252.57),
(288, 'неожиданный', 690.88),
(289, 'протягивать', 725.57),
(290, 'избегать', 5.95),
(291, 'выражение', 933.33),
(292, 'угроза', 881.72),
(293, 'ставить', 152.71),
(294, 'мера', 479.34),
(295, 'армейский', 835.16),
(296, 'дружно', 264.58),
(297, 'горький', 177.23),
(298, 'дыхание', 963.24),
(299, 'вытаскивать', 923.06),
(300, 'бегать', 283.98),
(301, 'добиться', 383.72),
(302, 'некоторый', 576.67),
(303, 'дрогнуть', 382.95),
(304, 'вскакивать', 138.73),
(305, 'болото', 755.88),
(306, 'князь', 234.02),
(307, 'упорно', 518.82),
(308, 'очко', 548.73),
(309, 'тусклый', 119.41),
(310, 'райком', 337.29),
(311, 'изменение', 490.91),
(312, 'реклама', 366.74),
(313, 'адвокат', 885.19),
(314, 'приятель', 77.08),
(315, 'растеряться', 750.8),
(316, 'мелькнуть', 744.29),
(317, 'наслаждение', 18.63),
(318, 'возмутиться', 425.2),
(319, 'деньги', 668.72),
(320, 'расстройство', 147.18),
(321, 'ночь', 726.03),
(322, 'советовать', 704.64),
(323, 'функция', 271.23),
(324, 'передо', 547.73),
(325, 'космос', 677.53),
(326, 'лиловый', 3.69),
(327, 'беспомощный', 750.79),
(328, 'роса', 137.17),
(329, 'спичка', 816.39),
(330, 'ребятишки', 123.64),
(331, 'темнеть', 464.58),
(332, 'левый', 479.55),
(333, 'второй', 741.29),
(334, 'возможно', 98.94),
(335, 'покидать', 656.42),
(336, 'манера', 980.63),
(337, 'мгновение', 713),
(338, 'виднеться', 331.99),
(339, 'инвалид', 675.11),
(340, 'рай', 408.25),
(341, 'подземный', 141.06),
(342, 'монета', 388.33),
(343, 'передо', 797.35),
(344, 'висеть', 950.49),
(345, 'бегать', 76.75),
(346, 'число', 991.49),
(347, 'салон', 736.83),
(348, 'холодно', 972.9),
(349, 'решетка', 248.39),
(350, 'очко', 271.19),
(351, 'каюта', 499.95),
(352, 'правление', 930.53),
(353, 'торговля', 381.26),
(354, 'приходить', 253.1),
(355, 'коричневый', 17.14),
(356, 'сбросить', 938.63),
(357, 'порода', 417.66),
(358, 'парень', 617.27),
(359, 'рай', 742.85),
(360, 'секунда', 353.52),
(361, 'смеяться', 323.42),
(362, 'дрогнуть', 276.16),
(363, 'славный', 358.84),
(364, 'сомнительный', 60.69),
(365, 'да', 920.74),
(366, 'развитый', 801.38),
(367, 'правление', 736.24),
(368, 'применяться', 439.75),
(369, 'житель', 951.1),
(370, 'зато', 688.99),
(371, 'при', 986.85),
(372, 'способ', 521.61),
(373, 'адвокат', 139.46),
(374, 'провал', 20.98),
(375, 'засунуть', 881.92),
(376, 'рабочий', 51.76),
(377, 'поймать', 930.67),
(378, 'заявление', 607.65),
(379, 'сверкающий', 819.29),
(380, 'вариант', 895.84),
(381, 'ягода', 226.46),
(382, 'труп', 976.31),
(383, 'правильный', 699.1),
(384, 'полевой', 659.63),
(385, 'сынок', 616.7),
(386, 'спасть', 480.76),
(387, 'результат', 344.4),
(388, 'встать', 936.96),
(389, 'научить', 763.1),
(390, 'войти', 368.14),
(391, 'четко', 750.92),
(392, 'демократия', 563.92),
(393, 'дальний', 268.7),
(394, 'чувство', 663.66),
(395, 'миллиард', 816.44),
(396, 'жить', 239.99),
(397, 'ученый', 145.15),
(398, 'сынок', 676.94),
(399, 'покидать', 915.75),
(400, 'горький', 93.78),
(401, 'рот', 505.96),
(402, 'полевой', 831.51),
(403, 'команда', 714.55),
(404, 'рот', 496.5),
(405, 'хотеть', 677.26),
(406, 'висеть', 352.05),
(407, 'невыносимый', 848.93),
(408, 'освобождение', 132.46),
(409, 'следовательно', 717.39),
(410, 'поговорить', 432.3),
(411, 'армейский', 954.53),
(412, 'отдел', 591.38),
(413, 'выраженный', 724.34),
(414, 'счастье', 569.28),
(415, 'командующий', 239.29),
(416, 'чем', 396.96),
(417, 'инструкция', 898.44),
(418, 'плавно', 156.39),
(419, 'падать', 873.9),
(420, 'горький', 657.41),
(421, 'сохранять', 835.77),
(422, 'очередной', 289.15),
(423, 'мгновение', 364.09),
(424, 'скользить', 716.47),
(425, 'подробность', 131.24),
(426, 'лапа', 342.23),
(427, 'фонарик', 645.33),
(428, 'цепочка', 845.17),
(429, 'сбросить', 323.08),
(430, 'легко', 786.49),
(431, 'тревога', 109.28),
(432, 'крутой', 582.77),
(433, 'демократия', 930.47),
(434, 'радость', 205.79),
(435, 'бак', 811.06),
(436, 'художественный', 996.86),
(437, 'поезд', 964.18),
(438, 'заплакать', 356.44),
(439, 'спешить', 364.05),
(440, 'ботинок', 337.16),
(441, 'угодный', 845.81),
(442, 'услать', 729.88),
(443, 'ведь', 517.26),
(444, 'сомнительный', 349.68),
(445, 'коммунизм', 790.38),
(446, 'находить', 236.17),
(447, 'угроза', 799.17),
(448, 'кузнец', 536.69),
(449, 'уронить', 322.71),
(450, 'посвятить', 972.17),
(451, 'крутой', 115.74),
(452, 'налоговый', 555.92),
(453, 'лиловый', 691),
(454, 'столетие', 422.05),
(455, 'белье', 600.77),
(456, 'степь', 248.75),
(457, 'возмутиться', 337),
(458, 'исследование', 311.46),
(459, 'прежде', 721.41),
(460, 'вскакивать', 129.01),
(461, 'ответить', 123.56),
(462, 'сынок', 499.39),
(463, 'выбирать', 772.82),
(464, 'костер', 525.91),
(465, 'понятный', 752.82),
(466, 'тесно', 839.62),
(467, 'опасность', 703.18),
(468, 'домашний', 491.33),
(469, 'советовать', 891.71),
(470, 'мимо', 306.79),
(471, 'оборот', 330.5),
(472, 'правление', 645.87),
(473, 'граница', 59.55),
(474, 'голубчик', 682.91),
(475, 'торговля', 640.02),
(476, 'славный', 36.14),
(477, 'природа', 926.15),
(478, 'космос', 112.18),
(479, 'кпсс', 216.13),
(480, 'редактор', 750.1),
(481, 'житель', 2.94),
(482, 'торопливый', 558.75),
(483, 'полоска', 553.8),
(484, 'выразить', 779.17),
(485, 'деньги', 480.75),
(486, 'валюта', 756.33),
(487, 'функция', 83.04),
(488, 'ручей', 250.45),
(489, 'порода', 718.92),
(490, 'девка', 149.17),
(491, 'мягкий', 53.46),
(492, 'расстройство', 742.69),
(493, 'строительство', 403.24),
(494, 'совет', 361.55),
(495, 'неправда', 629.93),
(496, 'потянуться', 532.91),
(497, 'желание', 104),
(498, 'жестокий', 112.07),
(499, 'самостоятельно', 746.45),
(500, 'виднеться', 828.52),
(501, 'тусклый', 27.09),
(502, 'призыв', 740.15),
(503, 'носок', 407.39),
(504, 'за', 275.77),
(505, 'функция', 280.64),
(506, 'сомнительный', 991.81),
(507, 'рай', 745.83),
(508, 'поздравлять', 116.42),
(509, 'доставать', 139.84),
(510, 'демократия', 664.91),
(511, 'багровый', 245.1),
(512, 'художественный', 493.09),
(513, 'расстройство', 233.95),
(514, 'ответить', 173.74),
(515, 'материя', 276.82),
(516, 'необычный', 731.59),
(517, 'задрать', 675.8),
(518, 'человечек', 318.99),
(519, 'дыхание', 579.4),
(520, 'поколение', 903.39),
(521, 'бабочка', 386.67),
(522, 'невыносимый', 108.32),
(523, 'неправда', 865.52),
(524, 'посвятить', 971.16),
(525, 'мгновение', 648.21),
(526, 'художественный', 688.04),
(527, 'природа', 859.05),
(528, 'степь', 968.13),
(529, 'бочок', 398.02),
(530, 'дружно', 953),
(531, 'мучительно', 159.85),
(532, 'снимать', 337.75),
(533, 'горький', 641.79),
(534, 'присесть', 858.55),
(535, 'вздрогнуть', 779.13),
(536, 'карандаш', 231.74),
(537, 'славный', 628.26),
(538, 'тесно', 751.87),
(539, 'выражаться', 493.85),
(540, 'ягода', 347.29),
(541, 'зима', 709.27),
(542, 'разнообразный', 841.86),
(543, 'зима', 366.01),
(544, 'дальний', 918.82),
(545, 'адвокат', 789.87),
(546, 'одиннадцать', 589.56),
(547, 'построить', 396.64),
(548, 'жить', 216.05),
(549, 'полевой', 857.01),
(550, 'князь', 754.53),
(551, 'валюта', 284.05),
(552, 'скрытый', 671.83),
(553, 'тюрьма', 8.72),
(554, 'носок', 923.86),
(555, 'блин', 369.54),
(556, 'правый', 740.76),
(557, 'дорогой', 676.01),
(558, 'порода', 760.87),
(559, 'слишком', 204.22),
(560, 'коричневый', 907.98),
(561, 'ведь', 252.5),
(562, 'висеть', 661.57),
(563, 'лиловый', 258.41),
(564, 'ведь', 341.83),
(565, 'решетка', 198.21),
(566, 'выразить', 947.34),
(567, 'граница', 727.14),
(568, 'рис', 69.03),
(569, 'манера', 139.22),
(570, 'домашний', 634.67),
(571, 'кольцо', 840.13),
(572, 'поколение', 118.94),
(573, 'полевой', 340.33),
(574, 'анализ', 197.31),
(575, 'салон', 2.29),
(576, 'парень', 794.89),
(577, 'упор', 907.26),
(578, 'пропаганда', 606.76),
(579, 'тревога', 784.37),
(580, 'порог', 66.77),
(581, 'терапия', 439.18),
(582, 'редактор', 267.75),
(583, 'возмутиться', 339.13),
(584, 'кожа', 177.64),
(585, 'смеяться', 70.5),
(586, 'школьный', 232.5),
(587, 'эффект', 120.55),
(588, 'расстройство', 738.01),
(589, 'иной', 548.55),
(590, 'торговля', 480.24),
(591, 'левый', 22.13),
(592, 'материя', 801.72),
(593, 'рот', 784.46),
(594, 'ставить', 455.91),
(595, 'покидать', 297),
(596, 'увеличиваться', 475.33),
(597, 'сверкать', 595.42),
(598, 'засунуть', 89.57),
(599, 'валюта', 755.45),
(600, 'терапия', 685.84),
(601, 'научить', 395.87),
(602, 'деловой', 132.94),
(603, 'решение', 119.96),
(604, 'написать', 652.88),
(605, 'кидать', 971.57),
(606, 'привлекать', 913.62),
(607, 'лиловый', 330.82),
(608, 'нажать', 290.98),
(609, 'актриса', 848.24),
(610, 'кольцо', 263.72),
(611, 'ремень', 56.73),
(612, 'гулять', 576.12),
(613, 'вскинуть', 149.77),
(614, 'избегать', 697.52),
(615, 'конструкция', 572.48),
(616, 'провал', 448.37),
(617, 'дружно', 139.1),
(618, 'уничтожение', 905.11),
(619, 'мера', 822.79),
(620, 'грустный', 481.77),
(621, 'засунуть', 803.44),
(622, 'рот', 534.8),
(623, 'прежний', 932.96),
(624, 'полевой', 150.21),
(625, 'пространство', 721.5),
(626, 'остановить', 850.66),
(627, 'услать', 550.35),
(628, 'увеличиваться', 775.05),
(629, 'необычный', 93.92),
(630, 'смеяться', 892.2),
(631, 'новый', 347.36),
(632, 'монета', 15.23),
(633, 'славный', 631.25),
(634, 'коммунизм', 921.15),
(635, 'невозможно', 912.8),
(636, 'тута', 402.79),
(637, 'тесно', 704.96),
(638, 'строительство', 192.94),
(639, 'сверкать', 306.4),
(640, 'блин', 720.97),
(641, 'порядок', 769.82),
(642, 'смелый', 126.76),
(643, 'торопливый', 712.03),
(644, 'дремать', 70.95),
(645, 'одиннадцать', 356.8),
(646, 'болото', 880.99),
(647, 'фонарик', 816.18),
(648, 'торопливый', 813.89),
(649, 'правление', 151.24),
(650, 'потом', 256.53),
(651, 'через', 258.89),
(652, 'пол', 223.73),
(653, 'совет', 619.98),
(654, 'плод', 567.77),
(655, 'ведь', 445.68),
(656, 'торговля', 646.4),
(657, 'провал', 276.1),
(658, 'посидеть', 132.63),
(659, 'остановить', 66.64),
(660, 'освободить', 49.22),
(661, 'плавно', 346.57),
(662, 'беспомощный', 715.2),
(663, 'порт', 243.4),
(664, 'прошептать', 856.76),
(665, 'ярко', 704.72),
(666, 'низкий', 156.24),
(667, 'подробность', 26.61),
(668, 'видимо', 6.64),
(669, 'собеседник', 926.52),
(670, 'очко', 200.11),
(671, 'степь', 65.52),
(672, 'место', 21.85),
(673, 'место', 384.23),
(674, 'отдел', 264.18),
(675, 'прежний', 181.03),
(676, 'песенка', 798.14),
(677, 'вчера', 25.92),
(678, 'палец', 916.57),
(679, 'лететь', 376.71),
(680, 'терапия', 788.29),
(681, 'слать', 628.3),
(682, 'посидеть', 529.2),
(683, 'серьезный', 893.34),
(684, 'дьявол', 982.75),
(685, 'граница', 398.1),
(686, 'стакан', 216.85),
(687, 'тусклый', 344.67),
(688, 'вариант', 201.65),
(689, 'дыхание', 830.57),
(690, 'научить', 610.29),
(691, 'неправда', 103.04),
(692, 'расстройство', 958.23),
(693, 'рассуждение', 643.01),
(694, 'коммунизм', 233.16),
(695, 'мучительно', 119.4),
(696, 'торговля', 10.74),
(697, 'горький', 65.99),
(698, 'выдержать', 926.49),
(699, 'висеть', 552.39),
(700, 'очко', 306.92),
(701, 'совет', 71.28),
(702, 'лететь', 794.69),
(703, 'сопровождаться', 191.73),
(704, 'крутой', 293.87),
(705, 'актриса', 969.03),
(706, 'промолчать', 89.74),
(707, 'труп', 89.16),
(708, 'секунда', 19.29),
(709, 'что', 442.96),
(710, 'запустить', 233.19),
(711, 'грудь', 661.11),
(712, 'упор', 378.3),
(713, 'космос', 151.48),
(714, 'остановить', 136.84),
(715, 'роскошный', 455.33),
(716, 'аллея', 351.93),
(717, 'легко', 344.79),
(718, 'выбирать', 787.2),
(719, 'печатать', 19.07),
(720, 'рай', 574.36),
(721, 'нож', 657.02),
(722, 'космос', 559.63),
(723, 'понятный', 331.89),
(724, 'вперед', 67.52),
(725, 'услать', 883.19),
(726, 'покидать', 300.56),
(727, 'услать', 2.37),
(728, 'художественный', 444.88),
(729, 'совет', 723.36),
(730, 'скользить', 564.51),
(731, 'школьный', 985.65),
(732, 'карандаш', 172.47),
(733, 'человечек', 440.04),
(734, 'близко', 622.06),
(735, 'июнь', 510.4),
(736, 'художественный', 616.48),
(737, 'угроза', 490.9),
(738, 'голубчик', 575.35),
(739, 'потрясти', 141.62),
(740, 'багровый', 34.64),
(741, 'грудь', 292.15),
(742, 'спичка', 555.41),
(743, 'светило', 510.53),
(744, 'тесно', 344.31),
(745, 'способ', 677.46),
(746, 'привлекать', 276.38),
(747, 'товар', 161.23),
(748, 'горький', 733.69),
(749, 'дружно', 360.32),
(750, 'важный', 927.18),
(751, 'ныне', 60.99),
(752, 'отдел', 123.36),
(753, 'секунда', 202.06),
(754, 'невозможно', 829.57),
(755, 'ленинград', 997.13),
(756, 'монета', 7.05),
(757, 'скользить', 35.09),
(758, 'господь', 585.55),
(759, 'трубка', 257.34),
(760, 'приятель', 512.11),
(761, 'научить', 737.82),
(762, 'заведение', 808.68),
(763, 'висеть', 536.52),
(764, 'вздрагивать', 569.58),
(765, 'изредка', 74.84),
(766, 'доставать', 447.23),
(767, 'вскинуть', 281.27),
(768, 'спалить', 133),
(769, 'неожиданно', 319.87),
(770, 'следовательно', 736.6),
(771, 'неудобно', 255.29),
(772, 'пропаганда', 47.46),
(773, 'видимо', 518.59),
(774, 'головка', 32.88),
(775, 'запеть', 804.59),
(776, 'перебивать', 639.67),
(777, 'тысяча', 261.23),
(778, 'поздравлять', 391.02),
(779, 'правильный', 593.32),
(780, 'четыре', 411.09),
(781, 'вперед', 212.56),
(782, 'плод', 5.88),
(783, 'основание', 663.82),
(784, 'чем', 846.62),
(785, 'степь', 533.33),
(786, 'заведение', 573.07),
(787, 'помимо', 140.4),
(788, 'спорт', 711.12),
(789, 'космос', 42.86),
(790, 'дорогой', 671.81),
(791, 'фонарик', 440.83),
(792, 'протягивать', 650.07),
(793, 'процесс', 163.8),
(794, 'спорт', 617.28),
(795, 'приличный', 200.64),
(796, 'кузнец', 175.07),
(797, 'аллея', 411.69),
(798, 'важный', 870.73),
(799, 'выраженный', 738.34),
(800, 'цепочка', 242.76),
(801, 'соответствие', 586.25),
(802, 'решетка', 74.3),
(803, 'легко', 87.51),
(804, 'ответить', 28.73),
(805, 'ложиться', 791.39),
(806, 'смертельный', 501.88),
(807, 'угол', 391.3),
(808, 'наткнуться', 456.21),
(809, 'сходить', 607.33),
(810, 'запретить', 922.39),
(811, 'ответить', 352.25),
(812, 'упор', 573.24),
(813, 'процесс', 402.03),
(814, 'одиннадцать', 82.76),
(815, 'магазин', 620.59),
(816, 'девка', 805.5),
(817, 'материя', 368.59),
(818, 'горький', 784.34),
(819, 'вариант', 832.25),
(820, 'белье', 383.19),
(821, 'возникновение', 766.73),
(822, 'секунда', 543.21),
(823, 'пламя', 430.64),
(824, 'упор', 629.2),
(825, 'госпожа', 38.37),
(826, 'волк', 898.13),
(827, 'услать', 481.03),
(828, 'некоторый', 356.03),
(829, 'необычный', 112.59),
(830, 'цвет', 752.67),
(831, 'проход', 515.53),
(832, 'равнодушный', 648.15),
(833, 'хотеть', 559.02),
(834, 'танцевать', 315.55),
(835, 'плод', 730.27),
(836, 'крутой', 516.36),
(837, 'неправда', 254.5),
(838, 'остановить', 755.23),
(839, 'человечек', 229.35),
(840, 'близко', 808.74),
(841, 'очередной', 785.18),
(842, 'космос', 785.26),
(843, 'банк', 960.57),
(844, 'сустав', 232.26),
(845, 'сверкать', 124.11),
(846, 'тюрьма', 645.82),
(847, 'мягкий', 749.54),
(848, 'приятель', 501.59),
(849, 'солнце', 762.49),
(850, 'выбирать', 775.69),
(851, 'приличный', 172.79),
(852, 'добиться', 165.97),
(853, 'валюта', 737.84),
(854, 'мимо', 456.75),
(855, 'монета', 400.85),
(856, 'светило', 703.8),
(857, 'призыв', 182.92),
(858, 'чувство', 393.8),
(859, 'сустав', 350.65),
(860, 'костер', 845.03),
(861, 'ставить', 612.26),
(862, 'упор', 640.79),
(863, 'отражение', 498.97),
(864, 'провал', 553.46),
(865, 'жидкий', 355.83),
(866, 'секунда', 890.29),
(867, 'хозяйка', 485.07),
(868, 'дурацкий', 39.44),
(869, 'издали', 890.34),
(870, 'головной', 490.96),
(871, 'покидать', 677.35),
(872, 'монета', 199.33),
(873, 'тусклый', 69.32),
(874, 'мусор', 882.65),
(875, 'поздравлять', 467.15),
(876, 'сбросить', 411.37),
(877, 'господь', 290.69),
(878, 'построить', 865.21),
(879, 'еврейский', 580.17),
(880, 'порода', 705.19),
(881, 'помимо', 537.7),
(882, 'неправда', 563.52),
(883, 'забирать', 561.74),
(884, 'спорт', 502.57),
(885, 'что', 992.5),
(886, 'отъезд', 88.59),
(887, 'близко', 225.11),
(888, 'полоска', 52.63),
(889, 'приятель', 22.55),
(890, 'зеленый', 968.88),
(891, 'ночь', 302.55),
(892, 'развернуться', 128.54),
(893, 'советовать', 796.83),
(894, 'рота', 907.92),
(895, 'опасность', 399.37),
(896, 'горький', 591.84),
(897, 'прелесть', 493.67),
(898, 'ботинок', 740.44),
(899, 'потянуться', 14.6),
(900, 'приходить', 744.18),
(901, 'налево', 445.25),
(902, 'инструкция', 520.78),
(903, 'природа', 551.03),
(904, 'деньги', 801.6),
(905, 'школьный', 647.72),
(906, 'цвет', 597.38),
(907, 'растеряться', 878.73),
(908, 'табак', 423.88),
(909, 'неожиданно', 386.86),
(910, 'намерение', 120.26),
(911, 'полностью', 292.28),
(912, 'академик', 124.24),
(913, 'нож', 540.77),
(914, 'изображать', 705.76),
(915, 'приятель', 315.8),
(916, 'адвокат', 281.56),
(917, 'выражаться', 30.7),
(918, 'монета', 935.92),
(919, 'военный', 462.56),
(920, 'вперед', 549.11),
(921, 'совет', 965.39),
(922, 'командующий', 682.33),
(923, 'армейский', 728.22),
(924, 'более', 982.12),
(925, 'князь', 652.68),
(926, 'фонарик', 602.48),
(927, 'важный', 492.41),
(928, 'какой', 605.47),
(929, 'наступать', 757.26),
(930, 'более', 952.09),
(931, 'манера', 228.18),
(932, 'совещание', 19.33),
(933, 'конструкция', 33.66),
(934, 'эффект', 669.57),
(935, 'болото', 406.96),
(936, 'выражение', 526.09),
(937, 'сынок', 995.42),
(938, 'сынок', 342.66),
(939, 'бригада', 969.62),
(940, 'падать', 18.09),
(941, 'район', 929.08),
(942, 'ремень', 507.73),
(943, 'постоянный', 773.49),
(944, 'заработать', 587.52),
(945, 'блин', 607.64),
(946, 'назначить', 412.52),
(947, 'ложиться', 772.46),
(948, 'хотеть', 907.41),
(949, 'выдержать', 382.73),
(950, 'потянуться', 931.93),
(951, 'единый', 481.71),
(952, 'порядок', 741.66),
(953, 'ягода', 669.11),
(954, 'неправда', 329.77),
(955, 'инструкция', 639.96),
(956, 'да', 308.28),
(957, 'призыв', 616.9),
(958, 'забирать', 489.49),
(959, 'бок', 235.29),
(960, 'через', 530.79),
(961, 'природа', 861.19),
(962, 'плод', 79.29),
(963, 'вскинуть', 399.48),
(964, 'некоторый', 240.92),
(965, 'решение', 71.07),
(966, 'вперед', 238.94),
(967, 'изредка', 641.01),
(968, 'страсть', 453.97),
(969, 'пространство', 656.89),
(970, 'пропасть', 772.46),
(971, 'необычный', 908.98),
(972, 'выдержать', 846.4),
(973, 'карман', 760.13),
(974, 'выдержать', 899.61),
(975, 'привлекать', 506.86),
(976, 'порог', 564.38),
(977, 'адвокат', 591.81),
(978, 'что', 3.85),
(979, 'близко', 457.01),
(980, 'потянуться', 252.64),
(981, 'посидеть', 435.14),
(982, 'народ', 71.13),
(983, 'порядок', 639.24),
(984, 'отдел', 490.73),
(985, 'мусор', 610.08),
(986, 'демократия', 585.32),
(987, 'пространство', 406.72),
(988, 'свежий', 242.47),
(989, 'посидеть', 176.29),
(990, 'редактор', 935.47),
(991, 'что', 896.84),
(992, 'головной', 907.39),
(993, 'грустный', 275.11),
(994, 'плод', 148.95),
(995, 'командование', 804.87),
(996, 'тусклый', 236.68),
(997, 'горький', 717.49),
(998, 'ученый', 918.63),
(999, 'забирать', 61.86),
(1000, 'возмутиться', 312.71),
(1001, 'сбросить', 719.91),
(1002, 'передо', 295.09),
(1003, 'анализ', 511.37),
(1004, 'необычный', 178.56),
(1005, 'полюбить', 117.36),
(1006, 'возбуждение', 124.01),
(1007, 'выразить', 969.32),
(1008, 'сбросить', 272.19),
(1009, 'опасность', 311.37),
(1010, 'чем', 206.99),
(1011, 'бабочка', 38.41),
(1012, 'уточнить', 111.11),
(1013, 'помимо', 385.01),
(1014, 'ботинок', 419.03),
(1015, 'мелочь', 776.18),
(1016, 'хлеб', 328.65),
(1017, 'помимо', 315.52),
(1018, 'тесно', 78.68),
(1019, 'танцевать', 80.96),
(1020, 'лапа', 238.35),
(1021, 'кожа', 48.87),
(1022, 'ботинок', 419.77),
(1023, 'спорт', 800.21),
(1024, 'банк', 294.77),
(1025, 'ленинград', 680.11),
(1026, 'изображать', 856.32),
(1027, 'при', 251.5),
(1028, 'упор', 656.88),
(1029, 'коричневый', 994.93),
(1030, 'гулять', 824.7),
(1031, 'бегать', 666.51),
(1032, 'встать', 389.06),
(1033, 'бак', 502.06),
(1034, 'равнодушный', 28.95),
(1035, 'полоска', 915.94),
(1036, 'сбросить', 417.04),
(1037, 'роса', 168.93),
(1038, 'салон', 326.69),
(1039, 'исполнять', 17.31),
(1040, 'освободить', 930.89),
(1041, 'засунуть', 263.35),
(1042, 'применяться', 584.82),
(1043, 'непривычный', 772.93),
(1044, 'ход', 221.67),
(1045, 'командующий', 982.35),
(1046, 'трясти', 356.34),
(1047, 'эффект', 624.73),
(1048, 'плясать', 173.17),
(1049, 'вариант', 819.41),
(1050, 'похороны', 535.24),
(1051, 'видимо', 789.83),
(1052, 'появление', 958.62),
(1053, 'назначить', 23.39),
(1054, 'блин', 419.71),
(1055, 'крыса', 13.06),
(1056, 'спорт', 700.19),
(1057, 'налево', 326.31),
(1058, 'отражение', 380.34),
(1059, 'предоставить', 803.56),
(1060, 'витрина', 651.71),
(1061, 'еврейский', 906.88),
(1062, 'поколение', 704.63),
(1063, 'выражаться', 784.55),
(1064, 'лапа', 104.21),
(1065, 'материя', 512.86),
(1066, 'помолчать', 295.05),
(1067, 'рабочий', 849.36),
(1068, 'передо', 348.34),
(1069, 'бригада', 477.28),
(1070, 'набор', 175.05),
(1071, 'добиться', 178.8),
(1072, 'промолчать', 683.46),
(1073, 'дрогнуть', 764.63),
(1074, 'разуметься', 114.11),
(1075, 'тесно', 204.01),
(1076, 'нервно', 684.13),
(1077, 'хотеть', 131.76),
(1078, 'неправда', 315.49),
(1079, 'сопровождаться', 253.72),
(1080, 'миф', 675.53),
(1081, 'правление', 110.97),
(1082, 'написать', 24.16),
(1083, 'спасть', 986.35),
(1084, 'мера', 346.66),
(1085, 'угол', 320.29),
(1086, 'сопровождаться', 820.73),
(1087, 'возможно', 13.94),
(1088, 'нажать', 737.09),
(1089, 'передо', 4.83),
(1090, 'сустав', 630.51),
(1091, 'сверкать', 977.77),
(1092, 'разнообразный', 50.35),
(1093, 'неправда', 224.05),
(1094, 'гулять', 586.54),
(1095, 'очередной', 662.16),
(1096, 'сопровождаться', 409.7),
(1097, 'интернет', 306.71),
(1098, 'поколение', 111.58),
(1099, 'пространство', 952.05),
(1100, 'палец', 975.78),
(1101, 'добиться', 652.44),
(1102, 'сомнительный', 793.45),
(1103, 'премьера', 973.34),
(1104, 'спасть', 53.43),
(1105, 'изба', 583.93),
(1106, 'голубчик', 907.64),
(1107, 'табак', 9.1),
(1108, 'триста', 934.47),
(1109, 'подробность', 570.32),
(1110, 'проход', 774.54),
(1111, 'трубка', 608.47),
(1112, 'чувство', 508.9),
(1113, 'дрогнуть', 676.34),
(1114, 'витрина', 916.4),
(1115, 'призыв', 948.56),
(1116, 'совет', 11.49),
(1117, 'механический', 908.43),
(1118, 'одиннадцать', 588.57),
(1119, 'ручей', 57.23),
(1120, 'ход', 310.71),
(1121, 'слать', 641.41),
(1122, 'задрать', 157.14),
(1123, 'выраженный', 273.23),
(1124, 'вздрогнуть', 609.19),
(1125, 'смелый', 111.61),
(1126, 'пол', 833.94),
(1127, 'невыносимый', 319.14),
(1128, 'правление', 666.4),
(1129, 'сынок', 4.62),
(1130, 'сходить', 977.25),
(1131, 'ручей', 753.77),
(1132, 'правление', 817.05),
(1133, 'идея', 118.13),
(1134, 'военный', 490.54),
(1135, 'торговля', 910.16),
(1136, 'бровь', 869.83),
(1137, 'за', 237.84),
(1138, 'девка', 361.88),
(1139, 'дрогнуть', 596.29),
(1140, 'цель', 403.06),
(1141, 'шлем', 746.71),
(1142, 'дошлый', 978.37),
(1143, 'торопливый', 959.36),
(1144, 'плод', 838.99),
(1145, 'торопливый', 921.38),
(1146, 'место', 705.68),
(1147, 'рассуждение', 954.06),
(1148, 'социалистический', 766.85),
(1149, 'бровь', 294.99),
(1150, 'исполнять', 469.33),
(1151, 'магазин', 20.8),
(1152, 'кожа', 677.12),
(1153, 'зима', 271.34),
(1154, 'пол', 640.57),
(1155, 'дружно', 798.77),
(1156, 'банк', 679.92),
(1157, 'правление', 532.83),
(1158, 'подземный', 229.97),
(1159, 'избегать', 498.75),
(1160, 'новый', 805.64),
(1161, 'бровь', 175.21),
(1162, 'выкинуть', 372.19),
(1163, 'покинуть', 142.84),
(1164, 'посвятить', 582.93),
(1165, 'шлем', 976.44),
(1166, 'багровый', 25.13),
(1167, 'вывести', 941.89),
(1168, 'тревога', 379.84),
(1169, 'пространство', 92.73),
(1170, 'зачем', 418.71),
(1171, 'невозможно', 766.21),
(1172, 'миф', 423.67),
(1173, 'провинция', 418.68),
(1174, 'заложить', 373.96),
(1175, 'витрина', 77.68),
(1176, 'светило', 397.35),
(1177, 'сутки', 835.96),
(1178, 'волк', 924.22),
(1179, 'невозможно', 313.33),
(1180, 'ученый', 767.55),
(1181, 'один', 820.63),
(1182, 'иной', 608.04),
(1183, 'команда', 986.07),
(1184, 'счастье', 586.96),
(1185, 'желание', 26.26),
(1186, 'засунуть', 917.2),
(1187, 'факультет', 549.97),
(1188, 'непривычный', 564.24),
(1189, 'развитый', 262.28),
(1190, 'пространство', 784.81),
(1191, 'сверкающий', 842.44),
(1192, 'заплакать', 565.81),
(1193, 'уничтожение', 316.62),
(1194, 'дошлый', 141.08),
(1195, 'низкий', 548.39),
(1196, 'нервно', 861.13),
(1197, 'разнообразный', 87.08),
(1198, 'школьный', 544.28),
(1199, 'подземный', 182.7),
(1200, 'научить', 904.54),
(1201, 'рота', 925.93),
(1202, 'коричневый', 509.39),
(1203, 'крутой', 651.86),
(1204, 'витрина', 391.31),
(1205, 'задержать', 816.43),
(1206, 'запретить', 42.95),
(1207, 'упор', 799.07),
(1208, 'поговорить', 174.79),
(1209, 'господь', 29.97),
(1210, 'трубка', 371.76),
(1211, 'поймать', 930.13),
(1212, 'неправда', 788.81),
(1213, 'доставать', 644.08),
(1214, 'постоянный', 577),
(1215, 'необычный', 103.86),
(1216, 'валюта', 186.87),
(1217, 'поговорить', 141.96),
(1218, 'функция', 881.12),
(1219, 'смеяться', 665.04),
(1220, 'палец', 944.73),
(1221, 'возможно', 947.24),
(1222, 'художественный', 309.13),
(1223, 'отдел', 897.49),
(1224, 'рот', 161.37),
(1225, 'мальчишка', 117.53),
(1226, 'ночь', 164.79),
(1227, 'дошлый', 372.38),
(1228, 'заложить', 284.94),
(1229, 'очередной', 274.93),
(1230, 'затянуться', 564.82),
(1231, 'салон', 9.99),
(1232, 'ручей', 914.91),
(1233, 'тесно', 772.6),
(1234, 'цель', 237.67),
(1235, 'провинция', 350.42),
(1236, 'кожа', 990.03),
(1237, 'тысяча', 109.76),
(1238, 'демократия', 152.45),
(1239, 'темнеть', 724.39),
(1240, 'цель', 304.83),
(1241, 'деловой', 669.49),
(1242, 'число', 663.95),
(1243, 'плавно', 420.87),
(1244, 'девка', 972.95),
(1245, 'прелесть', 830.57),
(1246, 'постоянный', 486.93),
(1247, 'юный', 648.66),
(1248, 'страсть', 137.33),
(1249, 'приятель', 576.01),
(1250, 'карандаш', 630.92),
(1251, 'торопливый', 186.41),
(1252, 'эпоха', 730.23),
(1253, 'заведение', 698.53),
(1254, 'неправда', 356.33),
(1255, 'коробка', 197.18),
(1256, 'равнодушный', 621.96),
(1257, 'провинция', 459.73),
(1258, 'ставить', 820.06),
(1259, 'точно', 344.41),
(1260, 'покинуть', 38.13),
(1261, 'демократия', 305.41),
(1262, 'песня', 791.22),
(1263, 'дьявол', 312.46),
(1264, 'рабочий', 474.83),
(1265, 'выдержать', 130.33),
(1266, 'боец', 472.01),
(1267, 'сходить', 9.57),
(1268, 'сравнение', 750.89),
(1269, 'вздрагивать', 884.5),
(1270, 'исследование', 142.84),
(1271, 'опасность', 651.35),
(1272, 'темнеть', 879.69),
(1273, 'госпожа', 820.93),
(1274, 'свежий', 99.82),
(1275, 'добиться', 747.33),
(1276, 'невозможно', 178.74),
(1277, 'вперед', 310.5),
(1278, 'миг', 579.04),
(1279, 'сынок', 771.97),
(1280, 'очко', 844.14),
(1281, 'манера', 945.26),
(1282, 'опасность', 127.79),
(1283, 'промолчать', 294.48),
(1284, 'цепочка', 651.2),
(1285, 'жестокий', 521.19),
(1286, 'низкий', 463.69),
(1287, 'хозяйка', 551.64),
(1288, 'мотоцикл', 390.25),
(1289, 'приятель', 243.76),
(1290, 'похороны', 814.6),
(1291, 'анализ', 103.13),
(1292, 'интеллектуальный', 570.24),
(1293, 'танцевать', 484.9),
(1294, 'передо', 631.12),
(1295, 'металл', 743.14),
(1296, 'войти', 818.43),
(1297, 'слишком', 596.37),
(1298, 'витрина', 164.39),
(1299, 'неожиданно', 622.82),
(1300, 'устройство', 488.53),
(1301, 'белье', 990.11),
(1302, 'избегать', 633.81),
(1303, 'салон', 967.69),
(1304, 'товар', 439.6),
(1305, 'терапия', 576.7),
(1306, 'крутой', 334),
(1307, 'мягкий', 642.41),
(1308, 'заработать', 338.5),
(1309, 'сустав', 387.04),
(1310, 'коммунизм', 235.48),
(1311, 'при', 729.48),
(1312, 'плод', 603.47),
(1313, 'степь', 285.28),
(1314, 'секунда', 560.88),
(1315, 'настать', 515.57),
(1316, 'пасть', 383.8),
(1317, 'порог', 114.44),
(1318, 'точно', 355.05),
(1319, 'висеть', 12.15),
(1320, 'роса', 988.29),
(1321, 'столетие', 514.35),
(1322, 'рис', 560.51),
(1323, 'голубчик', 688.99),
(1324, 'конструкция', 737.9),
(1325, 'виднеться', 318.66),
(1326, 'тута', 485.29),
(1327, 'четыре', 937.92),
(1328, 'низкий', 645.33),
(1329, 'применяться', 670.07),
(1330, 'анализ', 807.48),
(1331, 'уничтожение', 338.35),
(1332, 'самостоятельно', 227.26),
(1333, 'экзамен', 260.48),
(1334, 'увеличиваться', 831.72),
(1335, 'левый', 313.68),
(1336, 'бок', 451.52),
(1337, 'зачем', 185.24),
(1338, 'славный', 527.4),
(1339, 'армейский', 819.36),
(1340, 'ученый', 521.16),
(1341, 'находить', 661.73),
(1342, 'выраженный', 676.06),
(1343, 'число', 363.68),
(1344, 'конструкция', 849.24),
(1345, 'выдержать', 401.98),
(1346, 'неожиданный', 177.75),
(1347, 'затянуться', 339.83),
(1348, 'прошептать', 342.35),
(1349, 'точно', 448.69),
(1350, 'человечек', 435.15),
(1351, 'мучительно', 556.86),
(1352, 'спешить', 899.56),
(1353, 'более', 686.62),
(1354, 'мгновение', 764.01),
(1355, 'мгновение', 906.24),
(1356, 'термин', 504.04),
(1357, 'тута', 420.56),
(1358, 'скрытый', 128.31),
(1359, 'вытаскивать', 903.32),
(1360, 'князь', 532.13),
(1361, 'народ', 115.06),
(1362, 'эффект', 4.83),
(1363, 'свежий', 246.94),
(1364, 'наткнуться', 728.84),
(1365, 'граница', 27.48),
(1366, 'кузнец', 999.01),
(1367, 'ночь', 444.59),
(1368, 'тяжелый', 377.47),
(1369, 'господь', 340.14),
(1370, 'спорт', 100.79),
(1371, 'плод', 577.44),
(1372, 'триста', 757.06),
(1373, 'полюбить', 932.22),
(1374, 'умолять', 167.82),
(1375, 'мучительно', 428.92),
(1376, 'трубка', 728.95),
(1377, 'зато', 123.49),
(1378, 'сходить', 950.33),
(1379, 'степь', 475.38),
(1380, 'стакан', 843.75),
(1381, 'багровый', 824.76),
(1382, 'дрогнуть', 164.74),
(1383, 'пространство', 411.23),
(1384, 'магазин', 807.26),
(1385, 'сутки', 238.45),
(1386, 'мотоцикл', 916.89),
(1387, 'вскинуть', 530.59),
(1388, 'задержать', 77.18),
(1389, 'отдел', 392.5),
(1390, 'спешить', 776.43),
(1391, 'правильный', 303.73),
(1392, 'крыса', 49.9),
(1393, 'потом', 810.21),
(1394, 'хозяйка', 971.21),
(1395, 'желание', 812.34),
(1396, 'основание', 355.45),
(1397, 'гулять', 831.09),
(1398, 'невозможно', 992.91),
(1399, 'приятель', 763.79),
(1400, 'пламя', 592.92),
(1401, 'близко', 367.93),
(1402, 'функция', 642.52),
(1403, 'прелесть', 582.97),
(1404, 'вообще', 82.01),
(1405, 'легко', 737.75),
(1406, 'доставать', 446.8),
(1407, 'цепочка', 707.65),
(1408, 'песенка', 590.95),
(1409, 'поезд', 331.79),
(1410, 'левый', 684.46),
(1411, 'лететь', 201.84),
(1412, 'вариант', 608.66),
(1413, 'оставить', 737.64),
(1414, 'неожиданный', 736.67),
(1415, 'спорт', 561.54),
(1416, 'еврейский', 458.47),
(1417, 'степь', 817.19),
(1418, 'плод', 481.72),
(1419, 'райком', 517.56),
(1420, 'боец', 512),
(1421, 'запустить', 235.94),
(1422, 'совет', 556.1),
(1423, 'следовательно', 595.64),
(1424, 'помимо', 746.37),
(1425, 'деловой', 215.98),
(1426, 'спешить', 243.16),
(1427, 'теория', 822.97),
(1428, 'возникновение', 549.62),
(1429, 'передо', 448.32),
(1430, 'функция', 729.01),
(1431, 'носок', 619.94),
(1432, 'способ', 236.95),
(1433, 'способ', 407.06),
(1434, 'естественный', 223.25),
(1435, 'горький', 811.51),
(1436, 'господь', 772.02),
(1437, 'рис', 458.77),
(1438, 'висеть', 106.41),
(1439, 'термин', 838.12),
(1440, 'ход', 242.61),
(1441, 'подземный', 637.39),
(1442, 'анализ', 724.47),
(1443, 'легко', 97.36),
(1444, 'выражаться', 128.12),
(1445, 'сохранять', 14.31),
(1446, 'смелый', 489.42),
(1447, 'грудь', 414.22),
(1448, 'монета', 386),
(1449, 'приходить', 346.93),
(1450, 'разнообразный', 967.42),
(1451, 'пересечь', 438.34),
(1452, 'похороны', 59.88),
(1453, 'полюбить', 780.64),
(1454, 'редактор', 887.69),
(1455, 'еврейский', 813.87),
(1456, 'валюта', 818.08),
(1457, 'ремень', 767.29),
(1458, 'изба', 424.49),
(1459, 'вздрогнуть', 784.31),
(1460, 'висеть', 694.59),
(1461, 'блин', 387.81),
(1462, 'деловой', 543.92),
(1463, 'деньги', 774.93),
(1464, 'природа', 955.86),
(1465, 'левый', 801.06),
(1466, 'поговорить', 700.67),
(1467, 'вчера', 969.53),
(1468, 'присесть', 10.32),
(1469, 'банк', 184.47),
(1470, 'возникновение', 272.95),
(1471, 'потрясти', 918.26),
(1472, 'смеяться', 351.02),
(1473, 'дошлый', 511.12),
(1474, 'горький', 927.67),
(1475, 'палка', 181.44),
(1476, 'цвет', 240.23),
(1477, 'серьезный', 272.15),
(1478, 'изба', 902.8),
(1479, 'болото', 12.35),
(1480, 'цепочка', 101.04),
(1481, 'вздрагивать', 894.87),
(1482, 'потрясти', 664.76),
(1483, 'соответствие', 501.16),
(1484, 'торговля', 488.69),
(1485, 'неожиданный', 124.23),
(1486, 'полностью', 253.69),
(1487, 'научить', 20.43),
(1488, 'написать', 347.75),
(1489, 'через', 275.49),
(1490, 'мусор', 622.68),
(1491, 'потрясти', 836.33),
(1492, 'настать', 844.5),
(1493, 'приличный', 613.77),
(1494, 'ручей', 502.26),
(1495, 'собеседник', 491.81),
(1496, 'очутиться', 346.86),
(1497, 'палата', 733.31),
(1498, 'жить', 977.82),
(1499, 'умирать', 285.08),
(1500, 'висеть', 954.76),
(1501, 'запретить', 432.41),
(1502, 'рис', 430.09),
(1503, 'аж', 708.59),
(1504, 'добиться', 966.16),
(1505, 'дрогнуть', 566.76),
(1506, 'ночь', 701.05),
(1507, 'коллектив', 478.01),
(1508, 'казнь', 64.55),
(1509, 'дорогой', 215.23),
(1510, 'мусор', 842.71),
(1511, 'единый', 342.19),
(1512, 'сутки', 692.11),
(1513, 'снимать', 552.36),
(1514, 'еврейский', 367.05),
(1515, 'инвалид', 920.62),
(1516, 'еврейский', 41.48),
(1517, 'ныне', 408.65),
(1518, 'падаль', 874.15),
(1519, 'подземный', 786.91),
(1520, 'посвятить', 742.44),
(1521, 'ребятишки', 102.51),
(1522, 'упор', 880.51),
(1523, 'палец', 424.76),
(1524, 'миллиард', 199.18),
(1525, 'уничтожение', 553.84),
(1526, 'стакан', 265.75),
(1527, 'возможно', 378.52),
(1528, 'мимо', 754.74),
(1529, 'цвет', 948.65),
(1530, 'ремень', 348.92),
(1531, 'мгновение', 599.5),
(1532, 'куча', 645.1),
(1533, 'войти', 974.88),
(1534, 'умирать', 808.17),
(1535, 'мусор', 961.91),
(1536, 'провинция', 419.95),
(1537, 'собеседник', 599.22),
(1538, 'решетка', 236.69),
(1539, 'космос', 406.73),
(1540, 'природа', 992.87),
(1541, 'ребятишки', 122.63),
(1542, 'советовать', 909.2),
(1543, 'порода', 258.26),
(1544, 'рота', 159.46),
(1545, 'дыхание', 436.62),
(1546, 'другой', 850.45),
(1547, 'какой', 944.14),
(1548, 'космос', 739.69),
(1549, 'налоговый', 951.08),
(1550, 'деньги', 521),
(1551, 'иной', 839.63),
(1552, 'металл', 547.27),
(1553, 'задержать', 833.03),
(1554, 'премьера', 227.4),
(1555, 'мгновение', 755.57),
(1556, 'цель', 946.08),
(1557, 'сверкать', 182.84),
(1558, 'народ', 362.52),
(1559, 'ярко', 841.59),
(1560, 'висеть', 111.91),
(1561, 'тревога', 639.91),
(1562, 'покидать', 796.86),
(1563, 'четко', 811.93),
(1564, 'миг', 84.87),
(1565, 'торопливый', 758.83),
(1566, 'добиться', 358.81),
(1567, 'инвалид', 413.71),
(1568, 'куча', 746.17),
(1569, 'сверкать', 331.88),
(1570, 'издали', 470.63),
(1571, 'остановить', 347.81),
(1572, 'провинция', 956.94),
(1573, 'штаб', 939.72),
(1574, 'кидать', 390.34),
(1575, 'академик', 805.23),
(1576, 'печатать', 511.91),
(1577, 'голубчик', 848.28),
(1578, 'спорт', 83.55),
(1579, 'рай', 581.88),
(1580, 'блин', 69.24),
(1581, 'граница', 996.63),
(1582, 'носок', 642.05),
(1583, 'адвокат', 17.03),
(1584, 'цель', 351.64),
(1585, 'степь', 113.86),
(1586, 'угроза', 360.14),
(1587, 'блин', 787.62),
(1588, 'одиннадцать', 155.98),
(1589, 'сравнение', 795.07),
(1590, 'спалить', 968.52),
(1591, 'вариант', 207.95),
(1592, 'багровый', 579.43),
(1593, 'близко', 264.59),
(1594, 'о', 25.26),
(1595, 'очередной', 385.99),
(1596, 'покидать', 645.2),
(1597, 'горький', 650.23),
(1598, 'медицина', 396.62),
(1599, 'разуметься', 411.05),
(1600, 'аж', 78.04),
(1601, 'ставить', 835.97),
(1602, 'призыв', 955.87),
(1603, 'жить', 763.85),
(1604, 'металл', 207.13),
(1605, 'за', 888.1),
(1606, 'пропасть', 381.69),
(1607, 'опасность', 173.43),
(1608, 'невыносимый', 546.49),
(1609, 'ночь', 280.94),
(1610, 'господь', 214.94),
(1611, 'пространство', 250.29),
(1612, 'серьезный', 258.55),
(1613, 'поговорить', 75.73),
(1614, 'торговля', 597.92),
(1615, 'наступать', 101.95),
(1616, 'растеряться', 611.74),
(1617, 'уронить', 193.3),
(1618, 'около', 373.52),
(1619, 'возникновение', 882.38),
(1620, 'командующий', 338.14),
(1621, 'товар', 316.47),
(1622, 'терапия', 968.44),
(1623, 'совещание', 949.83),
(1624, 'монета', 267.8),
(1625, 'нажать', 997.67),
(1626, 'помимо', 119.73),
(1627, 'солнце', 333.26),
(1628, 'разводить', 854.15),
(1629, 'степь', 916.26),
(1630, 'темнеть', 845.69),
(1631, 'покидать', 298.6),
(1632, 'прежде', 594.87),
(1633, 'четко', 671.54),
(1634, 'что', 120.17),
(1635, 'адвокат', 401.24),
(1636, 'школьный', 335.74),
(1637, 'налоговый', 546.47),
(1638, 'сынок', 800.5),
(1639, 'бровь', 909.21),
(1640, 'сомнительный', 329.75),
(1641, 'салон', 507.12),
(1642, 'а', 814.48),
(1643, 'лиловый', 345.97),
(1644, 'социалистический', 248.08),
(1645, 'казнь', 839.47),
(1646, 'следовательно', 801.86),
(1647, 'тысяча', 332.37),
(1648, 'упорно', 977.67),
(1649, 'торопливый', 778.07),
(1650, 'дружно', 11.56),
(1651, 'запретить', 724.93),
(1652, 'солнце', 943.1),
(1653, 'монета', 270.5),
(1654, 'металл', 925.65),
(1655, 'головной', 448.37),
(1656, 'тревога', 865.18),
(1657, 'рис', 274.28),
(1658, 'функция', 369.75),
(1659, 'мелькнуть', 57.05),
(1660, 'бетонный', 745.87),
(1661, 'жить', 81.21),
(1662, 'заработать', 460.84),
(1663, 'способ', 488.41),
(1664, 'правление', 971.69),
(1665, 'эпоха', 706.91),
(1666, 'господь', 118.68),
(1667, 'князь', 290.81),
(1668, 'падаль', 508.43),
(1669, 'хотеть', 883.48),
(1670, 'карандаш', 245.41),
(1671, 'задержать', 939.69),
(1672, 'пропаганда', 600.86),
(1673, 'полоска', 140.99),
(1674, 'один', 511.82),
(1675, 'социалистический', 12.91),
(1676, 'решетка', 816.82),
(1677, 'мальчишка', 164.47),
(1678, 'прошептать', 747.7),
(1679, 'выражение', 184.36),
(1680, 'роскошный', 768.98),
(1681, 'рис', 912.85),
(1682, 'пламя', 354.77),
(1683, 'лиловый', 779.46),
(1684, 'непривычный', 769.08),
(1685, 'хотеть', 524.34),
(1686, 'засунуть', 71.06),
(1687, 'хотеть', 751.08),
(1688, 'настать', 712.72),
(1689, 'вздрогнуть', 241.3),
(1690, 'горький', 504.4),
(1691, 'хлеб', 43.96),
(1692, 'витрина', 243.31),
(1693, 'единый', 766.79),
(1694, 'кузнец', 694.88),
(1695, 'демократия', 999.46),
(1696, 'волк', 447.61),
(1697, 'серьезный', 296.53),
(1698, 'конференция', 345.98),
(1699, 'намерение', 911.9),
(1700, 'слишком', 248.32),
(1701, 'крыса', 698.51),
(1702, 'аллея', 324.28),
(1703, 'иной', 704.49),
(1704, 'процесс', 514.06),
(1705, 'порядок', 175.57),
(1706, 'нервно', 146.91),
(1707, 'постоянный', 348.8),
(1708, 'зачем', 697.43),
(1709, 'рассуждение', 820.73),
(1710, 'бригада', 713.99),
(1711, 'встать', 143.32),
(1712, 'салон', 777.1),
(1713, 'спешить', 457.21),
(1714, 'угроза', 62.17),
(1715, 'снимать', 527.01),
(1716, 'спорт', 101.43),
(1717, 'угроза', 994.47),
(1718, 'парень', 822.87),
(1719, 'ныне', 5.49),
(1720, 'потрясти', 160.4),
(1721, 'заявление', 927.44),
(1722, 'район', 920.86),
(1723, 'уронить', 468.73),
(1724, 'выражаться', 55.77),
(1725, 'порода', 734.96),
(1726, 'коричневый', 659.71),
(1727, 'художественный', 72.79),
(1728, 'решетка', 42.05),
(1729, 'актриса', 271.72),
(1730, 'отметить', 923.52),
(1731, 'костер', 44.15),
(1732, 'построить', 902.78),
(1733, 'угодный', 632.33),
(1734, 'медицина', 328),
(1735, 'тута', 280.93),
(1736, 'песня', 40.7),
(1737, 'поговорить', 527.48),
(1738, 'витрина', 458.85),
(1739, 'около', 855.05),
(1740, 'отъезд', 717.48),
(1741, 'ребятишки', 877.53),
(1742, 'вывести', 313.28),
(1743, 'хозяйка', 406.12),
(1744, 'ленинград', 64.62),
(1745, 'единый', 375.17),
(1746, 'жидкий', 508.04),
(1747, 'вряд', 87.88),
(1748, 'добиться', 911.45),
(1749, 'госпожа', 926.42),
(1750, 'выраженный', 922.42),
(1751, 'заложить', 468.67),
(1752, 'ход', 161.9),
(1753, 'ленинград', 939.49),
(1754, 'умолять', 979.74),
(1755, 'дурацкий', 179.7),
(1756, 'решетка', 501.35),
(1757, 'даль', 797.16),
(1758, 'левый', 246.74),
(1759, 'свежий', 740.53),
(1760, 'полоска', 224.23),
(1761, 'бегать', 637.3),
(1762, 'смелый', 572.18),
(1763, 'госпожа', 869.14),
(1764, 'ход', 39.14),
(1765, 'выгнать', 443.78),
(1766, 'салон', 808.57),
(1767, 'расстройство', 847.11),
(1768, 'чем', 857.19),
(1769, 'другой', 733.7),
(1770, 'освобождение', 515.32),
(1771, 'плавно', 299.8),
(1772, 'тревога', 46.13),
(1773, 'куча', 118.37),
(1774, 'способ', 763.64),
(1775, 'беспомощный', 742.89),
(1776, 'ныне', 299.86),
(1777, 'возникновение', 121.1),
(1778, 'правление', 226.34),
(1779, 'реклама', 975.83),
(1780, 'прошептать', 402.93),
(1781, 'беспомощный', 976.14),
(1782, 'ботинок', 18.95),
(1783, 'научить', 50.38),
(1784, 'вздрагивать', 411.87),
(1785, 'левый', 654.28),
(1786, 'боец', 596.51),
(1787, 'багровый', 220.98),
(1788, 'мусор', 603.47),
(1789, 'передо', 757.55),
(1790, 'сынок', 545.75),
(1791, 'монета', 844.76),
(1792, 'трясти', 23.27),
(1793, 'полевой', 68.8),
(1794, 'выражаться', 642.85),
(1795, 'посвятить', 420.52),
(1796, 'тесно', 89.37),
(1797, 'второй', 438.09),
(1798, 'премьера', 787.62),
(1799, 'потянуться', 762.79),
(1800, 'рассуждение', 917.56),
(1801, 'около', 964.11),
(1802, 'кпсс', 5.85),
(1803, 'освобождение', 176.01),
(1804, 'отъезд', 790.11),
(1805, 'тревога', 255.13),
(1806, 'самостоятельно', 856.28),
(1807, 'головной', 225.51),
(1808, 'жестокий', 463.68),
(1809, 'головной', 568.73),
(1810, 'скользить', 622.52),
(1811, 'спичка', 560.78),
(1812, 'функция', 552.47),
(1813, 'сходить', 51.11),
(1814, 'поймать', 330.5),
(1815, 'зато', 790.5),
(1816, 'выгнать', 1000.54),
(1817, 'нажать', 67.25),
(1818, 'блин', 33.01),
(1819, 'ребятишки', 567.11),
(1820, 'идея', 814.58),
(1821, 'растеряться', 918.32),
(1822, 'спасть', 614.07),
(1823, 'аж', 683.32),
(1824, 'идея', 631.05),
(1825, 'невыносимый', 259.6),
(1826, 'поезд', 720.12),
(1827, 'успокоиться', 58.6),
(1828, 'функция', 641.27),
(1829, 'инструкция', 435.45),
(1830, 'потрясти', 993.34),
(1831, 'спалить', 786.27),
(1832, 'беспомощный', 307.61),
(1833, 'командование', 830.48),
(1834, 'житель', 715.61),
(1835, 'сравнение', 621.14),
(1836, 'лиловый', 991.44),
(1837, 'волк', 327.95),
(1838, 'лапа', 575.41),
(1839, 'головной', 74.78),
(1840, 'покидать', 534.54),
(1841, 'секунда', 196.36),
(1842, 'обида', 427.22),
(1843, 'фонарик', 485.86),
(1844, 'перебивать', 790.39),
(1845, 'назначить', 445.01),
(1846, 'металл', 759.06),
(1847, 'лапа', 892.2),
(1848, 'граница', 219.8),
(1849, 'что', 647.88),
(1850, 'поймать', 589.8),
(1851, 'спалить', 983.04),
(1852, 'армейский', 170.6),
(1853, 'угодный', 660.4),
(1854, 'ход', 924.32),
(1855, 'очко', 947.33),
(1856, 'ремень', 850.59),
(1857, 'реклама', 962.79),
(1858, 'боец', 968.09),
(1859, 'посидеть', 887.97),
(1860, 'тяжелый', 108.04),
(1861, 'нож', 78.98),
(1862, 'страсть', 203.58),
(1863, 'тесно', 490.66),
(1864, 'плод', 113.83),
(1865, 'эффект', 37.91),
(1866, 'правильный', 783.79),
(1867, 'дальний', 848.88),
(1868, 'бабочка', 825.55),
(1869, 'забирать', 541.46),
(1870, 'интеллектуальный', 623.2),
(1871, 'предоставить', 383.73),
(1872, 'полюбить', 809.08),
(1873, 'что', 585.84),
(1874, 'совет', 27.23),
(1875, 'сынок', 530.07),
(1876, 'функция', 118.63),
(1877, 'господь', 1000.57),
(1878, 'функция', 357.7),
(1879, 'сравнение', 135.82),
(1880, 'редактор', 715.18),
(1881, 'изба', 647.67),
(1882, 'тревога', 183.96),
(1883, 'приятель', 848.57),
(1884, 'неожиданный', 293.68),
(1885, 'прощение', 725.21),
(1886, 'второй', 566.56),
(1887, 'равнодушный', 444.72),
(1888, 'роскошный', 382.38),
(1889, 'висеть', 816.08),
(1890, 'покидать', 593.43),
(1891, 'ручей', 856.24),
(1892, 'аллея', 191.52),
(1893, 'какой', 597.18),
(1894, 'материя', 354.59),
(1895, 'тусклый', 146.9),
(1896, 'поставить', 741.94),
(1897, 'изба', 230.41),
(1898, 'житель', 685.79),
(1899, 'бегать', 782.05),
(1900, 'казнь', 629.99),
(1901, 'печатать', 151.61),
(1902, 'каюта', 876.24),
(1903, 'виднеться', 279.01),
(1904, 'неудобно', 518.83),
(1905, 'гулять', 82.96),
(1906, 'интернет', 588.25),
(1907, 'песенка', 846.97),
(1908, 'прошептать', 256.99),
(1909, 'оборот', 151.67),
(1910, 'решение', 767.04),
(1911, 'нервно', 713.7),
(1912, 'анализ', 539.7),
(1913, 'волк', 500.74),
(1914, 'находить', 4.97),
(1915, 'бок', 461.14),
(1916, 'триста', 973.07),
(1917, 'эффект', 197.88),
(1918, 'хотеть', 481.53),
(1919, 'вздрогнуть', 984.77),
(1920, 'товар', 291.54),
(1921, 'ленинград', 84.15),
(1922, 'при', 399.41),
(1923, 'пол', 676.5),
(1924, 'грудь', 448.66),
(1925, 'триста', 945.74),
(1926, 'горький', 425.55),
(1927, 'чем', 857.53),
(1928, 'предоставить', 833.73),
(1929, 'командующий', 277.95),
(1930, 'жестокий', 698.51),
(1931, 'триста', 114.98),
(1932, 'ребятишки', 947.08),
(1933, 'материя', 909.41),
(1934, 'сомнительный', 157.06),
(1935, 'вздрогнуть', 397.98),
(1936, 'парень', 573.25),
(1937, 'штаб', 726.99),
(1938, 'новый', 348),
(1939, 'расстройство', 365.63),
(1940, 'миф', 863.34),
(1941, 'угодный', 866.73),
(1942, 'рабочий', 81.71),
(1943, 'подробность', 676.17),
(1944, 'вперед', 517.7),
(1945, 'палец', 428.1),
(1946, 'дьявол', 357.76),
(1947, 'смертельный', 313.85),
(1948, 'освободить', 223.46),
(1949, 'тревога', 944.69),
(1950, 'освободить', 446.06),
(1951, 'пастух', 848.6),
(1952, 'школьный', 921.07),
(1953, 'славный', 54.9),
(1954, 'прошептать', 976.83),
(1955, 'наткнуться', 885.98),
(1956, 'неожиданно', 417.57),
(1957, 'низкий', 910.1),
(1958, 'спичка', 392.48),
(1959, 'способ', 68.97),
(1960, 'багровый', 468.04),
(1961, 'товар', 182.08),
(1962, 'песенка', 786.46),
(1963, 'пересечь', 889.62),
(1964, 'госпожа', 566.04),
(1965, 'хотеть', 376.12),
(1966, 'изучить', 961.13),
(1967, 'роскошный', 996.87),
(1968, 'манера', 528.88),
(1969, 'ярко', 215.26),
(1970, 'прошептать', 506.82),
(1971, 'ремень', 97.04),
(1972, 'точно', 391.23),
(1973, 'разнообразный', 713.73),
(1974, 'оставить', 395.37),
(1975, 'заплакать', 584.79),
(1976, 'поймать', 874.74),
(1977, 'редактор', 763.89),
(1978, 'бригада', 928.31),
(1979, 'проход', 516.76),
(1980, 'смеяться', 310.35),
(1981, 'зато', 922.99),
(1982, 'умирать', 401.62),
(1983, 'палка', 561.32),
(1984, 'находить', 779.5),
(1985, 'заработать', 630.2),
(1986, 'рота', 862.66),
(1987, 'командование', 383.19),
(1988, 'за', 49.33),
(1989, 'мелочь', 737.07),
(1990, 'полоска', 425.93),
(1991, 'способ', 577.86),
(1992, 'появление', 285.86),
(1993, 'наслаждение', 589.18),
(1994, 'прелесть', 70.74),
(1995, 'функция', 89.99),
(1996, 'уронить', 380.95),
(1997, 'мусор', 787.98),
(1998, 'упорно', 645.87),
(1999, 'вскинуть', 970.49),
(2000, 'господь', 535.61),
(2001, 'уничтожение', 99.19),
(2002, 'а', 527.5),
(2003, 'намерение', 159.11),
(2004, 'команда', 589.39),
(2005, 'неправда', 680.9),
(2006, 'пламя', 506.48),
(2007, 'встать', 159.63),
(2008, 'мягкий', 615.42),
(2009, 'тута', 147.44),
(2010, 'пространство', 989.96),
(2011, 'сверкающий', 73.46),
(2012, 'миг', 809.48),
(2013, 'кожа', 797.37),
(2014, 'кожа', 831.86),
(2015, 'болото', 291.72),
(2016, 'постоянный', 283.81),
(2017, 'деловой', 307),
(2018, 'цвет', 760.32),
(2019, 'устройство', 761.67),
(2020, 'легко', 465.04),
(2021, 'боец', 177.7),
(2022, 'манера', 88.77),
(2023, 'танцевать', 225.67),
(2024, 'низкий', 158.49),
(2025, 'неожиданный', 653.1),
(2026, 'сынок', 173.72),
(2027, 'одиннадцать', 852.46),
(2028, 'ленинград', 136.48),
(2029, 'постоянный', 561.67),
(2030, 'близко', 275.7),
(2031, 'реклама', 338.93),
(2032, 'труп', 659.57),
(2033, 'июнь', 726.63),
(2034, 'теория', 147.23),
(2035, 'умолять', 403.72),
(2036, 'жить', 536),
(2037, 'помимо', 447.24),
(2038, 'находить', 561.94),
(2039, 'построить', 780.9),
(2040, 'мера', 417.9),
(2041, 'присесть', 385.65),
(2042, 'передо', 469.78),
(2043, 'покидать', 154.18),
(2044, 'пропасть', 535.64),
(2045, 'гулять', 173.05),
(2046, 'вариант', 145.25),
(2047, 'сравнение', 122.77);
INSERT INTO `products` (`id`, `title`, `price`) VALUES
(2048, 'соответствие', 198.01),
(2049, 'лететь', 931.65),
(2050, 'потянуться', 294.47),
(2051, 'желание', 745.94),
(2052, 'правильный', 345.6),
(2053, 'кпсс', 794.01),
(2054, 'находить', 456.67),
(2055, 'пробовать', 768.32),
(2056, 'свежий', 304.91),
(2057, 'плод', 80.79),
(2058, 'передо', 848.68),
(2059, 'назначить', 859.34),
(2060, 'мимо', 144.04),
(2061, 'дыхание', 647.05),
(2062, 'мучительно', 960.9),
(2063, 'вчера', 422.76),
(2064, 'магазин', 698.87),
(2065, 'запеть', 535.94),
(2066, 'радость', 997.95),
(2067, 'мгновение', 300.37),
(2068, 'полевой', 562.59),
(2069, 'премьера', 769.96),
(2070, 'реклама', 961.25),
(2071, 'банк', 577.36),
(2072, 'отражение', 748.48),
(2073, 'четыре', 956.71),
(2074, 'кузнец', 186.53),
(2075, 'интеллектуальный', 64.94),
(2076, 'район', 291.65),
(2077, 'тута', 208.93),
(2078, 'тюрьма', 346.66),
(2079, 'песня', 967.45),
(2080, 'хлеб', 794.74),
(2081, 'юный', 751.26),
(2082, 'мелочь', 797.12),
(2083, 'обида', 51.25),
(2084, 'серьезный', 711.22),
(2085, 'одиннадцать', 669.62),
(2086, 'порядок', 809.75),
(2087, 'конференция', 750.3),
(2088, 'экзамен', 688.29),
(2089, 'потянуться', 916.2),
(2090, 'дыхание', 619.5),
(2091, 'школьный', 541.65),
(2092, 'мальчишка', 336.13),
(2093, 'парень', 79.51),
(2094, 'разводить', 405.38),
(2095, 'выражаться', 949.61),
(2096, 'дрогнуть', 191.87),
(2097, 'основание', 342.12),
(2098, 'теория', 815.26),
(2099, 'приятель', 227.28),
(2100, 'присесть', 430.64),
(2101, 'интеллектуальный', 947.19),
(2102, 'похороны', 172.17),
(2103, 'спорт', 892.56),
(2104, 'около', 960.59),
(2105, 'хотеть', 908.77),
(2106, 'запустить', 143.24),
(2107, 'изба', 888.64),
(2108, 'вообще', 569.26),
(2109, 'пища', 37.64),
(2110, 'точно', 50.43),
(2111, 'набор', 869.12),
(2112, 'демократия', 504.09),
(2113, 'угроза', 234.81),
(2114, 'правый', 639.33),
(2115, 'смелый', 844.94),
(2116, 'секунда', 551.56),
(2117, 'заложить', 436.28),
(2118, 'намерение', 168.71),
(2119, 'вообще', 553.92),
(2120, 'совещание', 93.01),
(2121, 'помимо', 296.67),
(2122, 'висеть', 243.99),
(2123, 'висеть', 408.5),
(2124, 'даль', 399.52),
(2125, 'увеличиваться', 944.36),
(2126, 'умолять', 236.44),
(2127, 'изучить', 924.7),
(2128, 'ручей', 432.13),
(2129, 'спалить', 317.01),
(2130, 'рот', 702.82),
(2131, 'конференция', 168.94),
(2132, 'пространство', 758.3),
(2133, 'военный', 321.12),
(2134, 'дремать', 119.74),
(2135, 'табак', 126.14),
(2136, 'мелочь', 616.33),
(2137, 'присесть', 247.07),
(2138, 'экзамен', 655.62),
(2139, 'прежде', 202.55),
(2140, 'опасность', 765.03),
(2141, 'заведение', 760.74),
(2142, 'актриса', 648.49),
(2143, 'другой', 348.62),
(2144, 'покидать', 949.13),
(2145, 'шлем', 915.19),
(2146, 'следовательно', 140.42),
(2147, 'слишком', 326.76),
(2148, 'возмутиться', 176.66),
(2149, 'сверкающий', 854.34),
(2150, 'медицина', 624.78),
(2151, 'при', 755.98),
(2152, 'дальний', 171.02),
(2153, 'тревога', 737.19),
(2154, 'советовать', 94.57),
(2155, 'рота', 504.14),
(2156, 'адвокат', 944.85),
(2157, 'висеть', 923.99),
(2158, 'секунда', 520.88),
(2159, 'спасть', 890.18),
(2160, 'промолчать', 342.39),
(2161, 'наступать', 374.4),
(2162, 'спасть', 914.18),
(2163, 'идея', 799.05),
(2164, 'вчера', 621.96),
(2165, 'зарплата', 239.58),
(2166, 'тревога', 466.76),
(2167, 'пробовать', 767.67),
(2168, 'тысяча', 250.82),
(2169, 'появление', 880.35),
(2170, 'заявление', 359.43),
(2171, 'а', 837.82),
(2172, 'природа', 581.56),
(2173, 'мрачно', 25.05),
(2174, 'порт', 775.94),
(2175, 'устройство', 196.14),
(2176, 'витрина', 984.4),
(2177, 'ребятишки', 687.49),
(2178, 'нажать', 824.17),
(2179, 'упор', 617.29),
(2180, 'сынок', 159.29),
(2181, 'следовательно', 38.94),
(2182, 'коммунизм', 473.62),
(2183, 'число', 663.91),
(2184, 'умолять', 199.53),
(2185, 'идея', 403.62),
(2186, 'горький', 782.77),
(2187, 'зима', 850.39),
(2188, 'лиловый', 752.47),
(2189, 'освобождение', 240.12),
(2190, 'пропасть', 500.69),
(2191, 'решение', 176.36),
(2192, 'мелочь', 803.03),
(2193, 'бабочка', 483.01),
(2194, 'термин', 489.74),
(2195, 'успокоиться', 69.09),
(2196, 'написать', 136.84),
(2197, 'мягкий', 392.45),
(2198, 'процесс', 632.73),
(2199, 'ход', 793.98),
(2200, 'лететь', 612.6),
(2201, 'монета', 93.44),
(2202, 'сходить', 751.19),
(2203, 'триста', 167.25),
(2204, 'степь', 752.23),
(2205, 'расстройство', 474.6),
(2206, 'командование', 631.2),
(2207, 'эффект', 555.96),
(2208, 'торговля', 828.8),
(2209, 'бригада', 844.93),
(2210, 'рабочий', 950.12),
(2211, 'боец', 116.86),
(2212, 'легко', 598.75),
(2213, 'точно', 119.31),
(2214, 'функция', 184.07),
(2215, 'плавно', 223.03),
(2216, 'опасность', 734.4),
(2217, 'порода', 918.14),
(2218, 'приличный', 595.08),
(2219, 'радость', 668.12),
(2220, 'материя', 734.73),
(2221, 'упорно', 595.79),
(2222, 'пропадать', 735.5),
(2223, 'витрина', 554.82),
(2224, 'карман', 925.21),
(2225, 'неправда', 835.91),
(2226, 'ремень', 64.12),
(2227, 'приличный', 282.9),
(2228, 'что', 380.36),
(2229, 'приятель', 329.2),
(2230, 'увеличиваться', 82.12),
(2231, 'расстегнуть', 875.76),
(2232, 'дыхание', 803.14),
(2233, 'райком', 352.35),
(2234, 'наткнуться', 39.64),
(2235, 'славный', 42.38),
(2236, 'тута', 844.15),
(2237, 'крутой', 232.77),
(2238, 'ведь', 997.36),
(2239, 'один', 342.96),
(2240, 'потрясти', 659.65),
(2241, 'природа', 179.85),
(2242, 'плод', 307.08),
(2243, 'порт', 647.21),
(2244, 'провал', 166.83),
(2245, 'виднеться', 995.22),
(2246, 'некоторый', 747.61),
(2247, 'тесно', 477.14),
(2248, 'важный', 528.55),
(2249, 'зачем', 786.95),
(2250, 'плод', 211.48),
(2251, 'командир', 476.56),
(2252, 'успокоиться', 633.02),
(2253, 'еврейский', 815.38),
(2254, 'командир', 38.8),
(2255, 'поставить', 212.18),
(2256, 'призыв', 704.64),
(2257, 'процесс', 942.53),
(2258, 'мотоцикл', 514.4),
(2259, 'набор', 782.45),
(2260, 'магазин', 768.38),
(2261, 'граница', 944.9),
(2262, 'господь', 19.74),
(2263, 'прежде', 500.39),
(2264, 'скрытый', 524.63),
(2265, 'провал', 916.03),
(2266, 'основание', 190.12),
(2267, 'один', 800.04),
(2268, 'сходить', 525.51),
(2269, 'рис', 961.97),
(2270, 'покидать', 600.67),
(2271, 'покидать', 356.58),
(2272, 'волк', 921.23),
(2273, 'блин', 657.28),
(2274, 'падаль', 628.16),
(2275, 'приятель', 974.05),
(2276, 'природа', 922.17),
(2277, 'светило', 153.67),
(2278, 'рис', 357.62),
(2279, 'мелькнуть', 219.47),
(2280, 'смертельный', 610.39),
(2281, 'научить', 828.53),
(2282, 'команда', 200.25),
(2283, 'горький', 593.59),
(2284, 'лапа', 928.63),
(2285, 'вряд', 479.16),
(2286, 'левый', 982.32),
(2287, 'сохранять', 729.28),
(2288, 'что', 120.54),
(2289, 'левый', 953.09),
(2290, 'желание', 110.65),
(2291, 'падать', 682.33),
(2292, 'мера', 203.2),
(2293, 'правление', 483.38),
(2294, 'триста', 12.79),
(2295, 'хлеб', 106.66),
(2296, 'вздрогнуть', 59.59),
(2297, 'промолчать', 907.82),
(2298, 'картинка', 167),
(2299, 'лететь', 869.34),
(2300, 'что', 518.72),
(2301, 'слишком', 90.17),
(2302, 'палец', 950.29),
(2303, 'при', 450.26),
(2304, 'домашний', 423.91),
(2305, 'чувство', 991.06),
(2306, 'страсть', 208.49),
(2307, 'господь', 902.19),
(2308, 'бабочка', 971.84),
(2309, 'хозяйка', 589.46),
(2310, 'направо', 962.34),
(2311, 'нажать', 173.47),
(2312, 'труп', 801.16),
(2313, 'хлеб', 926.22),
(2314, 'аж', 636.24),
(2315, 'металл', 573.89),
(2316, 'кожа', 144.93),
(2317, 'военный', 967.07),
(2318, 'команда', 426.23),
(2319, 'страсть', 252.95),
(2320, 'ведь', 571.38),
(2321, 'трясти', 845.96),
(2322, 'спасть', 382.72),
(2323, 'результат', 778.4),
(2324, 'пол', 129.28),
(2325, 'прежний', 295.93),
(2326, 'цель', 885.38),
(2327, 'оставить', 321.26),
(2328, 'выгнать', 27.02),
(2329, 'лапа', 917.16),
(2330, 'упор', 157.65),
(2331, 'военный', 174.51),
(2332, 'прелесть', 977.14),
(2333, 'отъезд', 808.38),
(2334, 'совещание', 938.56),
(2335, 'запретить', 933.27),
(2336, 'некоторый', 677.02),
(2337, 'миг', 706.62),
(2338, 'следовательно', 29.03),
(2339, 'спалить', 302.82),
(2340, 'сомнительный', 563.03),
(2341, 'рот', 97.67),
(2342, 'дошлый', 663.51),
(2343, 'возбуждение', 865.49),
(2344, 'место', 434.02),
(2345, 'один', 710.29),
(2346, 'командир', 893.16),
(2347, 'пастух', 61.86),
(2348, 'коричневый', 662.9),
(2349, 'лапа', 372.6),
(2350, 'темнеть', 27.76),
(2351, 'роса', 696.64),
(2352, 'заложить', 670.92),
(2353, 'песня', 630.23),
(2354, 'боец', 326.97),
(2355, 'спалить', 948.23),
(2356, 'ребятишки', 128.01),
(2357, 'рот', 778.37),
(2358, 'идея', 520.72),
(2359, 'намерение', 955.03),
(2360, 'посвятить', 571.9),
(2361, 'вскинуть', 32.46),
(2362, 'ночь', 330.06),
(2363, 'бригада', 467.69),
(2364, 'скользить', 979.04),
(2365, 'умирать', 71.24),
(2366, 'угроза', 881.96),
(2367, 'прелесть', 197.63),
(2368, 'адвокат', 349.45),
(2369, 'ныне', 707.8),
(2370, 'анализ', 326.27),
(2371, 'освободить', 586.67),
(2372, 'провинция', 371.74),
(2373, 'ягода', 426.69),
(2374, 'сопровождаться', 623.42),
(2375, 'кузнец', 500.59),
(2376, 'изучить', 936.27),
(2377, 'выражение', 759.58),
(2378, 'научить', 819.56),
(2379, 'угроза', 874.64),
(2380, 'угроза', 872.89),
(2381, 'заработать', 493.58),
(2382, 'правый', 250.27),
(2383, 'дорогой', 763.08),
(2384, 'четко', 445.15),
(2385, 'наткнуться', 480.67),
(2386, 'лететь', 748.32),
(2387, 'обида', 348.59),
(2388, 'правильный', 256.33),
(2389, 'угол', 665.13),
(2390, 'мучительно', 500.87),
(2391, 'инструкция', 68.41),
(2392, 'одиннадцать', 600.74),
(2393, 'вскакивать', 545.29),
(2394, 'налево', 136.76),
(2395, 'инвалид', 187.76),
(2396, 'лапа', 776.55),
(2397, 'привлекать', 920.03),
(2398, 'пастух', 66.97),
(2399, 'выражение', 954.04),
(2400, 'полевой', 398.54),
(2401, 'секунда', 894.33),
(2402, 'присесть', 961.45),
(2403, 'запеть', 859.24),
(2404, 'заложить', 471.6),
(2405, 'командир', 331.8),
(2406, 'растеряться', 428.53),
(2407, 'встать', 818.89),
(2408, 'бровь', 463.38),
(2409, 'налоговый', 244.29),
(2410, 'рота', 207.65),
(2411, 'адвокат', 901.67),
(2412, 'приятель', 953.86),
(2413, 'упорно', 345.04),
(2414, 'триста', 216.71),
(2415, 'потом', 961.31),
(2416, 'школьный', 29.3),
(2417, 'карман', 95.35),
(2418, 'предоставить', 736.21),
(2419, 'мрачно', 537.11),
(2420, 'девка', 652.91),
(2421, 'мелочь', 553.82),
(2422, 'плясать', 805.81),
(2423, 'дыхание', 151.33),
(2424, 'факультет', 911.93),
(2425, 'табак', 489.42),
(2426, 'слишком', 82.86),
(2427, 'ремень', 952.77),
(2428, 'князь', 775.61),
(2429, 'левый', 660.26),
(2430, 'падаль', 741.18),
(2431, 'совет', 298.94),
(2432, 'поговорить', 963.18),
(2433, 'полностью', 285.18),
(2434, 'вариант', 513.27),
(2435, 'беспомощный', 716.7),
(2436, 'мелькнуть', 247.25),
(2437, 'художественный', 447.96),
(2438, 'спалить', 777.68),
(2439, 'войти', 494.74),
(2440, 'зато', 688.36),
(2441, 'означать', 66.32),
(2442, 'пропасть', 947.77),
(2443, 'вытаскивать', 388.51),
(2444, 'девка', 912.51),
(2445, 'сустав', 865.36),
(2446, 'материя', 14.04),
(2447, 'основание', 854.04),
(2448, 'госпожа', 132.41),
(2449, 'одиннадцать', 244.52),
(2450, 'аж', 257.62),
(2451, 'услать', 471.09),
(2452, 'табак', 469.42),
(2453, 'салон', 356.34),
(2454, 'умирать', 147.93),
(2455, 'космос', 203.67),
(2456, 'счастье', 983.25),
(2457, 'крыса', 474.31),
(2458, 'плод', 616.25),
(2459, 'товар', 675.45),
(2460, 'ответить', 10.89),
(2461, 'бочок', 660.23),
(2462, 'решение', 662.8),
(2463, 'необычный', 342.36),
(2464, 'назначить', 383.98),
(2465, 'термин', 266.27),
(2466, 'умолять', 504.33),
(2467, 'академик', 768),
(2468, 'зима', 984.13),
(2469, 'район', 166.3),
(2470, 'один', 101.74),
(2471, 'зеленый', 253.53),
(2472, 'да', 530.07),
(2473, 'неправда', 727.34),
(2474, 'командующий', 877.98),
(2475, 'угроза', 914.15),
(2476, 'обида', 677.08),
(2477, 'крыса', 352.92),
(2478, 'дошлый', 428.16),
(2479, 'провал', 396.62),
(2480, 'выражаться', 11.99),
(2481, 'растеряться', 125.52),
(2482, 'более', 555.55),
(2483, 'сверкающий', 7.17),
(2484, 'вариант', 906.44),
(2485, 'рот', 614.17),
(2486, 'недостаток', 142.86),
(2487, 'конференция', 997.98),
(2488, 'факультет', 266.3),
(2489, 'о', 227.44),
(2490, 'отдел', 371.92),
(2491, 'вперед', 836.03),
(2492, 'помимо', 291.74),
(2493, 'мимо', 977.82),
(2494, 'ярко', 530.1),
(2495, 'тревога', 739.07),
(2496, 'жидкий', 699.12),
(2497, 'адвокат', 781.33),
(2498, 'порт', 171.35),
(2499, 'полюбить', 665.2),
(2500, 'карман', 996.71),
(2501, 'передо', 305.22),
(2502, 'прошептать', 503.16),
(2503, 'понятный', 784.09),
(2504, 'пламя', 662.37),
(2505, 'лиловый', 55.35),
(2506, 'приходить', 403.46),
(2507, 'успокоиться', 192.86),
(2508, 'изба', 569.1),
(2509, 'отметить', 976.02),
(2510, 'рай', 243.39),
(2511, 'дальний', 712.84),
(2512, 'необычный', 192.81),
(2513, 'потрясти', 875.41),
(2514, 'банк', 962.31),
(2515, 'запеть', 693.45),
(2516, 'хотеть', 34.63),
(2517, 'цепочка', 418.75),
(2518, 'свежий', 937.88),
(2519, 'угроза', 797.38),
(2520, 'расстегнуть', 869.97),
(2521, 'растеряться', 793.4),
(2522, 'кольцо', 13.9),
(2523, 'космос', 253.07),
(2524, 'палка', 839.46),
(2525, 'сынок', 641.42),
(2526, 'художественный', 947.13),
(2527, 'райком', 662.78),
(2528, 'изучить', 809.06),
(2529, 'изредка', 824.15),
(2530, 'мелочь', 140.57),
(2531, 'постоянный', 16.19),
(2532, 'столетие', 681.46),
(2533, 'изображать', 551.91),
(2534, 'командир', 914.33),
(2535, 'изображать', 361.24),
(2536, 'уточнить', 907.69),
(2537, 'сохранять', 241.71),
(2538, 'лиловый', 820.71),
(2539, 'слишком', 951.77),
(2540, 'бабочка', 115.5),
(2541, 'научить', 699.55),
(2542, 'точно', 175.45),
(2543, 'ребятишки', 686.49),
(2544, 'академик', 201.87),
(2545, 'актриса', 864.33),
(2546, 'демократия', 518.39),
(2547, 'налоговый', 583.1),
(2548, 'дошлый', 818.32),
(2549, 'неправда', 339.51),
(2550, 'мучительно', 409.31),
(2551, 'роскошный', 220.41),
(2552, 'темнеть', 253.45),
(2553, 'рассуждение', 282.89),
(2554, 'угол', 907.11),
(2555, 'соответствие', 611.91),
(2556, 'тысяча', 856.89),
(2557, 'реклама', 205.1),
(2558, 'стакан', 728.49),
(2559, 'проход', 357.54),
(2560, 'чем', 525.04),
(2561, 'затянуться', 408.05),
(2562, 'заложить', 14.91),
(2563, 'реклама', 328.54),
(2564, 'сынок', 797.13),
(2565, 'зеленый', 686.64),
(2566, 'перебивать', 945.37),
(2567, 'передо', 6.49),
(2568, 'другой', 318.02),
(2569, 'пропаганда', 40.45),
(2570, 'освобождение', 132.63),
(2571, 'манера', 569.2),
(2572, 'упор', 838.98),
(2573, 'число', 350.16),
(2574, 'палец', 200.6),
(2575, 'прежде', 478.55),
(2576, 'ложиться', 118.54),
(2577, 'госпожа', 854.87),
(2578, 'славный', 384.54),
(2579, 'правильный', 715.09),
(2580, 'спешить', 491.14);

-- --------------------------------------------------------

--
-- Структура таблицы `products_count`
--

CREATE TABLE `products_count` (
  `product_id` int(11) NOT NULL,
  `count` int(11) NOT NULL,
  `order_id` int(11) NOT NULL
) ENGINE=InnoDB DEFAULT CHARSET=utf8;

--
-- Дамп данных таблицы `products_count`
--

INSERT INTO `products_count` (`product_id`, `count`, `order_id`) VALUES
(1, 7, 1),
(2, 12, 1),
(3, 6, 1),
(4, 3, 1),
(5, 3, 1),
(6, 13, 1),
(7, 6, 1),
(8, 3, 1),
(9, 15, 1),
(10, 9, 1),
(11, 2, 1),
(12, 11, 1),
(13, 10, 1),
(14, 13, 1),
(15, 6, 1),
(16, 5, 2),
(17, 8, 2),
(18, 3, 2),
(19, 5, 3),
(20, 10, 3),
(21, 14, 3),
(22, 6, 3),
(23, 2, 3),
(24, 12, 3),
(25, 11, 3),
(26, 14, 3),
(27, 4, 3),
(28, 15, 4),
(29, 15, 4),
(30, 8, 4),
(31, 12, 4),
(32, 4, 4),
(33, 5, 4),
(34, 3, 5),
(35, 9, 5),
(36, 15, 6),
(37, 10, 6),
(38, 8, 6),
(39, 4, 6),
(40, 10, 6),
(41, 12, 6),
(42, 9, 6),
(43, 9, 6),
(44, 2, 6),
(45, 3, 7),
(46, 14, 7),
(47, 8, 8),
(48, 7, 8),
(49, 15, 8),
(50, 12, 8),
(51, 13, 8),
(52, 15, 8),
(53, 12, 8),
(54, 3, 8),
(55, 4, 8),
(56, 15, 8),
(57, 4, 8),
(58, 11, 8),
(59, 7, 9),
(60, 11, 9),
(61, 4, 9),
(62, 10, 9),
(63, 3, 9),
(64, 3, 9),
(65, 7, 9),
(66, 13, 9),
(67, 7, 9),
(68, 4, 9),
(69, 1, 9),
(70, 4, 9),
(71, 13, 9),
(72, 4, 9),
(73, 1, 9),
(74, 8, 9),
(75, 8, 9),
(76, 3, 9),
(77, 9, 9),
(78, 9, 9),
(79, 1, 10),
(80, 10, 10),
(81, 10, 10),
(82, 9, 10),
(83, 13, 10),
(84, 11, 10),
(85, 15, 10),
(86, 9, 10),
(87, 11, 11),
(88, 14, 12),
(89, 8, 12),
(90, 15, 12),
(91, 2, 12),
(92, 12, 12),
(93, 3, 12),
(94, 12, 12),
(95, 5, 13),
(96, 12, 13),
(97, 12, 13),
(98, 11, 13),
(99, 9, 13),
(100, 5, 13),
(101, 8, 13),
(102, 8, 14),
(103, 9, 14),
(104, 12, 14),
(105, 9, 14),
(106, 14, 14),
(107, 1, 14),
(108, 11, 14),
(109, 15, 14),
(110, 10, 14),
(111, 3, 14),
(112, 15, 14),
(113, 15, 14),
(114, 13, 14),
(115, 11, 14),
(116, 6, 14),
(117, 6, 14),
(118, 1, 14),
(119, 14, 15),
(120, 7, 15),
(121, 15, 15),
(122, 4, 15),
(123, 8, 15),
(124, 1, 15),
(125, 8, 15),
(126, 14, 15),
(127, 10, 15),
(128, 10, 15),
(129, 6, 15),
(130, 7, 15),
(131, 13, 15),
(132, 12, 15),
(133, 14, 16),
(134, 6, 16),
(135, 12, 16),
(136, 5, 16),
(137, 15, 16),
(138, 13, 16),
(139, 6, 16),
(140, 10, 16),
(141, 15, 16),
(142, 13, 17),
(143, 10, 17),
(144, 2, 17),
(145, 8, 17),
(146, 2, 17),
(147, 10, 17),
(148, 14, 17),
(149, 2, 18),
(150, 12, 18),
(151, 10, 18),
(152, 2, 18),
(153, 9, 18),
(154, 3, 18),
(155, 4, 18),
(156, 6, 18),
(157, 12, 18),
(158, 5, 18),
(159, 15, 18),
(160, 6, 18),
(161, 6, 18),
(162, 8, 18),
(163, 2, 19),
(164, 7, 19),
(165, 8, 19),
(166, 12, 20),
(167, 10, 20),
(168, 15, 20),
(169, 8, 21),
(170, 4, 22),
(171, 4, 22),
(172, 6, 22),
(173, 11, 23),
(174, 11, 23),
(175, 15, 23),
(176, 6, 23),
(177, 4, 23),
(178, 13, 23),
(179, 14, 23),
(180, 2, 23),
(181, 10, 23),
(182, 5, 23),
(183, 10, 23),
(184, 14, 23),
(185, 13, 23),
(186, 11, 24),
(187, 10, 24),
(188, 2, 24),
(189, 11, 24),
(190, 5, 24),
(191, 6, 24),
(192, 9, 24),
(193, 3, 24),
(194, 2, 25),
(195, 15, 25),
(196, 13, 25),
(197, 10, 25),
(198, 14, 25),
(199, 12, 25),
(200, 13, 25),
(201, 10, 25),
(202, 5, 25),
(203, 4, 25),
(204, 11, 26),
(205, 10, 26),
(206, 5, 26),
(207, 9, 26),
(208, 5, 26),
(209, 11, 26),
(210, 15, 26),
(211, 4, 27),
(212, 9, 27),
(213, 2, 27),
(214, 1, 27),
(215, 13, 27),
(216, 14, 27),
(217, 7, 27),
(218, 15, 27),
(219, 13, 27),
(220, 13, 27),
(221, 5, 27),
(222, 5, 27),
(223, 9, 28),
(224, 12, 28),
(225, 1, 28),
(226, 12, 28),
(227, 8, 28),
(228, 4, 28),
(229, 3, 28),
(230, 2, 28),
(231, 8, 28),
(232, 6, 28),
(233, 14, 28),
(234, 3, 28),
(235, 11, 28),
(236, 12, 28),
(237, 10, 29),
(238, 14, 29),
(239, 13, 29),
(240, 2, 30),
(241, 12, 30),
(242, 3, 30),
(243, 15, 30),
(244, 13, 30),
(245, 13, 30),
(246, 9, 30),
(247, 6, 30),
(248, 2, 30),
(249, 10, 30),
(250, 13, 30),
(251, 14, 30),
(252, 8, 30),
(253, 13, 30),
(254, 10, 30),
(255, 9, 31),
(256, 11, 31),
(257, 2, 31),
(258, 11, 31),
(259, 10, 31),
(260, 3, 31),
(261, 12, 31),
(262, 9, 31),
(263, 3, 31),
(264, 1, 31),
(265, 1, 31),
(266, 14, 31),
(267, 8, 31),
(268, 15, 31),
(269, 6, 31),
(270, 1, 31),
(271, 4, 31),
(272, 2, 31),
(273, 12, 31),
(274, 13, 31),
(275, 4, 32),
(276, 9, 32),
(277, 3, 32),
(278, 12, 32),
(279, 9, 32),
(280, 12, 32),
(281, 8, 32),
(282, 8, 32),
(283, 9, 32),
(284, 10, 32),
(285, 1, 32),
(286, 13, 32),
(287, 10, 32),
(288, 10, 32),
(289, 1, 33),
(290, 11, 33),
(291, 14, 33),
(292, 1, 33),
(293, 13, 33),
(294, 7, 33),
(295, 6, 33),
(296, 1, 33),
(297, 13, 33),
(298, 14, 33),
(299, 14, 33),
(300, 14, 33),
(301, 7, 33),
(302, 5, 33),
(303, 11, 33),
(304, 14, 33),
(305, 9, 34),
(306, 14, 34),
(307, 15, 34),
(308, 11, 34),
(309, 11, 34),
(310, 3, 34),
(311, 8, 34),
(312, 3, 34),
(313, 3, 34),
(314, 7, 34),
(315, 12, 34),
(316, 3, 34),
(317, 9, 34),
(318, 7, 34),
(319, 1, 34),
(320, 7, 34),
(321, 7, 34),
(322, 3, 34),
(323, 3, 34),
(324, 9, 34),
(325, 9, 35),
(326, 7, 35),
(327, 3, 35),
(328, 11, 35),
(329, 12, 35),
(330, 2, 35),
(331, 14, 35),
(332, 12, 35),
(333, 1, 35),
(334, 14, 35),
(335, 3, 35),
(336, 13, 36),
(337, 3, 36),
(338, 8, 36),
(339, 8, 36),
(340, 2, 36),
(341, 6, 36),
(342, 2, 36),
(343, 13, 36),
(344, 3, 37),
(345, 5, 37),
(346, 6, 37),
(347, 14, 37),
(348, 6, 37),
(349, 3, 38),
(350, 1, 38),
(351, 4, 38),
(352, 8, 38),
(353, 4, 38),
(354, 6, 39),
(355, 1, 39),
(356, 11, 39),
(357, 13, 39),
(358, 15, 39),
(359, 13, 39),
(360, 4, 39),
(361, 5, 39),
(362, 14, 39),
(363, 14, 39),
(364, 1, 39),
(365, 10, 39),
(366, 9, 39),
(367, 9, 39),
(368, 13, 39),
(369, 5, 39),
(370, 13, 39),
(371, 12, 39),
(372, 2, 39),
(373, 3, 40),
(374, 7, 40),
(375, 10, 40),
(376, 4, 40),
(377, 9, 40),
(378, 10, 40),
(379, 5, 40),
(380, 9, 40),
(381, 4, 40),
(382, 10, 40),
(383, 1, 40),
(384, 2, 41),
(385, 11, 41),
(386, 15, 41),
(387, 14, 41),
(388, 15, 41),
(389, 8, 41),
(390, 2, 42),
(391, 13, 43),
(392, 15, 43),
(393, 10, 43),
(394, 10, 43),
(395, 5, 43),
(396, 6, 43),
(397, 4, 44),
(398, 3, 44),
(399, 13, 44),
(400, 11, 44),
(401, 9, 44),
(402, 14, 44),
(403, 4, 44),
(404, 15, 44),
(405, 2, 44),
(406, 7, 44),
(407, 13, 44),
(408, 8, 44),
(409, 13, 44),
(410, 8, 44),
(411, 6, 44),
(412, 15, 44),
(413, 11, 44),
(414, 9, 45),
(415, 7, 46),
(416, 3, 46),
(417, 2, 46),
(418, 14, 47),
(419, 8, 47),
(420, 8, 47),
(421, 9, 47),
(422, 14, 47),
(423, 9, 47),
(424, 8, 48),
(425, 9, 48),
(426, 15, 48),
(427, 7, 48),
(428, 6, 48),
(429, 11, 48),
(430, 10, 48),
(431, 15, 48),
(432, 12, 48),
(433, 8, 48),
(434, 9, 48),
(435, 10, 48),
(436, 12, 48),
(437, 5, 48),
(438, 9, 48),
(439, 14, 48),
(440, 3, 49),
(441, 15, 49),
(442, 5, 49),
(443, 4, 49),
(444, 9, 49),
(445, 9, 49),
(446, 10, 49),
(447, 14, 49),
(448, 2, 49),
(449, 11, 50),
(450, 13, 50),
(451, 9, 50),
(452, 15, 50),
(453, 10, 50),
(454, 9, 50),
(455, 7, 50),
(456, 2, 50),
(457, 13, 50),
(458, 14, 50),
(459, 4, 50),
(460, 14, 50),
(461, 3, 50),
(462, 3, 50),
(463, 4, 50),
(464, 13, 51),
(465, 9, 51),
(466, 7, 51),
(467, 2, 51),
(468, 9, 52),
(469, 3, 52),
(470, 11, 52),
(471, 4, 53),
(472, 7, 53),
(473, 7, 53),
(474, 1, 53),
(475, 10, 53),
(476, 3, 53),
(477, 5, 53),
(478, 11, 53),
(479, 6, 53),
(480, 1, 53),
(481, 12, 53),
(482, 4, 53),
(483, 14, 53),
(484, 15, 53),
(485, 13, 53),
(486, 13, 53),
(487, 15, 53),
(488, 6, 54),
(489, 12, 54),
(490, 4, 54),
(491, 2, 54),
(492, 7, 54),
(493, 15, 54),
(494, 2, 54),
(495, 15, 54),
(496, 11, 54),
(497, 6, 55),
(498, 3, 55),
(499, 2, 55),
(500, 1, 55),
(501, 8, 55),
(502, 15, 55),
(503, 4, 55),
(504, 8, 55),
(505, 8, 55),
(506, 5, 55),
(507, 9, 55),
(508, 12, 55),
(509, 12, 55),
(510, 6, 55),
(511, 11, 56),
(512, 10, 56),
(513, 15, 56),
(514, 12, 56),
(515, 9, 56),
(516, 1, 56),
(517, 10, 56),
(518, 11, 56),
(519, 1, 56),
(520, 8, 56),
(521, 13, 56),
(522, 10, 56),
(523, 4, 56),
(524, 4, 56),
(525, 11, 56),
(526, 3, 56),
(527, 1, 56),
(528, 8, 56),
(529, 10, 56),
(530, 8, 56),
(531, 3, 57),
(532, 7, 57),
(533, 1, 57),
(534, 5, 57),
(535, 4, 57),
(536, 15, 57),
(537, 6, 57),
(538, 10, 57),
(539, 9, 57),
(540, 1, 57),
(541, 1, 57),
(542, 11, 57),
(543, 1, 57),
(544, 14, 57),
(545, 13, 57),
(546, 2, 57),
(547, 15, 57),
(548, 9, 58),
(549, 15, 58),
(550, 9, 58),
(551, 11, 58),
(552, 2, 58),
(553, 5, 59),
(554, 1, 59),
(555, 14, 59),
(556, 10, 59),
(557, 2, 59),
(558, 15, 59),
(559, 3, 59),
(560, 3, 59),
(561, 15, 59),
(562, 15, 59),
(563, 6, 59),
(564, 8, 59),
(565, 12, 60),
(566, 15, 60),
(567, 15, 60),
(568, 2, 60),
(569, 2, 60),
(570, 10, 60),
(571, 3, 60),
(572, 1, 60),
(573, 6, 60),
(574, 10, 60),
(575, 6, 60),
(576, 1, 60),
(577, 1, 60),
(578, 2, 60),
(579, 15, 61),
(580, 6, 61),
(581, 4, 62),
(582, 6, 62),
(583, 13, 62),
(584, 10, 62),
(585, 13, 62),
(586, 1, 62),
(587, 6, 62),
(588, 3, 62),
(589, 8, 62),
(590, 3, 62),
(591, 12, 62),
(592, 11, 63),
(593, 11, 63),
(594, 11, 63),
(595, 7, 63),
(596, 12, 63),
(597, 9, 63),
(598, 15, 63),
(599, 7, 63),
(600, 5, 63),
(601, 9, 63),
(602, 12, 63),
(603, 3, 63),
(604, 4, 63),
(605, 13, 63),
(606, 3, 64),
(607, 6, 64),
(608, 2, 64),
(609, 7, 64),
(610, 9, 64),
(611, 15, 64),
(612, 15, 64),
(613, 10, 65),
(614, 9, 65),
(615, 12, 65),
(616, 6, 65),
(617, 10, 65),
(618, 1, 65),
(619, 2, 65),
(620, 13, 65),
(621, 7, 65),
(622, 15, 65),
(623, 1, 65),
(624, 10, 65),
(625, 5, 65),
(626, 7, 65),
(627, 13, 66),
(628, 2, 66),
(629, 6, 66),
(630, 13, 66),
(631, 5, 66),
(632, 10, 66),
(633, 9, 66),
(634, 1, 66),
(635, 3, 66),
(636, 2, 66),
(637, 8, 66),
(638, 2, 66),
(639, 10, 66),
(640, 10, 66),
(641, 14, 66),
(642, 8, 66),
(643, 13, 66),
(644, 2, 66),
(645, 6, 66),
(646, 2, 67),
(647, 14, 67),
(648, 13, 67),
(649, 2, 67),
(650, 9, 67),
(651, 11, 67),
(652, 6, 67),
(653, 4, 67),
(654, 5, 67),
(655, 15, 67),
(656, 8, 68),
(657, 4, 68),
(658, 11, 69),
(659, 6, 69),
(660, 3, 69),
(661, 10, 69),
(662, 3, 69),
(663, 15, 69),
(664, 10, 69),
(665, 6, 69),
(666, 3, 69),
(667, 15, 69),
(668, 3, 69),
(669, 7, 69),
(670, 7, 69),
(671, 5, 69),
(672, 3, 69),
(673, 8, 69),
(674, 2, 69),
(675, 11, 70),
(676, 9, 71),
(677, 5, 71),
(678, 10, 71),
(679, 9, 71),
(680, 11, 71),
(681, 13, 71),
(682, 4, 72),
(683, 12, 72),
(684, 13, 72),
(685, 8, 72),
(686, 6, 72),
(687, 10, 72),
(688, 13, 72),
(689, 3, 72),
(690, 9, 72),
(691, 7, 73),
(692, 12, 73),
(693, 9, 73),
(694, 8, 73),
(695, 14, 73),
(696, 12, 73),
(697, 14, 73),
(698, 4, 73),
(699, 3, 73),
(700, 7, 73),
(701, 13, 73),
(702, 14, 73),
(703, 5, 73),
(704, 13, 73),
(705, 3, 74),
(706, 14, 74),
(707, 11, 74),
(708, 11, 74),
(709, 12, 74),
(710, 8, 74),
(711, 7, 74),
(712, 7, 74),
(713, 10, 74),
(714, 9, 74),
(715, 2, 74),
(716, 6, 74),
(717, 14, 74),
(718, 3, 74),
(719, 9, 74),
(720, 9, 74),
(721, 5, 74),
(722, 6, 74),
(723, 2, 75),
(724, 4, 75),
(725, 5, 75),
(726, 1, 75),
(727, 9, 75),
(728, 2, 75),
(729, 8, 75),
(730, 12, 75),
(731, 3, 75),
(732, 11, 75),
(733, 8, 75),
(734, 10, 75),
(735, 2, 76),
(736, 10, 77),
(737, 4, 77),
(738, 7, 78),
(739, 11, 78),
(740, 15, 78),
(741, 15, 78),
(742, 1, 78),
(743, 13, 78),
(744, 10, 78),
(745, 7, 78),
(746, 9, 78),
(747, 11, 79),
(748, 1, 79),
(749, 4, 79),
(750, 2, 79),
(751, 12, 79),
(752, 14, 79),
(753, 1, 79),
(754, 15, 79),
(755, 10, 79),
(756, 7, 79),
(757, 8, 79),
(758, 4, 79),
(759, 11, 79),
(760, 9, 79),
(761, 14, 80),
(762, 4, 80),
(763, 11, 80),
(764, 11, 80),
(765, 12, 80),
(766, 11, 80),
(767, 3, 80),
(768, 4, 80),
(769, 2, 80),
(770, 13, 80),
(771, 1, 80),
(772, 8, 80),
(773, 5, 80),
(774, 12, 80),
(775, 9, 80),
(776, 5, 81),
(777, 4, 81),
(778, 1, 81),
(779, 6, 81),
(780, 6, 81),
(781, 11, 81),
(782, 14, 81),
(783, 15, 81),
(784, 3, 81),
(785, 7, 81),
(786, 10, 81),
(787, 13, 81),
(788, 2, 81),
(789, 12, 82),
(790, 6, 82),
(791, 7, 82),
(792, 5, 82),
(793, 13, 82),
(794, 5, 82),
(795, 3, 82),
(796, 6, 82),
(797, 14, 82),
(798, 14, 82),
(799, 11, 82),
(800, 15, 82),
(801, 14, 82),
(802, 12, 82),
(803, 7, 83),
(804, 8, 83),
(805, 14, 83),
(806, 8, 83),
(807, 2, 83),
(808, 15, 83),
(809, 4, 83),
(810, 14, 83),
(811, 11, 83),
(812, 10, 83),
(813, 11, 84),
(814, 3, 84),
(815, 9, 84),
(816, 11, 85),
(817, 11, 85),
(818, 9, 85),
(819, 13, 85),
(820, 1, 85),
(821, 4, 85),
(822, 10, 85),
(823, 8, 85),
(824, 15, 86),
(825, 11, 86),
(826, 13, 86),
(827, 1, 86),
(828, 12, 86),
(829, 10, 87),
(830, 3, 87),
(831, 3, 87),
(832, 14, 87),
(833, 11, 87),
(834, 13, 87),
(835, 12, 87),
(836, 5, 87),
(837, 1, 87),
(838, 4, 87),
(839, 10, 87),
(840, 10, 87),
(841, 10, 87),
(842, 8, 87),
(843, 15, 87),
(844, 3, 87),
(845, 1, 88),
(846, 11, 88),
(847, 6, 88),
(848, 6, 89),
(849, 2, 89),
(850, 13, 89),
(851, 10, 89),
(852, 15, 89),
(853, 9, 89),
(854, 5, 89),
(855, 5, 89),
(856, 9, 89),
(857, 3, 89),
(858, 11, 90),
(859, 3, 90),
(860, 11, 90),
(861, 4, 90),
(862, 3, 90),
(863, 4, 90),
(864, 7, 90),
(865, 15, 90),
(866, 5, 90),
(867, 3, 90),
(868, 10, 90),
(869, 13, 90),
(870, 7, 90),
(871, 8, 90),
(872, 8, 90),
(873, 6, 91),
(874, 4, 91),
(875, 9, 91),
(876, 12, 91),
(877, 15, 92),
(878, 10, 92),
(879, 15, 92),
(880, 11, 92),
(881, 11, 92),
(882, 5, 92),
(883, 6, 92),
(884, 5, 92),
(885, 13, 92),
(886, 4, 92),
(887, 6, 92),
(888, 5, 92),
(889, 14, 93),
(890, 8, 93),
(891, 15, 93),
(892, 3, 93),
(893, 13, 93),
(894, 2, 93),
(895, 7, 93),
(896, 12, 94),
(897, 13, 94),
(898, 5, 95),
(899, 1, 95),
(900, 7, 95),
(901, 8, 95),
(902, 13, 95),
(903, 1, 95),
(904, 5, 95),
(905, 15, 95),
(906, 7, 95),
(907, 4, 95),
(908, 15, 95),
(909, 2, 95),
(910, 1, 95),
(911, 4, 95),
(912, 6, 95),
(913, 10, 95),
(914, 8, 95),
(915, 1, 95),
(916, 5, 95),
(917, 14, 95),
(918, 7, 96),
(919, 5, 96),
(920, 13, 96),
(921, 8, 96),
(922, 11, 97),
(923, 12, 97),
(924, 4, 97),
(925, 12, 97),
(926, 12, 97),
(927, 9, 97),
(928, 2, 97),
(929, 8, 97),
(930, 8, 97),
(931, 9, 97),
(932, 1, 97),
(933, 6, 97),
(934, 12, 97),
(935, 5, 98),
(936, 12, 98),
(937, 7, 98),
(938, 7, 98),
(939, 12, 98),
(940, 2, 98),
(941, 9, 98),
(942, 11, 98),
(943, 1, 98),
(944, 9, 98),
(945, 12, 98),
(946, 6, 98),
(947, 8, 98),
(948, 6, 98),
(949, 13, 98),
(950, 11, 98),
(951, 13, 98),
(952, 3, 98),
(953, 2, 98),
(954, 2, 98),
(955, 11, 99),
(956, 11, 99),
(957, 8, 99),
(958, 14, 99),
(959, 14, 99),
(960, 2, 99),
(961, 3, 99),
(962, 11, 99),
(963, 2, 99),
(964, 5, 99),
(965, 8, 99),
(966, 1, 99),
(967, 3, 99),
(968, 6, 99),
(969, 15, 99),
(970, 5, 99),
(971, 1, 99),
(972, 6, 99),
(973, 12, 99),
(974, 7, 99),
(975, 4, 100),
(976, 9, 100),
(977, 11, 100),
(978, 10, 100),
(979, 15, 100),
(980, 8, 100),
(981, 8, 101),
(982, 2, 101),
(983, 10, 101),
(984, 13, 101),
(985, 5, 101),
(986, 2, 101),
(987, 3, 101),
(988, 15, 101),
(989, 13, 101),
(990, 2, 101),
(991, 14, 101),
(992, 9, 101),
(993, 7, 101),
(994, 9, 101),
(995, 9, 101),
(996, 2, 101),
(997, 7, 101),
(998, 5, 101),
(999, 14, 101),
(1000, 7, 102),
(1001, 4, 102),
(1002, 2, 102),
(1003, 12, 102),
(1004, 1, 102),
(1005, 2, 102),
(1006, 5, 102),
(1007, 12, 103),
(1008, 15, 103),
(1009, 14, 103),
(1010, 9, 103),
(1011, 11, 103),
(1012, 13, 103),
(1013, 10, 103),
(1014, 11, 103),
(1015, 12, 103),
(1016, 4, 103),
(1017, 13, 103),
(1018, 8, 103),
(1019, 10, 103),
(1020, 9, 103),
(1021, 4, 103),
(1022, 6, 104),
(1023, 12, 104),
(1024, 6, 104),
(1025, 13, 104),
(1026, 1, 104),
(1027, 7, 104),
(1028, 7, 104),
(1029, 13, 104),
(1030, 11, 104),
(1031, 2, 104),
(1032, 7, 104),
(1033, 3, 104),
(1034, 6, 104),
(1035, 6, 104),
(1036, 14, 104),
(1037, 1, 104),
(1038, 2, 104),
(1039, 2, 104),
(1040, 2, 104),
(1041, 2, 105),
(1042, 2, 105),
(1043, 12, 106),
(1044, 15, 106),
(1045, 5, 106),
(1046, 7, 106),
(1047, 14, 107),
(1048, 9, 107),
(1049, 14, 107),
(1050, 3, 107),
(1051, 10, 107),
(1052, 8, 107),
(1053, 6, 107),
(1054, 15, 107),
(1055, 1, 108),
(1056, 11, 108),
(1057, 14, 108),
(1058, 13, 108),
(1059, 11, 108),
(1060, 8, 108),
(1061, 12, 108),
(1062, 3, 109),
(1063, 13, 109),
(1064, 8, 109),
(1065, 14, 109),
(1066, 12, 109),
(1067, 5, 109),
(1068, 14, 109),
(1069, 11, 109),
(1070, 5, 109),
(1071, 14, 109),
(1072, 15, 109),
(1073, 6, 109),
(1074, 10, 110),
(1075, 15, 110),
(1076, 3, 110),
(1077, 1, 110),
(1078, 6, 110),
(1079, 15, 110),
(1080, 11, 110),
(1081, 10, 110),
(1082, 3, 110),
(1083, 13, 111),
(1084, 10, 111),
(1085, 11, 111),
(1086, 9, 111),
(1087, 5, 111),
(1088, 3, 111),
(1089, 6, 111),
(1090, 11, 111),
(1091, 14, 112),
(1092, 8, 112),
(1093, 6, 112),
(1094, 6, 112),
(1095, 11, 112),
(1096, 15, 112),
(1097, 11, 112),
(1098, 13, 112),
(1099, 11, 112),
(1100, 10, 112),
(1101, 7, 112),
(1102, 3, 113),
(1103, 2, 113),
(1104, 15, 113),
(1105, 13, 113),
(1106, 5, 113),
(1107, 9, 113),
(1108, 8, 113),
(1109, 13, 113),
(1110, 3, 114),
(1111, 1, 114),
(1112, 5, 114),
(1113, 14, 114),
(1114, 4, 114),
(1115, 7, 114),
(1116, 2, 114),
(1117, 7, 114),
(1118, 13, 114),
(1119, 13, 114),
(1120, 11, 114),
(1121, 15, 114),
(1122, 7, 114),
(1123, 1, 114),
(1124, 8, 114),
(1125, 5, 114),
(1126, 13, 114),
(1127, 7, 115),
(1128, 12, 115),
(1129, 2, 115),
(1130, 12, 115),
(1131, 6, 115),
(1132, 5, 115),
(1133, 3, 115),
(1134, 15, 115),
(1135, 3, 115),
(1136, 2, 115),
(1137, 14, 115),
(1138, 10, 115),
(1139, 10, 115),
(1140, 5, 115),
(1141, 11, 116),
(1142, 10, 116),
(1143, 4, 116),
(1144, 14, 116),
(1145, 15, 116),
(1146, 13, 116),
(1147, 4, 116),
(1148, 6, 116),
(1149, 11, 116),
(1150, 3, 116),
(1151, 10, 116),
(1152, 12, 116),
(1153, 10, 116),
(1154, 11, 116),
(1155, 7, 116),
(1156, 13, 116),
(1157, 9, 117),
(1158, 9, 117),
(1159, 10, 117),
(1160, 6, 117),
(1161, 9, 117),
(1162, 5, 117),
(1163, 1, 117),
(1164, 15, 117),
(1165, 11, 118),
(1166, 4, 118),
(1167, 2, 118),
(1168, 4, 119),
(1169, 8, 119),
(1170, 2, 119),
(1171, 14, 119),
(1172, 2, 119),
(1173, 6, 119),
(1174, 9, 119),
(1175, 2, 119),
(1176, 14, 119),
(1177, 11, 119),
(1178, 6, 119),
(1179, 1, 119),
(1180, 15, 119),
(1181, 9, 119),
(1182, 1, 119),
(1183, 1, 119),
(1184, 3, 120),
(1185, 4, 120),
(1186, 9, 120),
(1187, 2, 120),
(1188, 8, 120),
(1189, 9, 120),
(1190, 4, 120),
(1191, 6, 120),
(1192, 13, 120),
(1193, 14, 120),
(1194, 8, 120),
(1195, 5, 120),
(1196, 11, 121),
(1197, 14, 121),
(1198, 13, 122),
(1199, 15, 122),
(1200, 11, 122),
(1201, 11, 122),
(1202, 8, 122),
(1203, 3, 122),
(1204, 15, 123),
(1205, 3, 123),
(1206, 2, 123),
(1207, 7, 123),
(1208, 3, 123),
(1209, 12, 123),
(1210, 10, 123),
(1211, 14, 123),
(1212, 3, 123),
(1213, 1, 123),
(1214, 6, 123),
(1215, 15, 123),
(1216, 8, 123),
(1217, 13, 123),
(1218, 8, 123),
(1219, 3, 123),
(1220, 15, 123),
(1221, 7, 123),
(1222, 7, 123),
(1223, 5, 123),
(1224, 3, 124),
(1225, 6, 124),
(1226, 6, 124),
(1227, 13, 125),
(1228, 13, 125),
(1229, 6, 126),
(1230, 1, 126),
(1231, 7, 126),
(1232, 10, 127),
(1233, 11, 127),
(1234, 4, 127),
(1235, 1, 127),
(1236, 3, 127),
(1237, 9, 127),
(1238, 7, 127),
(1239, 9, 127),
(1240, 12, 127),
(1241, 12, 127),
(1242, 10, 127),
(1243, 15, 127),
(1244, 10, 127),
(1245, 11, 127),
(1246, 11, 127),
(1247, 13, 128),
(1248, 13, 128),
(1249, 8, 128),
(1250, 6, 128),
(1251, 4, 128),
(1252, 7, 128),
(1253, 5, 129),
(1254, 9, 129),
(1255, 14, 129),
(1256, 2, 129),
(1257, 13, 129),
(1258, 1, 129),
(1259, 9, 129),
(1260, 1, 129),
(1261, 8, 129),
(1262, 3, 129),
(1263, 15, 129),
(1264, 12, 129),
(1265, 6, 129),
(1266, 4, 129),
(1267, 15, 129),
(1268, 11, 130),
(1269, 7, 130),
(1270, 10, 130),
(1271, 7, 130),
(1272, 1, 130),
(1273, 12, 130),
(1274, 7, 130),
(1275, 13, 130),
(1276, 8, 130),
(1277, 7, 130),
(1278, 12, 130),
(1279, 11, 130),
(1280, 11, 130),
(1281, 9, 130),
(1282, 11, 130),
(1283, 8, 131),
(1284, 10, 132),
(1285, 7, 132),
(1286, 11, 132),
(1287, 9, 132),
(1288, 14, 132),
(1289, 12, 132),
(1290, 9, 132),
(1291, 12, 133),
(1292, 15, 133),
(1293, 1, 133),
(1294, 13, 133),
(1295, 1, 133),
(1296, 3, 133),
(1297, 7, 133),
(1298, 6, 133),
(1299, 8, 133),
(1300, 5, 133),
(1301, 2, 133),
(1302, 9, 133),
(1303, 15, 133),
(1304, 10, 133),
(1305, 6, 133),
(1306, 2, 133),
(1307, 5, 133),
(1308, 13, 134),
(1309, 1, 134),
(1310, 12, 134),
(1311, 10, 134),
(1312, 2, 134),
(1313, 13, 134),
(1314, 3, 134),
(1315, 13, 134),
(1316, 3, 134),
(1317, 7, 134),
(1318, 4, 134),
(1319, 3, 134),
(1320, 4, 135),
(1321, 6, 135),
(1322, 9, 135),
(1323, 3, 135),
(1324, 5, 135),
(1325, 8, 135),
(1326, 4, 135),
(1327, 6, 135),
(1328, 3, 136),
(1329, 4, 136),
(1330, 7, 136),
(1331, 15, 136),
(1332, 12, 136),
(1333, 13, 136),
(1334, 8, 136),
(1335, 13, 136),
(1336, 12, 137),
(1337, 2, 137),
(1338, 13, 137),
(1339, 2, 137),
(1340, 15, 137),
(1341, 4, 137),
(1342, 9, 137),
(1343, 6, 137),
(1344, 10, 137),
(1345, 10, 137),
(1346, 11, 137),
(1347, 7, 138),
(1348, 3, 138),
(1349, 13, 138),
(1350, 15, 138),
(1351, 11, 138),
(1352, 8, 139),
(1353, 15, 139),
(1354, 2, 139),
(1355, 1, 139),
(1356, 1, 139),
(1357, 3, 139),
(1358, 12, 139),
(1359, 1, 139),
(1360, 1, 140),
(1361, 1, 140),
(1362, 4, 140),
(1363, 13, 140),
(1364, 11, 140),
(1365, 5, 140),
(1366, 7, 140),
(1367, 10, 140),
(1368, 6, 140),
(1369, 12, 140),
(1370, 4, 140),
(1371, 4, 141),
(1372, 5, 141),
(1373, 6, 141),
(1374, 3, 141),
(1375, 10, 141),
(1376, 9, 142),
(1377, 15, 142),
(1378, 12, 142),
(1379, 5, 143),
(1380, 5, 143),
(1381, 2, 143),
(1382, 6, 143),
(1383, 6, 143),
(1384, 10, 143),
(1385, 9, 143),
(1386, 6, 143),
(1387, 12, 143),
(1388, 7, 143),
(1389, 14, 144),
(1390, 2, 144),
(1391, 9, 144),
(1392, 13, 145),
(1393, 15, 145),
(1394, 5, 145),
(1395, 8, 145),
(1396, 9, 145),
(1397, 1, 145),
(1398, 5, 145),
(1399, 13, 145),
(1400, 2, 145),
(1401, 6, 146),
(1402, 5, 146),
(1403, 6, 146),
(1404, 5, 146),
(1405, 3, 146),
(1406, 3, 146),
(1407, 14, 146),
(1408, 1, 146),
(1409, 13, 146),
(1410, 2, 146),
(1411, 12, 146),
(1412, 6, 146),
(1413, 14, 146),
(1414, 1, 147),
(1415, 13, 147),
(1416, 1, 147),
(1417, 10, 147),
(1418, 6, 147),
(1419, 2, 147),
(1420, 9, 147),
(1421, 11, 147),
(1422, 9, 147),
(1423, 4, 147),
(1424, 7, 147),
(1425, 7, 147),
(1426, 4, 147),
(1427, 10, 147),
(1428, 4, 147),
(1429, 6, 147),
(1430, 13, 147),
(1431, 6, 147),
(1432, 14, 148),
(1433, 13, 148),
(1434, 1, 148),
(1435, 12, 148),
(1436, 1, 148),
(1437, 6, 148),
(1438, 12, 148),
(1439, 4, 148),
(1440, 5, 148),
(1441, 13, 148),
(1442, 13, 148),
(1443, 12, 149),
(1444, 11, 149),
(1445, 9, 149),
(1446, 6, 149),
(1447, 10, 149),
(1448, 2, 149),
(1449, 15, 149),
(1450, 11, 149),
(1451, 9, 149),
(1452, 10, 149),
(1453, 10, 149),
(1454, 7, 149),
(1455, 12, 149),
(1456, 13, 149),
(1457, 11, 149),
(1458, 15, 149),
(1459, 1, 149),
(1460, 14, 149),
(1461, 5, 149),
(1462, 12, 150),
(1463, 14, 150),
(1464, 1, 150),
(1465, 11, 150),
(1466, 12, 150),
(1467, 3, 150),
(1468, 3, 150),
(1469, 3, 150),
(1470, 7, 150),
(1471, 6, 150),
(1472, 4, 150),
(1473, 11, 150),
(1474, 1, 151),
(1475, 3, 152),
(1476, 1, 153),
(1477, 8, 154),
(1478, 14, 154),
(1479, 10, 154),
(1480, 15, 154),
(1481, 6, 154),
(1482, 5, 154),
(1483, 13, 154),
(1484, 12, 154),
(1485, 6, 154),
(1486, 9, 154),
(1487, 11, 154),
(1488, 14, 154),
(1489, 10, 154),
(1490, 7, 155),
(1491, 4, 155),
(1492, 4, 155),
(1493, 8, 156),
(1494, 12, 156),
(1495, 14, 156),
(1496, 8, 156),
(1497, 5, 156),
(1498, 12, 156),
(1499, 7, 156),
(1500, 9, 156),
(1501, 2, 156),
(1502, 2, 156),
(1503, 13, 156),
(1504, 14, 156),
(1505, 14, 156),
(1506, 3, 156),
(1507, 10, 156),
(1508, 1, 156),
(1509, 6, 156),
(1510, 7, 157),
(1511, 7, 157),
(1512, 10, 158),
(1513, 1, 158),
(1514, 3, 158),
(1515, 9, 158),
(1516, 13, 158),
(1517, 6, 158),
(1518, 14, 158),
(1519, 12, 158),
(1520, 3, 158),
(1521, 13, 158),
(1522, 4, 158),
(1523, 6, 158),
(1524, 1, 158),
(1525, 6, 158),
(1526, 2, 158),
(1527, 9, 158),
(1528, 14, 158),
(1529, 4, 158),
(1530, 4, 158),
(1531, 4, 158),
(1532, 15, 159),
(1533, 6, 159),
(1534, 15, 159),
(1535, 6, 159),
(1536, 3, 159),
(1537, 1, 159),
(1538, 10, 159),
(1539, 7, 159),
(1540, 1, 159),
(1541, 6, 159),
(1542, 2, 159),
(1543, 6, 159),
(1544, 14, 159),
(1545, 12, 159),
(1546, 1, 159),
(1547, 15, 159),
(1548, 11, 159),
(1549, 11, 159),
(1550, 14, 159),
(1551, 9, 160),
(1552, 12, 160),
(1553, 1, 160),
(1554, 11, 160),
(1555, 9, 161),
(1556, 14, 161),
(1557, 15, 161),
(1558, 13, 162),
(1559, 1, 162),
(1560, 1, 162),
(1561, 2, 162),
(1562, 13, 162),
(1563, 9, 162),
(1564, 12, 162),
(1565, 8, 162),
(1566, 9, 162),
(1567, 8, 162),
(1568, 1, 162),
(1569, 15, 162),
(1570, 1, 162),
(1571, 9, 163),
(1572, 8, 163),
(1573, 11, 163),
(1574, 14, 163),
(1575, 13, 163),
(1576, 7, 163),
(1577, 5, 163),
(1578, 3, 163),
(1579, 6, 163),
(1580, 2, 163),
(1581, 9, 163),
(1582, 2, 164),
(1583, 10, 164),
(1584, 12, 164),
(1585, 5, 164),
(1586, 13, 164),
(1587, 7, 164),
(1588, 11, 164),
(1589, 4, 164),
(1590, 10, 164),
(1591, 12, 164),
(1592, 11, 165),
(1593, 6, 165),
(1594, 6, 165),
(1595, 7, 165),
(1596, 15, 165),
(1597, 1, 165),
(1598, 2, 165),
(1599, 15, 165),
(1600, 6, 165),
(1601, 12, 165),
(1602, 2, 165),
(1603, 10, 165),
(1604, 2, 165),
(1605, 14, 166),
(1606, 2, 166),
(1607, 11, 166),
(1608, 5, 166),
(1609, 7, 166),
(1610, 1, 166),
(1611, 12, 166),
(1612, 14, 166),
(1613, 11, 166),
(1614, 10, 166),
(1615, 15, 166),
(1616, 3, 166),
(1617, 5, 166),
(1618, 11, 167),
(1619, 10, 167),
(1620, 10, 167),
(1621, 8, 168),
(1622, 12, 168),
(1623, 15, 168),
(1624, 2, 168),
(1625, 15, 168),
(1626, 11, 168),
(1627, 9, 168),
(1628, 15, 168),
(1629, 3, 168),
(1630, 3, 169),
(1631, 12, 169),
(1632, 1, 169),
(1633, 6, 169),
(1634, 5, 169),
(1635, 3, 169),
(1636, 1, 169),
(1637, 6, 169),
(1638, 3, 169),
(1639, 3, 169),
(1640, 1, 169),
(1641, 12, 169),
(1642, 6, 169),
(1643, 5, 169),
(1644, 3, 169),
(1645, 4, 169),
(1646, 12, 170),
(1647, 5, 170),
(1648, 14, 170),
(1649, 10, 170),
(1650, 12, 170),
(1651, 9, 170),
(1652, 13, 170),
(1653, 12, 170),
(1654, 4, 170),
(1655, 14, 170),
(1656, 9, 170),
(1657, 15, 170),
(1658, 6, 170),
(1659, 7, 171),
(1660, 13, 171),
(1661, 10, 171),
(1662, 10, 171),
(1663, 12, 171),
(1664, 2, 171),
(1665, 5, 172),
(1666, 9, 172),
(1667, 1, 172),
(1668, 4, 172),
(1669, 4, 172),
(1670, 11, 172),
(1671, 13, 172),
(1672, 14, 172),
(1673, 1, 172),
(1674, 8, 173),
(1675, 4, 173),
(1676, 13, 173),
(1677, 6, 173),
(1678, 4, 173),
(1679, 2, 173),
(1680, 13, 173),
(1681, 2, 173),
(1682, 12, 174),
(1683, 12, 175),
(1684, 14, 175),
(1685, 15, 175),
(1686, 6, 175),
(1687, 11, 175),
(1688, 8, 175),
(1689, 3, 175),
(1690, 12, 175),
(1691, 12, 175),
(1692, 11, 175),
(1693, 11, 175),
(1694, 12, 176),
(1695, 3, 176),
(1696, 11, 176),
(1697, 8, 176),
(1698, 13, 176),
(1699, 12, 176),
(1700, 15, 176),
(1701, 15, 176),
(1702, 10, 176),
(1703, 3, 176),
(1704, 8, 176),
(1705, 15, 176),
(1706, 7, 176),
(1707, 1, 176),
(1708, 13, 177),
(1709, 1, 177),
(1710, 4, 177),
(1711, 11, 177),
(1712, 8, 177),
(1713, 11, 177),
(1714, 11, 177),
(1715, 9, 177),
(1716, 10, 177),
(1717, 3, 177),
(1718, 1, 177),
(1719, 15, 177),
(1720, 2, 177),
(1721, 14, 177),
(1722, 7, 177),
(1723, 4, 177),
(1724, 10, 177),
(1725, 3, 177),
(1726, 7, 177),
(1727, 15, 178),
(1728, 1, 178),
(1729, 4, 178),
(1730, 9, 178),
(1731, 6, 178),
(1732, 4, 178),
(1733, 5, 179),
(1734, 8, 179),
(1735, 8, 179),
(1736, 10, 179),
(1737, 2, 179),
(1738, 6, 179),
(1739, 4, 179),
(1740, 7, 179),
(1741, 5, 179),
(1742, 7, 179),
(1743, 3, 179),
(1744, 12, 179),
(1745, 10, 179),
(1746, 4, 179),
(1747, 15, 179),
(1748, 12, 179),
(1749, 12, 179),
(1750, 14, 179),
(1751, 11, 180),
(1752, 3, 180),
(1753, 3, 180),
(1754, 14, 180),
(1755, 3, 180),
(1756, 11, 180),
(1757, 8, 180),
(1758, 15, 180),
(1759, 6, 180),
(1760, 8, 180),
(1761, 12, 180),
(1762, 3, 180),
(1763, 4, 180),
(1764, 8, 180),
(1765, 13, 181),
(1766, 4, 181),
(1767, 15, 181),
(1768, 4, 181),
(1769, 8, 181),
(1770, 15, 181),
(1771, 15, 181),
(1772, 14, 181),
(1773, 14, 181),
(1774, 7, 181),
(1775, 8, 181),
(1776, 7, 181),
(1777, 14, 182),
(1778, 9, 183),
(1779, 14, 183),
(1780, 1, 183),
(1781, 4, 183),
(1782, 13, 183),
(1783, 14, 183),
(1784, 9, 183),
(1785, 2, 184),
(1786, 2, 184),
(1787, 6, 184),
(1788, 8, 184),
(1789, 3, 184),
(1790, 11, 184),
(1791, 13, 185),
(1792, 1, 185),
(1793, 10, 185),
(1794, 3, 185),
(1795, 11, 185),
(1796, 1, 185),
(1797, 3, 185),
(1798, 11, 185),
(1799, 12, 185),
(1800, 5, 185),
(1801, 14, 185),
(1802, 2, 185),
(1803, 5, 185),
(1804, 4, 185),
(1805, 13, 185),
(1806, 7, 185),
(1807, 3, 185),
(1808, 4, 186),
(1809, 14, 187),
(1810, 10, 187),
(1811, 3, 187),
(1812, 7, 187),
(1813, 3, 187),
(1814, 8, 187),
(1815, 13, 187),
(1816, 7, 187),
(1817, 15, 187),
(1818, 14, 187),
(1819, 5, 187),
(1820, 14, 187),
(1821, 1, 188),
(1822, 1, 188),
(1823, 6, 188),
(1824, 9, 188),
(1825, 3, 188),
(1826, 10, 188),
(1827, 2, 188),
(1828, 10, 188),
(1829, 10, 188),
(1830, 13, 188),
(1831, 3, 188),
(1832, 7, 188),
(1833, 12, 188),
(1834, 1, 188),
(1835, 5, 188),
(1836, 3, 188),
(1837, 9, 188),
(1838, 10, 188),
(1839, 7, 188),
(1840, 13, 188),
(1841, 4, 189),
(1842, 4, 189),
(1843, 14, 189),
(1844, 5, 189),
(1845, 14, 189),
(1846, 1, 189),
(1847, 6, 189),
(1848, 11, 189),
(1849, 12, 189),
(1850, 13, 189),
(1851, 1, 189),
(1852, 7, 189),
(1853, 11, 189),
(1854, 11, 189),
(1855, 11, 189),
(1856, 9, 189),
(1857, 14, 189),
(1858, 4, 189),
(1859, 3, 189),
(1860, 14, 190),
(1861, 7, 190),
(1862, 4, 190),
(1863, 9, 190),
(1864, 12, 190),
(1865, 2, 190),
(1866, 5, 190),
(1867, 3, 190),
(1868, 7, 190),
(1869, 3, 190),
(1870, 8, 190),
(1871, 8, 190),
(1872, 2, 190),
(1873, 1, 190),
(1874, 3, 190),
(1875, 7, 190),
(1876, 7, 190),
(1877, 3, 191),
(1878, 2, 191),
(1879, 14, 191),
(1880, 9, 191),
(1881, 10, 191),
(1882, 11, 191),
(1883, 11, 191),
(1884, 11, 191),
(1885, 12, 191),
(1886, 3, 191),
(1887, 10, 191),
(1888, 12, 191),
(1889, 3, 191),
(1890, 12, 191),
(1891, 14, 191),
(1892, 9, 191),
(1893, 12, 191),
(1894, 6, 191),
(1895, 7, 191),
(1896, 1, 192),
(1897, 2, 192),
(1898, 2, 192),
(1899, 15, 192),
(1900, 6, 192),
(1901, 5, 192),
(1902, 7, 192),
(1903, 9, 192),
(1904, 12, 193),
(1905, 8, 193),
(1906, 5, 193),
(1907, 6, 193),
(1908, 1, 193),
(1909, 14, 193),
(1910, 13, 193),
(1911, 9, 193),
(1912, 4, 193),
(1913, 13, 193),
(1914, 6, 193),
(1915, 10, 193),
(1916, 14, 193),
(1917, 2, 193),
(1918, 2, 193),
(1919, 8, 193),
(1920, 7, 193),
(1921, 9, 194),
(1922, 7, 194),
(1923, 4, 194),
(1924, 12, 194),
(1925, 3, 194),
(1926, 15, 194),
(1927, 3, 194),
(1928, 11, 194),
(1929, 8, 194),
(1930, 1, 194),
(1931, 1, 194),
(1932, 1, 194),
(1933, 12, 194),
(1934, 14, 194),
(1935, 3, 194),
(1936, 14, 194),
(1937, 12, 195),
(1938, 3, 195),
(1939, 8, 195),
(1940, 12, 195),
(1941, 3, 195),
(1942, 2, 195),
(1943, 10, 195),
(1944, 10, 195),
(1945, 6, 195),
(1946, 1, 195),
(1947, 3, 195),
(1948, 15, 195),
(1949, 11, 196),
(1950, 12, 196),
(1951, 12, 196),
(1952, 11, 196),
(1953, 4, 197),
(1954, 11, 197),
(1955, 15, 197),
(1956, 10, 197),
(1957, 5, 197),
(1958, 3, 197),
(1959, 1, 197),
(1960, 7, 197),
(1961, 3, 197),
(1962, 8, 197),
(1963, 15, 197),
(1964, 12, 197),
(1965, 12, 197),
(1966, 9, 197),
(1967, 15, 197),
(1968, 3, 197),
(1969, 8, 197),
(1970, 6, 197),
(1971, 7, 197),
(1972, 14, 198),
(1973, 8, 198),
(1974, 6, 198),
(1975, 13, 198),
(1976, 6, 198),
(1977, 7, 198),
(1978, 10, 198),
(1979, 10, 198),
(1980, 14, 198),
(1981, 9, 199),
(1982, 8, 199),
(1983, 12, 199),
(1984, 9, 199),
(1985, 10, 199),
(1986, 5, 199),
(1987, 2, 199),
(1988, 3, 199),
(1989, 9, 199),
(1990, 14, 199),
(1991, 10, 199),
(1992, 6, 199),
(1993, 8, 199),
(1994, 13, 199),
(1995, 9, 199),
(1996, 13, 199),
(1997, 15, 199),
(1998, 7, 200),
(1999, 11, 200),
(2000, 3, 200),
(2001, 5, 200),
(2002, 13, 200),
(2003, 11, 200),
(2004, 8, 200),
(2005, 13, 200),
(2006, 6, 201),
(2007, 10, 201),
(2008, 5, 201),
(2009, 6, 201),
(2010, 13, 201),
(2011, 8, 201),
(2012, 14, 201),
(2013, 5, 201),
(2014, 13, 201),
(2015, 3, 201),
(2016, 13, 202),
(2017, 6, 202),
(2018, 9, 202),
(2019, 3, 202),
(2020, 12, 202),
(2021, 8, 202),
(2022, 3, 202),
(2023, 5, 202),
(2024, 6, 202),
(2025, 8, 202),
(2026, 13, 202),
(2027, 9, 202),
(2028, 11, 202),
(2029, 5, 202),
(2030, 7, 202),
(2031, 13, 202),
(2032, 1, 202),
(2033, 14, 202),
(2034, 5, 202),
(2035, 1, 202),
(2036, 4, 203),
(2037, 11, 203),
(2038, 6, 203),
(2039, 7, 203),
(2040, 6, 203),
(2041, 4, 203),
(2042, 4, 203),
(2043, 1, 203),
(2044, 8, 203),
(2045, 4, 203),
(2046, 2, 203),
(2047, 7, 203),
(2048, 10, 203),
(2049, 9, 203),
(2050, 8, 203),
(2051, 2, 203),
(2052, 7, 203),
(2053, 14, 203),
(2054, 7, 204),
(2055, 1, 204),
(2056, 7, 204),
(2057, 11, 204),
(2058, 8, 204),
(2059, 11, 204),
(2060, 14, 204),
(2061, 5, 204),
(2062, 11, 204),
(2063, 13, 204),
(2064, 5, 204),
(2065, 10, 204),
(2066, 5, 204),
(2067, 7, 204),
(2068, 1, 204),
(2069, 7, 204),
(2070, 9, 204),
(2071, 11, 204),
(2072, 10, 204),
(2073, 3, 204),
(2074, 6, 205),
(2075, 9, 205),
(2076, 1, 205),
(2077, 8, 205),
(2078, 6, 205),
(2079, 11, 205),
(2080, 2, 205),
(2081, 14, 205),
(2082, 8, 205),
(2083, 13, 205),
(2084, 11, 205),
(2085, 4, 205),
(2086, 15, 205),
(2087, 12, 206),
(2088, 4, 206),
(2089, 9, 206),
(2090, 14, 206),
(2091, 8, 206),
(2092, 10, 206),
(2093, 10, 207),
(2094, 1, 207),
(2095, 1, 207),
(2096, 5, 207),
(2097, 14, 207),
(2098, 3, 207),
(2099, 14, 207),
(2100, 13, 207),
(2101, 12, 207),
(2102, 4, 207),
(2103, 10, 207),
(2104, 7, 207),
(2105, 8, 207),
(2106, 8, 207),
(2107, 9, 207),
(2108, 8, 208),
(2109, 15, 208),
(2110, 5, 208),
(2111, 13, 208),
(2112, 11, 208),
(2113, 10, 208),
(2114, 7, 208),
(2115, 2, 208),
(2116, 5, 208),
(2117, 10, 208),
(2118, 7, 208),
(2119, 7, 208),
(2120, 13, 209),
(2121, 6, 209),
(2122, 13, 209),
(2123, 13, 209),
(2124, 4, 209),
(2125, 15, 209),
(2126, 8, 209),
(2127, 9, 209),
(2128, 6, 209),
(2129, 10, 210),
(2130, 2, 210),
(2131, 15, 211),
(2132, 6, 211),
(2133, 10, 211),
(2134, 7, 211),
(2135, 15, 211),
(2136, 2, 211),
(2137, 12, 211),
(2138, 4, 211),
(2139, 15, 211),
(2140, 3, 211),
(2141, 8, 211),
(2142, 1, 211),
(2143, 10, 211),
(2144, 15, 211),
(2145, 3, 211),
(2146, 7, 211),
(2147, 11, 211),
(2148, 8, 211),
(2149, 8, 212),
(2150, 15, 212),
(2151, 5, 212),
(2152, 3, 212),
(2153, 13, 212),
(2154, 11, 212),
(2155, 1, 212),
(2156, 15, 212),
(2157, 3, 212),
(2158, 8, 212),
(2159, 7, 212),
(2160, 1, 213),
(2161, 3, 214),
(2162, 2, 214),
(2163, 13, 214),
(2164, 12, 214),
(2165, 13, 214),
(2166, 10, 214),
(2167, 9, 214),
(2168, 14, 214),
(2169, 1, 214),
(2170, 12, 214),
(2171, 14, 214),
(2172, 2, 215),
(2173, 5, 215),
(2174, 12, 216),
(2175, 1, 216),
(2176, 7, 216),
(2177, 10, 216),
(2178, 7, 217),
(2179, 14, 217),
(2180, 5, 217),
(2181, 3, 217),
(2182, 7, 217),
(2183, 7, 217),
(2184, 9, 217),
(2185, 8, 217),
(2186, 8, 217),
(2187, 6, 217),
(2188, 14, 217),
(2189, 1, 217),
(2190, 10, 218),
(2191, 5, 218),
(2192, 9, 218),
(2193, 15, 218),
(2194, 13, 218),
(2195, 9, 218),
(2196, 12, 218),
(2197, 12, 218),
(2198, 12, 219),
(2199, 9, 219),
(2200, 3, 219),
(2201, 9, 219),
(2202, 4, 219),
(2203, 6, 219),
(2204, 3, 219),
(2205, 15, 219),
(2206, 10, 219),
(2207, 10, 219),
(2208, 12, 219),
(2209, 14, 219),
(2210, 6, 219),
(2211, 4, 219),
(2212, 3, 219),
(2213, 12, 220),
(2214, 4, 220),
(2215, 14, 220),
(2216, 6, 220),
(2217, 11, 220),
(2218, 10, 220),
(2219, 15, 220),
(2220, 5, 220),
(2221, 4, 220),
(2222, 2, 220),
(2223, 8, 220),
(2224, 11, 220),
(2225, 2, 220),
(2226, 14, 220),
(2227, 8, 220),
(2228, 3, 220),
(2229, 9, 220),
(2230, 1, 221),
(2231, 1, 221),
(2232, 11, 221),
(2233, 2, 221),
(2234, 1, 221),
(2235, 11, 221),
(2236, 6, 221),
(2237, 15, 221),
(2238, 14, 222),
(2239, 2, 222),
(2240, 13, 222),
(2241, 15, 222),
(2242, 13, 222),
(2243, 2, 222),
(2244, 3, 222),
(2245, 11, 222),
(2246, 7, 222),
(2247, 7, 222),
(2248, 13, 222),
(2249, 12, 222),
(2250, 9, 222),
(2251, 13, 222),
(2252, 7, 222),
(2253, 12, 222),
(2254, 7, 222),
(2255, 3, 222),
(2256, 11, 222),
(2257, 5, 222),
(2258, 4, 223),
(2259, 9, 223),
(2260, 1, 223),
(2261, 13, 223),
(2262, 14, 223),
(2263, 11, 223),
(2264, 14, 223),
(2265, 7, 223),
(2266, 1, 224),
(2267, 7, 224),
(2268, 9, 224),
(2269, 4, 224),
(2270, 4, 224),
(2271, 6, 225),
(2272, 1, 225),
(2273, 13, 225),
(2274, 14, 225),
(2275, 10, 225),
(2276, 13, 225),
(2277, 2, 225),
(2278, 11, 225),
(2279, 14, 225),
(2280, 6, 225),
(2281, 4, 225),
(2282, 15, 225),
(2283, 12, 225),
(2284, 6, 225),
(2285, 6, 225),
(2286, 13, 225),
(2287, 8, 226),
(2288, 12, 226),
(2289, 6, 226),
(2290, 13, 226),
(2291, 1, 226),
(2292, 11, 226),
(2293, 5, 226),
(2294, 10, 226),
(2295, 5, 226),
(2296, 1, 226),
(2297, 11, 226),
(2298, 1, 226),
(2299, 8, 227),
(2300, 7, 227),
(2301, 11, 227),
(2302, 4, 227),
(2303, 5, 227),
(2304, 9, 227),
(2305, 14, 227),
(2306, 6, 227),
(2307, 6, 227),
(2308, 12, 227),
(2309, 7, 227),
(2310, 15, 227),
(2311, 10, 227),
(2312, 13, 227),
(2313, 2, 227),
(2314, 4, 227),
(2315, 13, 227),
(2316, 12, 228),
(2317, 15, 228),
(2318, 14, 228),
(2319, 5, 228),
(2320, 9, 229),
(2321, 2, 229),
(2322, 15, 229),
(2323, 8, 229),
(2324, 5, 229),
(2325, 12, 230),
(2326, 1, 230),
(2327, 10, 230),
(2328, 12, 230),
(2329, 9, 230),
(2330, 12, 230),
(2331, 1, 230),
(2332, 3, 230),
(2333, 10, 230),
(2334, 6, 230),
(2335, 6, 230),
(2336, 13, 230),
(2337, 2, 230),
(2338, 9, 230),
(2339, 13, 230),
(2340, 12, 230),
(2341, 3, 231),
(2342, 2, 231),
(2343, 8, 231),
(2344, 10, 231),
(2345, 7, 231),
(2346, 11, 232),
(2347, 3, 232),
(2348, 10, 232),
(2349, 12, 232),
(2350, 15, 232),
(2351, 7, 232),
(2352, 6, 232),
(2353, 11, 232),
(2354, 4, 232),
(2355, 9, 232),
(2356, 4, 232),
(2357, 12, 232),
(2358, 15, 232),
(2359, 4, 233),
(2360, 14, 233),
(2361, 4, 233),
(2362, 1, 233),
(2363, 14, 233),
(2364, 13, 233),
(2365, 13, 233),
(2366, 7, 233),
(2367, 5, 234),
(2368, 12, 234),
(2369, 1, 234),
(2370, 11, 234),
(2371, 8, 234),
(2372, 15, 234),
(2373, 8, 235),
(2374, 6, 235),
(2375, 14, 235),
(2376, 1, 235),
(2377, 9, 236),
(2378, 5, 236),
(2379, 7, 236),
(2380, 4, 236),
(2381, 15, 236),
(2382, 13, 236),
(2383, 8, 236),
(2384, 4, 236),
(2385, 7, 236),
(2386, 6, 236),
(2387, 6, 236),
(2388, 6, 236),
(2389, 11, 237),
(2390, 15, 237),
(2391, 7, 237),
(2392, 8, 237),
(2393, 12, 237),
(2394, 11, 238),
(2395, 8, 238),
(2396, 7, 238),
(2397, 12, 238),
(2398, 13, 238),
(2399, 6, 238),
(2400, 6, 239),
(2401, 10, 239),
(2402, 4, 239),
(2403, 6, 239),
(2404, 15, 239),
(2405, 5, 239),
(2406, 6, 239),
(2407, 4, 239),
(2408, 8, 239),
(2409, 3, 239),
(2410, 7, 239),
(2411, 4, 239),
(2412, 3, 239),
(2413, 10, 239),
(2414, 9, 240),
(2415, 6, 240),
(2416, 2, 240),
(2417, 11, 240),
(2418, 6, 241),
(2419, 2, 241),
(2420, 12, 241),
(2421, 9, 241),
(2422, 9, 241),
(2423, 14, 241),
(2424, 15, 241),
(2425, 6, 241),
(2426, 12, 241),
(2427, 14, 241),
(2428, 5, 241),
(2429, 8, 241),
(2430, 4, 241),
(2431, 1, 241),
(2432, 2, 241),
(2433, 11, 241),
(2434, 1, 241),
(2435, 5, 241),
(2436, 15, 241),
(2437, 8, 242),
(2438, 4, 242),
(2439, 11, 243),
(2440, 2, 243),
(2441, 1, 243),
(2442, 8, 243),
(2443, 5, 243),
(2444, 13, 243),
(2445, 5, 244),
(2446, 8, 244),
(2447, 11, 244),
(2448, 4, 244),
(2449, 10, 244),
(2450, 15, 244),
(2451, 8, 244),
(2452, 10, 244),
(2453, 11, 244),
(2454, 11, 244),
(2455, 2, 244),
(2456, 1, 244),
(2457, 8, 244),
(2458, 7, 244),
(2459, 15, 244),
(2460, 5, 244),
(2461, 1, 244),
(2462, 15, 245),
(2463, 9, 245),
(2464, 2, 245),
(2465, 9, 245),
(2466, 10, 245),
(2467, 12, 245),
(2468, 9, 245),
(2469, 12, 245),
(2470, 1, 245),
(2471, 9, 245),
(2472, 5, 245),
(2473, 3, 245),
(2474, 6, 245),
(2475, 2, 245),
(2476, 1, 245),
(2477, 2, 245),
(2478, 12, 245),
(2479, 8, 245),
(2480, 14, 245),
(2481, 6, 245),
(2482, 1, 246),
(2483, 13, 246),
(2484, 2, 246),
(2485, 2, 246),
(2486, 9, 246),
(2487, 7, 246),
(2488, 9, 246),
(2489, 10, 246),
(2490, 14, 246),
(2491, 5, 246),
(2492, 3, 246),
(2493, 3, 246),
(2494, 13, 247),
(2495, 12, 247),
(2496, 5, 247),
(2497, 3, 247),
(2498, 12, 248),
(2499, 3, 248),
(2500, 7, 248),
(2501, 11, 248),
(2502, 6, 248),
(2503, 3, 248),
(2504, 11, 248),
(2505, 15, 248),
(2506, 12, 248),
(2507, 6, 248),
(2508, 8, 248),
(2509, 2, 248),
(2510, 7, 248),
(2511, 2, 248),
(2512, 3, 249),
(2513, 6, 249),
(2514, 7, 249),
(2515, 7, 249),
(2516, 8, 249),
(2517, 11, 249),
(2518, 13, 250),
(2519, 8, 250),
(2520, 12, 250),
(2521, 3, 250),
(2522, 9, 250),
(2523, 5, 250),
(2524, 1, 250),
(2525, 8, 250),
(2526, 13, 251),
(2527, 4, 251),
(2528, 9, 251),
(2529, 12, 251),
(2530, 6, 251),
(2531, 2, 251),
(2532, 14, 251),
(2533, 9, 251),
(2534, 5, 251),
(2535, 14, 251),
(2536, 8, 251),
(2537, 4, 251),
(2538, 7, 251),
(2539, 3, 251),
(2540, 2, 251),
(2541, 13, 251),
(2542, 9, 251),
(2543, 1, 251),
(2544, 9, 251),
(2545, 9, 252),
(2546, 1, 253),
(2547, 1, 253),
(2548, 12, 253),
(2549, 9, 253),
(2550, 13, 253),
(2551, 7, 253),
(2552, 8, 253),
(2553, 13, 253),
(2554, 10, 253),
(2555, 9, 253),
(2556, 11, 253),
(2557, 14, 253),
(2558, 2, 253),
(2559, 6, 254),
(2560, 9, 254),
(2561, 3, 254),
(2562, 5, 254),
(2563, 3, 254),
(2564, 14, 254),
(2565, 6, 254),
(2566, 5, 255),
(2567, 4, 255),
(2568, 3, 255),
(2569, 5, 255),
(2570, 5, 255),
(2571, 5, 255),
(2572, 2, 255),
(2573, 10, 255),
(2574, 2, 255),
(2575, 13, 255),
(2576, 10, 255),
(2577, 1, 255),
(2578, 10, 255),
(2579, 14, 255),
(2580, 9, 255);

-- --------------------------------------------------------

--
-- Структура таблицы `staffs`
--

CREATE TABLE `staffs` (
  `id` int(11) NOT NULL,
  `first_name` varchar(40) NOT NULL,
  `last_name` varchar(40) NOT NULL,
  `position` varchar(40) NOT NULL,
  `type` varchar(40) NOT NULL,
  `phone` varchar(40) NOT NULL
) ENGINE=InnoDB DEFAULT CHARSET=utf8;

--
-- Дамп данных таблицы `staffs`
--

INSERT INTO `staffs` (`id`, `first_name`, `last_name`, `position`, `type`, `phone`) VALUES
(1, 'Mohammad', 'Williamson', 'старший обслуживающий персонал', 'staff_house', '86683739059'),
(2, 'Megan', 'Gray-Jones', 'младший обслуживающий персонал', 'staff_house', '+7 (790) 959-26-97'),
(3, 'Dr.', 'Anderson', 'администратор', 'staff_booking', '8 389 724 1358'),
(4, 'Reece', 'Reynolds-Curtis', 'обслуживающий персонал', 'staff_house', '+7 (731) 836-40-81'),
(5, 'Wendy', 'Cook', 'обслуживающий персонал', 'staff_house', '88385362571'),
(6, 'Mr.', 'Walsh', 'старший обслуживающий персонал', 'staff_house', '+7 958 670 91 48'),
(7, 'Dylan', 'Jackson', 'старший обслуживающий персонал', 'staff_house', '88503395672'),
(8, 'Linda', 'Brown', 'менеджер', 'staff_booking', '8 (614) 572-76-59'),
(9, 'Dennis', 'Smith', 'администратор', 'staff_booking', '+7 157 282 01 42'),
(10, 'Georgina', 'Clark', 'менеджер', 'staff_booking', '+7 (362) 269-28-04'),
(11, 'Jean', 'Hall', 'младший обслуживающий персонал', 'staff_house', '8 150 949 1266'),
(12, 'Rosemary', 'Bradley', 'администратор', 'staff_booking', '8 487 628 78 11'),
(13, 'Mrs.', 'Owen', 'администратор', 'staff_booking', '+75329271971'),
(14, 'Marcus', 'Whitehouse-Payne', 'младший обслуживающий персонал', 'staff_house', '+7 (480) 582-6068'),
(15, 'Mr.', 'Hooper', 'менеджер', 'staff_booking', '+7 365 020 08 84'),
(16, 'Josh', 'Roberts', 'администратор', 'staff_booking', '8 496 859 45 13'),
(17, 'Graeme', 'Jackson', 'младший обслуживающий персонал', 'staff_house', '+7 (851) 427-82-12'),
(18, 'Danny', 'Williams', 'менеджер', 'staff_booking', '+7 547 683 59 24'),
(19, 'Suzanne', 'Phillips', 'администратор', 'staff_booking', '8 738 507 67 94'),
(20, 'Lynda', 'Brown', 'администратор', 'staff_booking', '+7 (316) 583-87-88'),
(21, 'Dr.', 'Lloyd', 'администратор', 'staff_booking', '+7 570 850 83 65'),
(22, 'Shane', 'Johnson', 'старший обслуживающий персонал', 'staff_house', '8 (980) 674-80-92'),
(23, 'Rhys', 'Richardson', 'старший обслуживающий персонал', 'staff_house', '+7 (806) 539-8403'),
(24, 'Annette', 'Ashton', 'обслуживающий персонал', 'staff_house', '84245938615'),
(25, 'Bradley', 'Bond', 'младший обслуживающий персонал', 'staff_house', '8 (919) 609-1225'),
(26, 'Conor', 'Roberts', 'администратор', 'staff_booking', '8 (501) 549-2648'),
(27, 'Sian', 'Edwards', 'старший обслуживающий персонал', 'staff_house', '8 742 689 1407'),
(28, 'Gerald', 'Davies', 'менеджер', 'staff_booking', '8 (662) 703-2225'),
(29, 'Elliott', 'Garner', 'менеджер', 'staff_booking', '+7 (684) 364-4093'),
(30, 'Mrs.', 'Jones', 'старший обслуживающий персонал', 'staff_house', '8 (742) 899-95-71');

-- --------------------------------------------------------

--
-- Структура таблицы `staffs_houses`
--

CREATE TABLE `staffs_houses` (
  `house_id` int(11) NOT NULL,
  `staff_id` int(11) NOT NULL
) ENGINE=InnoDB DEFAULT CHARSET=utf8;

--
-- Дамп данных таблицы `staffs_houses`
--

INSERT INTO `staffs_houses` (`house_id`, `staff_id`) VALUES
(7, 1),
(18, 1),
(28, 1),
(39, 1),
(54, 1),
(68, 1),
(80, 1),
(91, 1),
(104, 1),
(120, 1),
(130, 1),
(143, 1),
(153, 1),
(165, 1),
(178, 1),
(188, 1),
(198, 1),
(7, 2),
(18, 2),
(28, 2),
(39, 2),
(54, 2),
(68, 2),
(81, 2),
(92, 2),
(104, 2),
(121, 2),
(130, 2),
(143, 2),
(154, 2),
(166, 2),
(179, 2),
(188, 2),
(198, 2),
(7, 3),
(19, 3),
(29, 3),
(40, 3),
(55, 3),
(68, 3),
(81, 3),
(93, 3),
(105, 3),
(121, 3),
(131, 3),
(143, 3),
(155, 3),
(167, 3),
(179, 3),
(189, 3),
(199, 3),
(7, 4),
(20, 4),
(29, 4),
(40, 4),
(56, 4),
(68, 4),
(81, 4),
(93, 4),
(105, 4),
(121, 4),
(132, 4),
(144, 4),
(156, 4),
(168, 4),
(179, 4),
(189, 4),
(200, 4),
(8, 5),
(20, 5),
(29, 5),
(40, 5),
(56, 5),
(69, 5),
(81, 5),
(94, 5),
(106, 5),
(122, 5),
(132, 5),
(144, 5),
(156, 5),
(168, 5),
(179, 5),
(189, 5),
(200, 5),
(8, 6),
(21, 6),
(30, 6),
(40, 6),
(56, 6),
(70, 6),
(82, 6),
(94, 6),
(106, 6),
(123, 6),
(132, 6),
(144, 6),
(156, 6),
(168, 6),
(180, 6),
(189, 6),
(200, 6),
(8, 7),
(21, 7),
(30, 7),
(41, 7),
(57, 7),
(70, 7),
(82, 7),
(94, 7),
(107, 7),
(123, 7),
(133, 7),
(145, 7),
(157, 7),
(169, 7),
(180, 7),
(190, 7),
(200, 7),
(9, 8),
(21, 8),
(30, 8),
(42, 8),
(57, 8),
(70, 8),
(82, 8),
(95, 8),
(108, 8),
(123, 8),
(133, 8),
(145, 8),
(158, 8),
(170, 8),
(180, 8),
(190, 8),
(10, 9),
(22, 9),
(31, 9),
(43, 9),
(57, 9),
(70, 9),
(82, 9),
(96, 9),
(109, 9),
(123, 9),
(134, 9),
(145, 9),
(158, 9),
(170, 9),
(181, 9),
(190, 9),
(10, 10),
(22, 10),
(31, 10),
(44, 10),
(58, 10),
(71, 10),
(83, 10),
(96, 10),
(109, 10),
(124, 10),
(134, 10),
(146, 10),
(159, 10),
(170, 10),
(181, 10),
(191, 10),
(10, 11),
(22, 11),
(32, 11),
(44, 11),
(58, 11),
(72, 11),
(83, 11),
(97, 11),
(109, 11),
(124, 11),
(135, 11),
(146, 11),
(159, 11),
(171, 11),
(181, 11),
(191, 11),
(11, 12),
(23, 12),
(33, 12),
(44, 12),
(59, 12),
(72, 12),
(84, 12),
(97, 12),
(110, 12),
(124, 12),
(135, 12),
(146, 12),
(159, 12),
(171, 12),
(181, 12),
(191, 12),
(11, 13),
(23, 13),
(34, 13),
(45, 13),
(59, 13),
(72, 13),
(84, 13),
(97, 13),
(111, 13),
(125, 13),
(135, 13),
(146, 13),
(159, 13),
(172, 13),
(182, 13),
(192, 13),
(12, 14),
(23, 14),
(34, 14),
(46, 14),
(59, 14),
(73, 14),
(84, 14),
(97, 14),
(111, 14),
(125, 14),
(135, 14),
(147, 14),
(160, 14),
(172, 14),
(182, 14),
(193, 14),
(12, 15),
(23, 15),
(34, 15),
(47, 15),
(60, 15),
(73, 15),
(84, 15),
(98, 15),
(112, 15),
(125, 15),
(136, 15),
(147, 15),
(161, 15),
(172, 15),
(183, 15),
(193, 15),
(12, 16),
(24, 16),
(34, 16),
(47, 16),
(60, 16),
(74, 16),
(85, 16),
(98, 16),
(112, 16),
(125, 16),
(137, 16),
(148, 16),
(161, 16),
(173, 16),
(183, 16),
(193, 16),
(1, 17),
(13, 17),
(24, 17),
(35, 17),
(47, 17),
(60, 17),
(74, 17),
(86, 17),
(99, 17),
(112, 17),
(126, 17),
(138, 17),
(149, 17),
(161, 17),
(173, 17),
(183, 17),
(193, 17),
(2, 18),
(13, 18),
(24, 18),
(36, 18),
(48, 18),
(61, 18),
(75, 18),
(86, 18),
(99, 18),
(113, 18),
(126, 18),
(138, 18),
(149, 18),
(161, 18),
(174, 18),
(183, 18),
(194, 18),
(2, 19),
(14, 19),
(25, 19),
(36, 19),
(49, 19),
(61, 19),
(75, 19),
(86, 19),
(99, 19),
(114, 19),
(126, 19),
(138, 19),
(150, 19),
(162, 19),
(174, 19),
(184, 19),
(194, 19),
(2, 20),
(14, 20),
(25, 20),
(36, 20),
(49, 20),
(61, 20),
(75, 20),
(86, 20),
(99, 20),
(114, 20),
(127, 20),
(139, 20),
(150, 20),
(162, 20),
(174, 20),
(184, 20),
(194, 20),
(2, 21),
(15, 21),
(26, 21),
(37, 21),
(50, 21),
(62, 21),
(75, 21),
(87, 21),
(100, 21),
(115, 21),
(127, 21),
(139, 21),
(150, 21),
(162, 21),
(174, 21),
(184, 21),
(195, 21),
(3, 22),
(15, 22),
(26, 22),
(37, 22),
(51, 22),
(62, 22),
(76, 22),
(87, 22),
(100, 22),
(116, 22),
(127, 22),
(139, 22),
(150, 22),
(163, 22),
(175, 22),
(185, 22),
(196, 22),
(4, 23),
(16, 23),
(26, 23),
(37, 23),
(51, 23),
(63, 23),
(77, 23),
(88, 23),
(100, 23),
(116, 23),
(128, 23),
(139, 23),
(151, 23),
(163, 23),
(176, 23),
(185, 23),
(196, 23),
(5, 24),
(16, 24),
(26, 24),
(37, 24),
(51, 24),
(64, 24),
(78, 24),
(88, 24),
(100, 24),
(116, 24),
(128, 24),
(140, 24),
(151, 24),
(163, 24),
(176, 24),
(185, 24),
(196, 24),
(5, 25),
(16, 25),
(27, 25),
(38, 25),
(52, 25),
(65, 25),
(78, 25),
(88, 25),
(101, 25),
(116, 25),
(128, 25),
(140, 25),
(151, 25),
(163, 25),
(177, 25),
(186, 25),
(197, 25),
(5, 26),
(17, 26),
(27, 26),
(38, 26),
(52, 26),
(65, 26),
(78, 26),
(89, 26),
(102, 26),
(117, 26),
(129, 26),
(141, 26),
(151, 26),
(164, 26),
(177, 26),
(186, 26),
(197, 26),
(5, 27),
(17, 27),
(27, 27),
(38, 27),
(52, 27),
(65, 27),
(78, 27),
(90, 27),
(102, 27),
(117, 27),
(129, 27),
(141, 27),
(152, 27),
(164, 27),
(177, 27),
(187, 27),
(197, 27),
(6, 28),
(17, 28),
(27, 28),
(38, 28),
(53, 28),
(66, 28),
(79, 28),
(91, 28),
(103, 28),
(118, 28),
(129, 28),
(141, 28),
(152, 28),
(164, 28),
(178, 28),
(187, 28),
(197, 28),
(6, 29),
(17, 29),
(28, 29),
(39, 29),
(53, 29),
(67, 29),
(79, 29),
(91, 29),
(103, 29),
(119, 29),
(130, 29),
(141, 29),
(152, 29),
(165, 29),
(178, 29),
(187, 29),
(198, 29),
(6, 30),
(18, 30),
(28, 30),
(39, 30),
(54, 30),
(67, 30),
(79, 30),
(91, 30),
(104, 30),
(119, 30),
(130, 30),
(142, 30),
(153, 30),
(165, 30),
(178, 30),
(187, 30),
(198, 30);

--
-- Индексы сохранённых таблиц
--

--
-- Индексы таблицы `bookings`
--
ALTER TABLE `bookings`
  ADD PRIMARY KEY (`id`),
  ADD KEY `booking_client_fk` (`client_id`),
  ADD KEY `booking_staff_fk` (`staff_id`);

--
-- Индексы таблицы `clients`
--
ALTER TABLE `clients`
  ADD PRIMARY KEY (`id`);

--
-- Индексы таблицы `houses`
--
ALTER TABLE `houses`
  ADD PRIMARY KEY (`id`),
  ADD KEY `house_booking_fk` (`booking_id`);

--
-- Индексы таблицы `orders`
--
ALTER TABLE `orders`
  ADD PRIMARY KEY (`id`),
  ADD KEY `order_client_fk` (`client_id`);

--
-- Индексы таблицы `products`
--
ALTER TABLE `products`
  ADD PRIMARY KEY (`id`);

--
-- Индексы таблицы `products_count`
--
ALTER TABLE `products_count`
  ADD PRIMARY KEY (`product_id`,`order_id`),
  ADD KEY `product_count_order_fk` (`order_id`);

--
-- Индексы таблицы `staffs`
--
ALTER TABLE `staffs`
  ADD PRIMARY KEY (`id`);

--
-- Индексы таблицы `staffs_houses`
--
ALTER TABLE `staffs_houses`
  ADD PRIMARY KEY (`house_id`,`staff_id`),
  ADD KEY `staff_house_staff_fk` (`staff_id`);

--
-- Ограничения внешнего ключа сохраненных таблиц
--

--
-- Ограничения внешнего ключа таблицы `bookings`
--
ALTER TABLE `bookings`
  ADD CONSTRAINT `booking_client_fk` FOREIGN KEY (`client_id`) REFERENCES `clients` (`id`),
  ADD CONSTRAINT `booking_staff_fk` FOREIGN KEY (`staff_id`) REFERENCES `staffs` (`id`);

--
-- Ограничения внешнего ключа таблицы `houses`
--
ALTER TABLE `houses`
  ADD CONSTRAINT `house_booking_fk` FOREIGN KEY (`booking_id`) REFERENCES `bookings` (`id`);

--
-- Ограничения внешнего ключа таблицы `orders`
--
ALTER TABLE `orders`
  ADD CONSTRAINT `order_client_fk` FOREIGN KEY (`client_id`) REFERENCES `clients` (`id`);

--
-- Ограничения внешнего ключа таблицы `products_count`
--
ALTER TABLE `products_count`
  ADD CONSTRAINT `product_count_order_fk` FOREIGN KEY (`order_id`) REFERENCES `orders` (`id`),
  ADD CONSTRAINT `product_count_product_fk` FOREIGN KEY (`product_id`) REFERENCES `products` (`id`);

--
-- Ограничения внешнего ключа таблицы `staffs_houses`
--
ALTER TABLE `staffs_houses`
  ADD CONSTRAINT `staff_house_house_fk` FOREIGN KEY (`house_id`) REFERENCES `houses` (`id`),
  ADD CONSTRAINT `staff_house_staff_fk` FOREIGN KEY (`staff_id`) REFERENCES `staffs` (`id`);
COMMIT;

/*!40101 SET CHARACTER_SET_CLIENT=@OLD_CHARACTER_SET_CLIENT */;
/*!40101 SET CHARACTER_SET_RESULTS=@OLD_CHARACTER_SET_RESULTS */;
/*!40101 SET COLLATION_CONNECTION=@OLD_COLLATION_CONNECTION */;
